{
    "faces": [3,29,30,28,27,0,3,21,22,20,19,0,3,41,42,40,39,0,3,37,38,36,35,0,3,5,6,4,3,0,3,39,40,38,37,0,3,11,12,10,9,0,3,67,68,66,65,0,3,57,58,56,55,0,3,65,66,64,63,0,3,9,10,8,7,0,3,59,60,58,57,0,3,47,48,46,45,0,3,23,24,22,21,0,3,49,50,48,47,0,3,45,46,44,43,0,3,1,73,72,71,0,3,7,8,6,5,0,3,33,34,32,31,0,3,55,56,54,53,0,3,43,44,42,41,0,3,13,14,12,11,0,3,61,62,60,59,0,3,35,36,34,33,0,3,31,32,30,29,0,3,69,70,68,67,0,3,25,26,24,23,0,3,51,52,50,49,0,3,19,20,18,17,0,3,2,0,73,1,0,2,18,14,16,0,2,10,12,14,0,2,6,8,10,0,2,0,4,6,0,2,72,73,0,0,2,68,70,72,0,2,64,66,68,0,2,60,62,64,0,2,56,58,60,0,2,52,54,56,0,2,48,50,52,0,2,44,46,48,0,2,40,42,44,0,2,36,38,40,0,2,32,34,36,0,2,28,30,32,0,2,24,26,28,0,2,20,22,24,0,2,18,20,14,0,2,6,10,14,0,2,72,0,6,0,2,64,68,72,0,2,56,60,64,0,2,48,52,56,0,2,40,44,48,0,2,32,36,40,0,2,24,28,32,0,2,20,24,14,0,2,72,6,14,0,2,56,64,72,0,2,40,48,56,0,2,24,32,40,0,2,24,72,14,0,2,40,56,72,0,2,24,40,72,0,3,17,18,16,15,0,3,53,54,52,51,0,2,29,33,31,0,2,37,35,33,0,2,41,39,37,0,2,45,43,41,0,2,49,47,45,0,2,53,51,49,0,2,57,55,53,0,2,61,59,57,0,2,65,63,61,0,2,69,67,65,0,2,1,71,69,0,2,3,2,1,0,2,7,5,3,0,2,11,9,7,0,2,15,13,11,0,2,19,17,15,0,2,23,21,19,0,2,27,25,23,0,2,29,27,33,0,2,41,37,33,0,2,49,45,41,0,2,57,53,49,0,2,65,61,57,0,2,1,69,65,0,2,7,3,1,0,2,15,11,7,0,2,23,19,15,0,2,27,23,33,0,2,49,41,33,0,2,65,57,49,0,2,7,1,65,0,2,23,15,7,0,2,23,49,33,0,2,7,65,49,0,2,23,7,49,0,3,27,28,26,25,0,3,0,2,3,4,0,3,63,64,62,61,0,3,71,72,70,69,0,3,15,16,14,13,0],
    "name": "ROB-12259Geometry",
    "materials": [{
        "DbgColor": 15658734,
        "depthWrite": true,
        "specularCoef": 100,
        "colorEmissive": [0.0,0.0,0.0],
        "wireframe": false,
        "opacity": 0.0,
        "depthTest": true,
        "DbgName": "Material",
        "blending": "NormalBlending",
        "colorDiffuse": [0.800000011920929,0.800000011920929,0.800000011920929],
        "shading": "phong",
        "transparent": false,
        "colorSpecular": [0.45098042488098145,0.45098042488098145,0.45098042488098145],
        "colorAmbient": [0.800000011920929,0.800000011920929,0.800000011920929],
        "visible": true,
        "DbgIndex": 0
    }],
    "metadata": {
        "generator": "io_three",
        "faces": 107,
        "materials": 1,
        "type": "Geometry",
        "uvs": 0,
        "version": 3,
        "vertices": 74
    },
    "uvs": [],
    "vertices": [0.2692587375640869,12.699999809265137,3.163560628890991,-0.269258975982666,-12.699999809265137,3.1635634899139404,0.2692587375640869,-12.699999809265137,3.1635634899139404,0.8000302314758301,-12.699999809265137,3.0725533962249756,0.8000302314758301,12.699999809265137,3.0725505352020264,1.307785987854004,-12.699999809265137,2.8931519985198975,1.307785987854004,12.699999809265137,2.8931491374969482,1.7779192924499512,-12.699999809265137,2.6305196285247803,1.7779192924499512,12.699999809265137,2.630516767501831,2.1969056129455566,-12.699999809265137,2.2922122478485107,2.1969056129455566,12.699999809265137,2.2922093868255615,2.5526905059814453,-12.699999809265137,1.887961745262146,2.5526905059814453,12.699999809265137,1.8879586458206177,2.8350396156311035,-12.699999809265137,1.4293984174728394,2.8350396156311035,12.699999809265137,1.429395318031311,3.0358290672302246,-12.699999809265137,0.9297135472297668,3.0358290672302246,12.699999809265137,0.9297105669975281,3.1492834091186523,-12.699999809265137,0.4032829701900482,3.1492834091186523,12.699999809265137,0.4032799303531647,3.1721391677856445,-12.699999809265137,-0.13474932312965393,3.1721391677856445,12.699999809265137,-0.13475236296653748,3.1037378311157227,-12.699999809265137,-0.6689051985740662,3.1037378311157227,12.699999809265137,-0.6689081788063049,2.946047782897949,-12.699999809265137,-1.183817744255066,2.946047782897949,12.699999809265137,-1.1838208436965942,2.7036046981811523,-12.699999809265137,-1.6646740436553955,2.7036046981811523,12.699999809265137,-1.6646771430969238,2.3833842277526855,-12.699999809265137,-2.0976409912109375,2.3833842277526855,12.699999809265137,-2.0976438522338867,1.994598388671875,-12.699999809265137,-2.470262050628662,1.994598388671875,12.699999809265137,-2.4702649116516113,1.548431396484375,-12.699999809265137,-2.771818161010742,1.548431396484375,12.699999809265137,-2.7718210220336914,1.057718276977539,-12.699999809265137,-2.9936344623565674,1.057718276977539,12.699999809265137,-2.9936373233795166,0.5365772247314453,-12.699999809265137,-3.129328966140747,0.5365772247314453,12.699999809265137,-3.1293318271636963,-2.384185791015625e-07,-12.699999809265137,-3.1749985218048096,-2.384185791015625e-07,12.699999809265137,-3.175001382827759,-0.5365777015686035,-12.699999809265137,-3.129328966140747,-0.5365777015686035,12.699999809265137,-3.1293318271636963,-1.0577189922332764,-12.699999809265137,-2.9936344623565674,-1.0577189922332764,12.699999809265137,-2.9936373233795166,-1.548431634902954,-12.699999809265137,-2.771818161010742,-1.548431634902954,12.699999809265137,-2.7718210220336914,-1.994598627090454,-12.699999809265137,-2.470262050628662,-1.994598627090454,12.699999809265137,-2.4702649116516113,-2.3833847045898438,-12.699999809265137,-2.0976409912109375,-2.3833847045898438,12.699999809265137,-2.0976438522338867,-2.7036051750183105,-12.699999809265137,-1.6646740436553955,-2.7036051750183105,12.699999809265137,-1.6646771430969238,-2.946047782897949,-12.699999809265137,-1.183817744255066,-2.946047782897949,12.699999809265137,-1.1838208436965942,-3.1037380695343018,-12.699999809265137,-0.6689051985740662,-3.1037380695343018,12.699999809265137,-0.6689081788063049,-3.1721394062042236,-12.699999809265137,-0.13474932312965393,-3.1721394062042236,12.699999809265137,-0.13475236296653748,-3.1492841243743896,-12.699999809265137,0.4032829701900482,-3.1492841243743896,12.699999809265137,0.4032799303531647,-3.035829544067383,-12.699999809265137,0.9297135472297668,-3.035829544067383,12.699999809265137,0.9297105669975281,-2.8350396156311035,-12.699999809265137,1.4293984174728394,-2.8350396156311035,12.699999809265137,1.429395318031311,-2.5526912212371826,-12.699999809265137,1.887961745262146,-2.5526912212371826,12.699999809265137,1.8879586458206177,-2.196906089782715,-12.699999809265137,2.2922122478485107,-2.196906089782715,12.699999809265137,2.2922093868255615,-1.777920126914978,-12.699999809265137,2.6305196285247803,-1.777920126914978,12.699999809265137,2.630516767501831,-1.3077867031097412,-12.699999809265137,2.8931519985198975,-1.3077867031097412,12.699999809265137,2.8931491374969482,-0.8000304698944092,-12.699999809265137,3.0725533962249756,-0.8000304698944092,12.699999809265137,3.0725505352020264,-0.269258975982666,12.699999809265137,3.163560628890991]
}