{
    "faces": [3,29,30,28,27,0,3,21,22,20,19,0,3,41,42,40,39,0,3,37,38,36,35,0,3,5,6,4,3,0,3,39,40,38,37,0,3,11,12,10,9,0,3,67,68,66,65,0,3,57,58,56,55,0,3,65,66,64,63,0,3,9,10,8,7,0,3,59,60,58,57,0,3,47,48,46,45,0,3,23,24,22,21,0,3,49,50,48,47,0,3,45,46,44,43,0,3,1,73,72,71,0,3,7,8,6,5,0,3,33,34,32,31,0,3,55,56,54,53,0,3,43,44,42,41,0,3,13,14,12,11,0,3,61,62,60,59,0,3,35,36,34,33,0,3,31,32,30,29,0,3,69,70,68,67,0,3,25,26,24,23,0,3,51,52,50,49,0,3,19,20,18,17,0,3,2,0,73,1,0,2,18,14,16,0,2,10,12,14,0,2,6,8,10,0,2,0,4,6,0,2,72,73,0,0,2,68,70,72,0,2,64,66,68,0,2,60,62,64,0,2,56,58,60,0,2,52,54,56,0,2,48,50,52,0,2,44,46,48,0,2,40,42,44,0,2,36,38,40,0,2,32,34,36,0,2,28,30,32,0,2,24,26,28,0,2,20,22,24,0,2,18,20,14,0,2,6,10,14,0,2,72,0,6,0,2,64,68,72,0,2,56,60,64,0,2,48,52,56,0,2,40,44,48,0,2,32,36,40,0,2,24,28,32,0,2,20,24,14,0,2,72,6,14,0,2,56,64,72,0,2,40,48,56,0,2,24,32,40,0,2,24,72,14,0,2,40,56,72,0,2,24,40,72,0,3,17,18,16,15,0,3,53,54,52,51,0,2,29,33,31,0,2,37,35,33,0,2,41,39,37,0,2,45,43,41,0,2,49,47,45,0,2,53,51,49,0,2,57,55,53,0,2,61,59,57,0,2,65,63,61,0,2,69,67,65,0,2,1,71,69,0,2,3,2,1,0,2,7,5,3,0,2,11,9,7,0,2,15,13,11,0,2,19,17,15,0,2,23,21,19,0,2,27,25,23,0,2,29,27,33,0,2,41,37,33,0,2,49,45,41,0,2,57,53,49,0,2,65,61,57,0,2,1,69,65,0,2,7,3,1,0,2,15,11,7,0,2,23,19,15,0,2,27,23,33,0,2,49,41,33,0,2,65,57,49,0,2,7,1,65,0,2,23,15,7,0,2,23,49,33,0,2,7,65,49,0,2,23,7,49,0,3,27,28,26,25,0,3,0,2,3,4,0,3,63,64,62,61,0,3,71,72,70,69,0,3,15,16,14,13,0],
    "uvs": [],
    "vertices": [0.5385174751281738,6.327123165130615,-25.399999618530273,-0.538517951965332,6.327125072479248,25.399999618530273,0.5385174751281738,6.327125072479248,25.399999618530273,1.6000604629516602,6.145104885101318,25.399999618530273,1.6000604629516602,6.1451029777526855,-25.399999618530273,2.615571975708008,5.786302089691162,25.399999618530273,2.615571975708008,5.786300182342529,-25.399999618530273,3.5558385848999023,5.261037349700928,25.399999618530273,3.5558385848999023,5.261035442352295,-25.399999618530273,4.393811225891113,4.584422588348389,25.399999618530273,4.393811225891113,4.584420680999756,-25.399999618530273,5.105381011962891,3.775921583175659,25.399999618530273,5.105381011962891,3.775919198989868,-25.399999618530273,5.670079231262207,2.858794927597046,25.399999618530273,5.670079231262207,2.858792543411255,-25.399999618530273,6.071658134460449,1.8594251871109009,25.399999618530273,6.071658134460449,1.859423041343689,-25.399999618530273,6.298566818237305,0.8065640330314636,25.399999618530273,6.298566818237305,0.8065617680549622,-25.399999618530273,6.344278335571289,-0.26950058341026306,25.399999618530273,6.344278335571289,-0.26950278878211975,-25.399999618530273,6.207475662231445,-1.3378123044967651,25.399999618530273,6.207475662231445,-1.337814450263977,-25.399999618530273,5.892095565795898,-2.3676373958587646,25.399999618530273,5.892095565795898,-2.3676397800445557,-25.399999618530273,5.407209396362305,-3.329349994659424,25.399999618530273,5.407209396362305,-3.329352378845215,-25.399999618530273,4.766768455505371,-4.195283889770508,25.399999618530273,4.766768455505371,-4.195285797119141,-25.399999618530273,3.98919677734375,-4.940526008605957,25.399999618530273,3.98919677734375,-4.94052791595459,-25.399999618530273,3.09686279296875,-5.543638229370117,25.399999618530273,3.09686279296875,-5.54364013671875,-25.399999618530273,2.115436553955078,-5.987270832061768,25.399999618530273,2.115436553955078,-5.9872727394104,-25.399999618530273,1.0731544494628906,-6.258659839630127,25.399999618530273,1.0731544494628906,-6.25866174697876,-25.399999618530273,-4.76837158203125e-07,-6.349998950958252,25.399999618530273,-4.76837158203125e-07,-6.350000858306885,-25.399999618530273,-1.073155403137207,-6.258659839630127,25.399999618530273,-1.073155403137207,-6.25866174697876,-25.399999618530273,-2.1154379844665527,-5.987270832061768,25.399999618530273,-2.1154379844665527,-5.9872727394104,-25.399999618530273,-3.096863269805908,-5.543638229370117,25.399999618530273,-3.096863269805908,-5.54364013671875,-25.399999618530273,-3.989197254180908,-4.940526008605957,25.399999618530273,-3.989197254180908,-4.94052791595459,-25.399999618530273,-4.7667694091796875,-4.195283889770508,25.399999618530273,-4.7667694091796875,-4.195285797119141,-25.399999618530273,-5.407210350036621,-3.329349994659424,25.399999618530273,-5.407210350036621,-3.329352378845215,-25.399999618530273,-5.892095565795898,-2.3676373958587646,25.399999618530273,-5.892095565795898,-2.3676397800445557,-25.399999618530273,-6.2074761390686035,-1.3378123044967651,25.399999618530273,-6.2074761390686035,-1.337814450263977,-25.399999618530273,-6.344278812408447,-0.26950058341026306,25.399999618530273,-6.344278812408447,-0.26950278878211975,-25.399999618530273,-6.298568248748779,0.8065640330314636,25.399999618530273,-6.298568248748779,0.8065617680549622,-25.399999618530273,-6.071659088134766,1.8594251871109009,25.399999618530273,-6.071659088134766,1.859423041343689,-25.399999618530273,-5.670079231262207,2.858794927597046,25.399999618530273,-5.670079231262207,2.858792543411255,-25.399999618530273,-5.105382442474365,3.775921583175659,25.399999618530273,-5.105382442474365,3.775919198989868,-25.399999618530273,-4.39381217956543,4.584422588348389,25.399999618530273,-4.39381217956543,4.584420680999756,-25.399999618530273,-3.555840253829956,5.261037349700928,25.399999618530273,-3.555840253829956,5.261035442352295,-25.399999618530273,-2.6155734062194824,5.786302089691162,25.399999618530273,-2.6155734062194824,5.786300182342529,-25.399999618530273,-1.6000609397888184,6.145104885101318,25.399999618530273,-1.6000609397888184,6.1451029777526855,-25.399999618530273,-0.538517951965332,6.327123165130615,-25.399999618530273],
    "materials": [{
        "shading": "phong",
        "colorDiffuse": [0.800000011920929,0.800000011920929,0.800000011920929],
        "transparent": false,
        "specularCoef": 100,
        "colorAmbient": [0.800000011920929,0.800000011920929,0.800000011920929],
        "DbgColor": 15658734,
        "colorSpecular": [0.45098042488098145,0.45098042488098145,0.45098042488098145],
        "wireframe": false,
        "depthTest": true,
        "DbgIndex": 0,
        "DbgName": "Material",
        "blending": "NormalBlending",
        "visible": true,
        "depthWrite": true,
        "opacity": 0.0,
        "colorEmissive": [0.0,0.0,0.0]
    }],
    "metadata": {
        "faces": 107,
        "version": 3,
        "generator": "io_three",
        "uvs": 0,
        "vertices": 74,
        "materials": 1,
        "type": "Geometry"
    },
    "name": "ROB-12212Geometry"
}