{
    "uvs": [],
    "materials": [{
        "blending": "NormalBlending",
        "visible": true,
        "transparent": false,
        "colorDiffuse": [0.800000011920929,0.800000011920929,0.800000011920929],
        "specularCoef": 100,
        "depthWrite": true,
        "DbgIndex": 0,
        "shading": "phong",
        "DbgName": "Material",
        "depthTest": true,
        "colorAmbient": [0.800000011920929,0.800000011920929,0.800000011920929],
        "opacity": 0.0,
        "colorEmissive": [0.0,0.0,0.0],
        "colorSpecular": [0.45098042488098145,0.45098042488098145,0.45098042488098145],
        "wireframe": false,
        "DbgColor": 15658734
    }],
    "metadata": {
        "type": "Geometry",
        "uvs": 0,
        "materials": 1,
        "version": 3,
        "vertices": 74,
        "generator": "io_three",
        "faces": 107
    },
    "name": "ROB-12293Geometry",
    "vertices": [0.5385174751281738,50.79999923706055,6.327117919921875,-0.538517951965332,-50.79999923706055,6.327130317687988,0.5385174751281738,-50.79999923706055,6.327130317687988,1.6000604629516602,-50.79999923706055,6.145110130310059,1.6000604629516602,50.79999923706055,6.145097732543945,2.615571975708008,-50.79999923706055,5.786307334899902,2.615571975708008,50.79999923706055,5.786294937133789,3.5558385848999023,-50.79999923706055,5.261042594909668,3.5558385848999023,50.79999923706055,5.261030197143555,4.393811225891113,-50.79999923706055,4.584427833557129,4.393811225891113,50.79999923706055,4.584415435791016,5.105381011962891,-50.79999923706055,3.775926351547241,5.105381011962891,50.79999923706055,3.775914430618286,5.670079231262207,-50.79999923706055,2.858799695968628,5.670079231262207,50.79999923706055,2.858787775039673,6.071658134460449,-50.79999923706055,1.859430193901062,6.071658134460449,50.79999923706055,1.8594180345535278,6.298566818237305,-50.79999923706055,0.80656898021698,6.298566818237305,50.79999923706055,0.8065568208694458,6.344278335571289,-50.79999923706055,-0.2694956362247467,6.344278335571289,50.79999923706055,-0.2695077359676361,6.207475662231445,-50.79999923706055,-1.337807297706604,6.207475662231445,50.79999923706055,-1.3378194570541382,5.892095565795898,-50.79999923706055,-2.3676326274871826,5.892095565795898,50.79999923706055,-2.3676445484161377,5.407209396362305,-50.79999923706055,-3.329345226287842,5.407209396362305,50.79999923706055,-3.329357147216797,4.766768455505371,-50.79999923706055,-4.195278644561768,4.766768455505371,50.79999923706055,-4.195291042327881,3.98919677734375,-50.79999923706055,-4.940520763397217,3.98919677734375,50.79999923706055,-4.94053316116333,3.09686279296875,-50.79999923706055,-5.543632984161377,3.09686279296875,50.79999923706055,-5.54364538192749,2.115436553955078,-50.79999923706055,-5.987265586853027,2.115436553955078,50.79999923706055,-5.987277984619141,1.0731544494628906,-50.79999923706055,-6.258654594421387,1.0731544494628906,50.79999923706055,-6.2586669921875,-4.76837158203125e-07,-50.79999923706055,-6.349993705749512,-4.76837158203125e-07,50.79999923706055,-6.350006103515625,-1.073155403137207,-50.79999923706055,-6.258654594421387,-1.073155403137207,50.79999923706055,-6.2586669921875,-2.1154379844665527,-50.79999923706055,-5.987265586853027,-2.1154379844665527,50.79999923706055,-5.987277984619141,-3.096863269805908,-50.79999923706055,-5.543632984161377,-3.096863269805908,50.79999923706055,-5.54364538192749,-3.989197254180908,-50.79999923706055,-4.940520763397217,-3.989197254180908,50.79999923706055,-4.94053316116333,-4.7667694091796875,-50.79999923706055,-4.195278644561768,-4.7667694091796875,50.79999923706055,-4.195291042327881,-5.407210350036621,-50.79999923706055,-3.329345226287842,-5.407210350036621,50.79999923706055,-3.329357147216797,-5.892095565795898,-50.79999923706055,-2.3676326274871826,-5.892095565795898,50.79999923706055,-2.3676445484161377,-6.2074761390686035,-50.79999923706055,-1.337807297706604,-6.2074761390686035,50.79999923706055,-1.3378194570541382,-6.344278812408447,-50.79999923706055,-0.2694956362247467,-6.344278812408447,50.79999923706055,-0.2695077359676361,-6.298568248748779,-50.79999923706055,0.80656898021698,-6.298568248748779,50.79999923706055,0.8065568208694458,-6.071659088134766,-50.79999923706055,1.859430193901062,-6.071659088134766,50.79999923706055,1.8594180345535278,-5.670079231262207,-50.79999923706055,2.858799695968628,-5.670079231262207,50.79999923706055,2.858787775039673,-5.105382442474365,-50.79999923706055,3.775926351547241,-5.105382442474365,50.79999923706055,3.775914430618286,-4.39381217956543,-50.79999923706055,4.584427833557129,-4.39381217956543,50.79999923706055,4.584415435791016,-3.555840253829956,-50.79999923706055,5.261042594909668,-3.555840253829956,50.79999923706055,5.261030197143555,-2.6155734062194824,-50.79999923706055,5.786307334899902,-2.6155734062194824,50.79999923706055,5.786294937133789,-1.6000609397888184,-50.79999923706055,6.145110130310059,-1.6000609397888184,50.79999923706055,6.145097732543945,-0.538517951965332,50.79999923706055,6.327117919921875],
    "faces": [3,29,30,28,27,0,3,21,22,20,19,0,3,41,42,40,39,0,3,37,38,36,35,0,3,5,6,4,3,0,3,39,40,38,37,0,3,11,12,10,9,0,3,67,68,66,65,0,3,57,58,56,55,0,3,65,66,64,63,0,3,9,10,8,7,0,3,59,60,58,57,0,3,47,48,46,45,0,3,23,24,22,21,0,3,49,50,48,47,0,3,45,46,44,43,0,3,1,73,72,71,0,3,7,8,6,5,0,3,33,34,32,31,0,3,55,56,54,53,0,3,43,44,42,41,0,3,13,14,12,11,0,3,61,62,60,59,0,3,35,36,34,33,0,3,31,32,30,29,0,3,69,70,68,67,0,3,25,26,24,23,0,3,51,52,50,49,0,3,19,20,18,17,0,3,2,0,73,1,0,2,18,14,16,0,2,10,12,14,0,2,6,8,10,0,2,0,4,6,0,2,72,73,0,0,2,68,70,72,0,2,64,66,68,0,2,60,62,64,0,2,56,58,60,0,2,52,54,56,0,2,48,50,52,0,2,44,46,48,0,2,40,42,44,0,2,36,38,40,0,2,32,34,36,0,2,28,30,32,0,2,24,26,28,0,2,20,22,24,0,2,18,20,14,0,2,6,10,14,0,2,72,0,6,0,2,64,68,72,0,2,56,60,64,0,2,48,52,56,0,2,40,44,48,0,2,32,36,40,0,2,24,28,32,0,2,20,24,14,0,2,72,6,14,0,2,56,64,72,0,2,40,48,56,0,2,24,32,40,0,2,24,72,14,0,2,40,56,72,0,2,24,40,72,0,3,17,18,16,15,0,3,53,54,52,51,0,3,27,28,26,25,0,2,45,49,47,0,2,53,51,49,0,2,57,55,53,0,2,61,59,57,0,2,65,63,61,0,2,69,67,65,0,2,1,71,69,0,2,3,2,1,0,2,7,5,3,0,2,11,9,7,0,2,15,13,11,0,2,19,17,15,0,2,23,21,19,0,2,27,25,23,0,2,31,29,27,0,2,35,33,31,0,2,39,37,35,0,2,43,41,39,0,2,45,43,49,0,2,57,53,49,0,2,65,61,57,0,2,1,69,65,0,2,7,3,1,0,2,15,11,7,0,2,23,19,15,0,2,31,27,23,0,2,39,35,31,0,2,43,39,49,0,2,65,57,49,0,2,7,1,65,0,2,23,15,7,0,2,39,31,23,0,2,39,65,49,0,2,23,7,65,0,2,39,23,65,0,3,0,2,3,4,0,3,63,64,62,61,0,3,71,72,70,69,0,3,15,16,14,13,0]
}