{
    "materials": [{
        "colorEmissive": [0.0,0.0,0.0],
        "shading": "phong",
        "colorSpecular": [0.45098042488098145,0.45098042488098145,0.45098042488098145],
        "opacity": 0.0,
        "visible": true,
        "colorAmbient": [0.800000011920929,0.800000011920929,0.800000011920929],
        "depthTest": true,
        "DbgColor": 15658734,
        "transparent": false,
        "wireframe": false,
        "DbgName": "Material",
        "colorDiffuse": [0.800000011920929,0.800000011920929,0.800000011920929],
        "DbgIndex": 0,
        "specularCoef": 100,
        "depthWrite": true,
        "blending": "NormalBlending"
    }],
    "faces": [3,33,34,32,31,0,3,67,68,66,65,0,3,0,73,1,2,0,2,96,94,95,0,2,89,90,94,0,2,87,88,89,0,2,85,86,87,0,2,74,75,85,0,2,84,80,74,0,2,83,78,84,0,2,92,93,83,0,2,106,91,92,0,2,103,104,106,0,2,101,99,103,0,2,98,100,101,0,2,102,97,98,0,2,82,105,102,0,2,79,81,82,0,2,76,77,79,0,2,110,109,76,0,2,107,108,110,0,2,96,107,94,0,2,87,89,94,0,2,74,85,87,0,2,83,84,74,0,2,106,92,83,0,2,101,103,106,0,2,102,98,101,0,2,79,82,102,0,2,110,76,79,0,2,107,110,94,0,2,74,87,94,0,2,106,83,74,0,2,102,101,106,0,2,110,79,102,0,2,110,74,94,0,2,102,106,74,0,2,110,102,74,0,3,41,42,40,39,0,3,21,22,20,19,0,3,11,12,10,9,0,3,51,52,50,49,0,3,45,46,44,43,0,3,59,60,58,57,0,3,1,73,72,71,0,3,65,66,64,63,0,3,35,36,34,33,0,3,19,20,18,17,0,3,17,18,16,15,0,3,7,8,6,5,0,3,0,2,3,4,0,3,57,58,56,55,0,3,39,40,38,37,0,3,23,24,22,21,0,3,37,38,36,35,0,3,71,72,70,69,0,3,25,26,24,23,0,3,63,64,62,61,0,3,69,70,68,67,0,3,49,50,48,47,0,2,18,14,16,0,2,10,12,14,0,2,6,8,10,0,2,0,4,6,0,2,72,73,0,0,2,68,70,72,0,2,64,66,68,0,2,60,62,64,0,2,56,58,60,0,2,52,54,56,0,2,48,50,52,0,2,44,46,48,0,2,40,42,44,0,2,36,38,40,0,2,32,34,36,0,2,28,30,32,0,2,24,26,28,0,2,20,22,24,0,2,18,20,14,0,2,6,10,14,0,2,72,0,6,0,2,64,68,72,0,2,56,60,64,0,2,48,52,56,0,2,40,44,48,0,2,32,36,40,0,2,24,28,32,0,2,20,24,14,0,2,72,6,14,0,2,56,64,72,0,2,40,48,56,0,2,24,32,40,0,2,24,72,14,0,2,40,56,72,0,2,24,40,72,0,3,53,54,52,51,0,3,61,62,60,59,0,3,43,44,42,41,0,3,29,30,28,27,0,3,5,6,4,3,0,3,31,32,30,29,0,3,47,48,46,45,0,3,55,56,54,53,0,3,13,14,12,11,0,3,15,16,14,13,0,3,27,28,26,25,0,3,9,10,8,7,0],
    "vertices": [0.33657336235046387,38.10000228881836,3.9544477462768555,-0.33657360076904297,-38.10000228881836,3.9544568061828613,0.33657336235046387,-38.10000228881836,3.9544568061828613,1.0000379085540771,-38.10000228881836,3.8406949043273926,1.0000379085540771,38.10000228881836,3.8406858444213867,1.6347324848175049,-38.10000228881836,3.6164426803588867,1.6347324848175049,38.10000228881836,3.616433620452881,2.222399950027466,-38.10000228881836,3.2881522178649902,2.222399950027466,38.10000228881836,3.2881431579589844,2.7461321353912354,-38.10000228881836,2.865267753601074,2.7461321353912354,38.10000228881836,2.8652586936950684,3.190863847732544,-38.10000228881836,2.359954833984375,3.190863847732544,38.10000228881836,2.359945774078369,3.543799638748169,-38.10000228881836,1.786750316619873,3.543799638748169,38.10000228881836,1.7867412567138672,3.794786214828491,-38.10000228881836,1.1621451377868652,3.794786214828491,38.10000228881836,1.1621360778808594,3.9366042613983154,-38.10000228881836,0.5041065216064453,3.9366042613983154,38.10000228881836,0.5040974617004395,3.9651739597320557,-38.10000228881836,-0.16843412816524506,3.9651739597320557,38.10000228881836,-0.1684432178735733,3.8796727657318115,-38.10000228881836,-0.8361291885375977,3.8796727657318115,38.10000228881836,-0.8361382484436035,3.6825592517852783,-38.10000228881836,-1.4797699451446533,3.6825592517852783,38.10000228881836,-1.4797790050506592,3.3795058727264404,-38.10000228881836,-2.0808401107788086,3.3795058727264404,38.10000228881836,-2.0808491706848145,2.9792306423187256,-38.10000228881836,-2.6220483779907227,2.9792306423187256,38.10000228881836,-2.6220574378967285,2.493248224258423,-38.10000228881836,-3.087825059890747,2.493248224258423,38.10000228881836,-3.087834119796753,1.9355390071868896,-38.10000228881836,-3.4647703170776367,1.9355390071868896,38.10000228881836,-3.4647793769836426,1.322148084640503,-38.10000228881836,-3.7420403957366943,1.322148084640503,38.10000228881836,-3.7420494556427,0.6707217693328857,-38.10000228881836,-3.911659002304077,0.6707217693328857,38.10000228881836,-3.911668062210083,0.0,-38.10000228881836,-3.968745708465576,0.0,38.10000228881836,-3.968754768371582,-0.6707220077514648,-38.10000228881836,-3.911659002304077,-0.6707220077514648,38.10000228881836,-3.911668062210083,-1.3221487998962402,-38.10000228881836,-3.7420403957366943,-1.3221487998962402,38.10000228881836,-3.7420494556427,-1.9355394840240479,-38.10000228881836,-3.4647703170776367,-1.9355394840240479,38.10000228881836,-3.4647793769836426,-2.493248224258423,-38.10000228881836,-3.087825059890747,-2.493248224258423,38.10000228881836,-3.087834119796753,-2.9792306423187256,-38.10000228881836,-2.6220483779907227,-2.9792306423187256,38.10000228881836,-2.6220574378967285,-3.3795063495635986,-38.10000228881836,-2.0808401107788086,-3.3795063495635986,38.10000228881836,-2.0808491706848145,-3.6825597286224365,-38.10000228881836,-1.4797699451446533,-3.6825597286224365,38.10000228881836,-1.4797790050506592,-3.8796725273132324,-38.10000228881836,-0.8361291885375977,-3.8796725273132324,38.10000228881836,-0.8361382484436035,-3.9651739597320557,-38.10000228881836,-0.16843412816524506,-3.9651739597320557,38.10000228881836,-0.1684432178735733,-3.936605215072632,-38.10000228881836,0.5041065216064453,-3.936605215072632,38.10000228881836,0.5040974617004395,-3.7947869300842285,-38.10000228881836,1.1621451377868652,-3.7947869300842285,38.10000228881836,1.1621360778808594,-3.543799638748169,-38.10000228881836,1.786750316619873,-3.543799638748169,38.10000228881836,1.7867412567138672,-3.190863609313965,-38.10000228881836,2.359954833984375,-3.190863609313965,38.10000228881836,2.359945774078369,-2.7461323738098145,-38.10000228881836,2.865267753601074,-2.7461323738098145,38.10000228881836,2.8652586936950684,-2.222400188446045,-38.10000228881836,3.2881522178649902,-2.222400188446045,38.10000228881836,3.2881431579589844,-1.6347332000732422,-38.10000228881836,3.6164426803588867,-1.6347332000732422,38.10000228881836,3.616433620452881,-1.0000379085540771,-38.10000228881836,3.8406949043273926,-1.0000379085540771,38.10000228881836,3.8406858444213867,-0.33657360076904297,38.10000228881836,3.9544477462768555,1.9355390071868896,-38.10000228881836,-3.4647703170776367,2.493248224258423,-38.10000228881836,-3.087825059890747,0.33657336235046387,-38.10000228881836,3.9544568061828613,-0.33657360076904297,-38.10000228881836,3.9544568061828613,0.0,-38.10000228881836,-3.968745708465576,-1.0000379085540771,-38.10000228881836,3.8406949043273926,1.322148084640503,-38.10000228881836,-3.7420403957366943,-1.6347332000732422,-38.10000228881836,3.6164426803588867,-2.222400188446045,-38.10000228881836,3.2881522178649902,-0.6707220077514648,-38.10000228881836,-3.911659002304077,0.6707217693328857,-38.10000228881836,-3.911659002304077,2.9792306423187256,-38.10000228881836,-2.6220483779907227,3.3795058727264404,-38.10000228881836,-2.0808401107788086,3.6825592517852783,-38.10000228881836,-1.4797699451446533,3.8796727657318115,-38.10000228881836,-0.8361291885375977,3.9651739597320557,-38.10000228881836,-0.16843412816524506,3.9366042613983154,-38.10000228881836,0.5041065216064453,-2.493248224258423,-38.10000228881836,-3.087825059890747,-1.9355394840240479,-38.10000228881836,-3.4647703170776367,-1.3221487998962402,-38.10000228881836,-3.7420403957366943,3.794786214828491,-38.10000228881836,1.1621451377868652,3.543799638748169,-38.10000228881836,1.786750316619873,3.190863847732544,-38.10000228881836,2.359954833984375,-3.543799638748169,-38.10000228881836,1.786750316619873,-3.7947869300842285,-38.10000228881836,1.1621451377868652,-3.8796725273132324,-38.10000228881836,-0.8361291885375977,-3.936605215072632,-38.10000228881836,0.5041065216064453,-3.9651739597320557,-38.10000228881836,