{
    "faces": [3,1,73,72,71,0,3,21,22,20,19,0,3,0,2,3,4,0,3,69,70,68,67,0,3,43,44,42,41,0,3,49,50,48,47,0,3,39,40,38,37,0,3,37,38,36,35,0,3,67,68,66,65,0,3,11,12,10,9,0,3,25,26,24,23,0,3,13,14,12,11,0,3,45,46,44,43,0,3,27,28,26,25,0,2,23,27,25,0,2,31,29,27,0,2,35,33,31,0,2,39,37,35,0,2,43,41,39,0,2,47,45,43,0,2,51,49,47,0,2,55,53,51,0,2,59,57,55,0,2,63,61,59,0,2,67,65,63,0,2,71,69,67,0,2,2,1,71,0,2,5,3,2,0,2,9,7,5,0,2,13,11,9,0,2,17,15,13,0,2,21,19,17,0,2,23,21,27,0,2,35,31,27,0,2,43,39,35,0,2,51,47,43,0,2,59,55,51,0,2,67,63,59,0,2,2,71,67,0,2,9,5,2,0,2,17,13,9,0,2,21,17,27,0,2,43,35,27,0,2,59,51,43,0,2,2,67,59,0,2,17,9,2,0,2,17,43,27,0,2,2,59,43,0,2,17,2,43,0,3,23,24,22,21,0,3,5,6,4,3,0,3,47,48,46,45,0,3,61,62,60,59,0,3,31,32,30,29,0,3,51,52,50,49,0,3,7,8,6,5,0,3,9,10,8,7,0,3,53,54,52,51,0,3,59,60,58,57,0,3,55,56,54,53,0,3,33,34,32,31,0,3,29,30,28,27,0,3,35,36,34,33,0,3,2,0,73,1,0,3,19,20,18,17,0,2,42,38,40,0,2,34,36,38,0,2,30,32,34,0,2,26,28,30,0,2,22,24,26,0,2,18,20,22,0,2,14,16,18,0,2,10,12,14,0,2,6,8,10,0,2,0,4,6,0,2,72,73,0,0,2,68,70,72,0,2,64,66,68,0,2,60,62,64,0,2,56,58,60,0,2,52,54,56,0,2,48,50,52,0,2,44,46,48,0,2,42,44,38,0,2,30,34,38,0,2,22,26,30,0,2,14,18,22,0,2,6,10,14,0,2,72,0,6,0,2,64,68,72,0,2,56,60,64,0,2,48,52,56,0,2,44,48,38,0,2,22,30,38,0,2,6,14,22,0,2,64,72,6,0,2,48,56,64,0,2,48,22,38,0,2,64,6,22,0,2,48,64,22,0,3,65,66,64,63,0,3,57,58,56,55,0,3,17,18,16,15,0,3,71,72,70,69,0,3,63,64,62,61,0,3,41,42,40,39,0,3,15,16,14,13,0],
    "metadata": {
        "type": "Geometry",
        "version": 3,
        "materials": 1,
        "generator": "io_three",
        "uvs": 0,
        "faces": 107,
        "vertices": 74
    },
    "materials": [{
        "specularCoef": 100,
        "visible": true,
        "colorDiffuse": [0.800000011920929,0.800000011920929,0.800000011920929],
        "blending": "NormalBlending",
        "depthWrite": true,
        "transparent": false,
        "depthTest": true,
        "opacity": 0.0,
        "colorEmissive": [0.0,0.0,0.0],
        "DbgColor": 15658734,
        "colorAmbient": [0.800000011920929,0.800000011920929,0.800000011920929],
        "shading": "phong",
        "wireframe": false,
        "DbgName": "Material",
        "colorSpecular": [0.45098042488098145,0.45098042488098145,0.45098042488098145],
        "DbgIndex": 0
    }],
    "vertices": [0.2692587375640869,63.500003814697266,3.1635544300079346,-0.269258975982666,-63.500003814697266,3.163569688796997,0.2692587375640869,-63.500003814697266,3.163569688796997,0.8000302314758301,-63.500003814697266,3.0725595951080322,0.8000302314758301,63.500003814697266,3.0725443363189697,1.307785987854004,-63.500003814697266,2.893158197402954,1.307785987854004,63.500003814697266,2.8931429386138916,1.7779192924499512,-63.500003814697266,2.630525827407837,1.7779192924499512,63.500003814697266,2.6305105686187744,2.1969056129455566,-63.500003814697266,2.2922184467315674,2.1969056129455566,63.500003814697266,2.292203187942505,2.5526905059814453,-63.500003814697266,1.887967824935913,2.5526905059814453,63.500003814697266,1.8879525661468506,2.8350396156311035,-63.500003814697266,1.4294044971466064,2.8350396156311035,63.500003814697266,1.429389238357544,3.0358290672302246,-63.500003814697266,0.9297196269035339,3.0358290672302246,63.500003814697266,0.929704487323761,3.1492834091186523,-63.500003814697266,0.4032890200614929,3.1492834091186523,63.500003814697266,0.40327388048171997,3.1721391677856445,-63.500003814697266,-0.13474327325820923,3.1721391677856445,63.500003814697266,-0.13475841283798218,3.1037378311157227,-63.500003814697266,-0.6688991189002991,3.1037378311157227,63.500003814697266,-0.668914258480072,2.946047782897949,-63.500003814697266,-1.1838116645812988,2.946047782897949,63.500003814697266,-1.1838269233703613,2.7036046981811523,-63.500003814697266,-1.6646679639816284,2.7036046981811523,63.500003814697266,-1.664683222770691,2.3833842277526855,-63.500003814697266,-2.097634792327881,2.3833842277526855,63.500003814697266,-2.0976500511169434,1.994598388671875,-63.500003814697266,-2.4702558517456055,1.994598388671875,63.500003814697266,-2.470271110534668,1.548431396484375,-63.500003814697266,-2.7718119621276855,1.548431396484375,63.500003814697266,-2.771827220916748,1.057718276977539,-63.500003814697266,-2.9936282634735107,1.057718276977539,63.500003814697266,-2.9936435222625732,0.5365772247314453,-63.500003814697266,-3.1293227672576904,0.5365772247314453,63.500003814697266,-3.129338026046753,-2.384185791015625e-07,-63.500003814697266,-3.174992322921753,-2.384185791015625e-07,63.500003814697266,-3.1750075817108154,-0.5365777015686035,-63.500003814697266,-3.1293227672576904,-0.5365777015686035,63.500003814697266,-3.129338026046753,-1.0577189922332764,-63.500003814697266,-2.9936282634735107,-1.0577189922332764,63.500003814697266,-2.9936435222625732,-1.548431634902954,-63.500003814697266,-2.7718119621276855,-1.548431634902954,63.500003814697266,-2.771827220916748,-1.994598627090454,-63.500003814697266,-2.4702558517456055,-1.994598627090454,63.500003814697266,-2.470271110534668,-2.3833847045898438,-63.500003814697266,-2.097634792327881,-2.3833847045898438,63.500003814697266,-2.0976500511169434,-2.7036051750183105,-63.500003814697266,-1.6646679639816284,-2.7036051750183105,63.500003814697266,-1.664683222770691,-2.946047782897949,-63.500003814697266,-1.1838116645812988,-2.946047782897949,63.500003814697266,-1.1838269233703613,-3.1037380695343018,-63.500003814697266,-0.6688991189002991,-3.1037380695343018,63.500003814697266,-0.668914258480072,-3.1721394062042236,-63.500003814697266,-0.13474327325820923,-3.1721394062042236,63.500003814697266,-0.13475841283798218,-3.1492841243743896,-63.500003814697266,0.4032890200614929,-3.1492841243743896,63.500003814697266,0.40327388048171997,-3.035829544067383,-63.500003814697266,0.9297196269035339,-3.035829544067383,63.500003814697266,0.929704487323761,-2.8350396156311035,-63.500003814697266,1.4294044971466064,-2.8350396156311035,63.500003814697266,1.429389238357544,-2.5526912212371826,-63.500003814697266,1.887967824935913,-2.5526912212371826,63.500003814697266,1.8879525661468506,-2.196906089782715,-63.500003814697266,2.2922184467315674,-2.196906089782715,63.500003814697266,2.292203187942505,-1.777920126914978,-63.500003814697266,2.630525827407837,-1.777920126914978,63.500003814697266,2.6305105686187744,-1.3077867031097412,-63.500003814697266,2.893158197402954,-1.3077867031097412,63.500003814697266,2.8931429386138916,-0.8000304698944092,-63.500003814697266,3.0725595951080322,-0.8000304698944092,63.500003814697266,3.0725443363189697,-0.269258975982666,63.500003814697266,3.1635544300079346],
    "uvs": [],
    "name": "ROB-12371Geometry"
}