{
    "uvs": [],
    "metadata": {
        "uvs": 0,
        "version": 3,
        "materials": 1,
        "generator": "io_three",
        "vertices": 74,
        "faces": 107,
        "type": "Geometry"
    },
    "materials": [{
        "opacity": 0.0,
        "depthWrite": true,
        "colorEmissive": [0.0,0.0,0.0],
        "blending": "NormalBlending",
        "specularCoef": 100,
        "depthTest": true,
        "wireframe": false,
        "DbgIndex": 0,
        "transparent": false,
        "DbgName": "Material",
        "visible": true,
        "colorSpecular": [0.45098042488098145,0.45098042488098145,0.45098042488098145],
        "colorDiffuse": [0.800000011920929,0.800000011920929,0.800000011920929],
        "shading": "phong",
        "colorAmbient": [0.800000011920929,0.800000011920929,0.800000011920929],
        "DbgColor": 15658734
    }],
    "vertices": [0.33657336235046387,101.5999984741211,3.954440116882324,-0.33657360076904297,-101.5999984741211,3.9544644355773926,0.33657336235046387,-101.5999984741211,3.9544644355773926,1.0000379085540771,-101.5999984741211,3.840702533721924,1.0000379085540771,101.5999984741211,3.8406782150268555,1.6347324848175049,-101.5999984741211,3.616450309753418,1.6347324848175049,101.5999984741211,3.6164259910583496,2.222399950027466,-101.5999984741211,3.2881598472595215,2.222399950027466,101.5999984741211,3.288135528564453,2.7461321353912354,-101.5999984741211,2.8652753829956055,2.7461321353912354,101.5999984741211,2.865251064300537,3.190863847732544,-101.5999984741211,2.3599624633789062,3.190863847732544,101.5999984741211,2.359938144683838,3.543799638748169,-101.5999984741211,1.7867579460144043,3.543799638748169,101.5999984741211,1.786733627319336,3.794786214828491,-101.5999984741211,1.1621527671813965,3.794786214828491,101.5999984741211,1.1621284484863281,3.9366042613983154,-101.5999984741211,0.5041140913963318,3.9366042613983154,101.5999984741211,0.504089891910553,3.9651739597320557,-101.5999984741211,-0.16842655837535858,3.9651739597320557,101.5999984741211,-0.16845078766345978,3.8796727657318115,-101.5999984741211,-0.8361216187477112,3.8796727657318115,101.5999984741211,-0.83614581823349,3.6825592517852783,-101.5999984741211,-1.479762315750122,3.6825592517852783,101.5999984741211,-1.4797866344451904,3.3795058727264404,-101.5999984741211,-2.0808324813842773,3.3795058727264404,101.5999984741211,-2.0808568000793457,2.9792306423187256,-101.5999984741211,-2.6220407485961914,2.9792306423187256,101.5999984741211,-2.6220650672912598,2.493248224258423,-101.5999984741211,-3.087817430496216,2.493248224258423,101.5999984741211,-3.087841749191284,1.9355390071868896,-101.5999984741211,-3.4647626876831055,1.9355390071868896,101.5999984741211,-3.464787006378174,1.322148084640503,-101.5999984741211,-3.742032766342163,1.322148084640503,101.5999984741211,-3.7420570850372314,0.6707217693328857,-101.5999984741211,-3.911651372909546,0.6707217693328857,101.5999984741211,-3.9116756916046143,0.0,-101.5999984741211,-3.968738079071045,0.0,101.5999984741211,-3.9687623977661133,-0.6707220077514648,-101.5999984741211,-3.911651372909546,-0.6707220077514648,101.5999984741211,-3.9116756916046143,-1.3221487998962402,-101.5999984741211,-3.742032766342163,-1.3221487998962402,101.5999984741211,-3.7420570850372314,-1.9355394840240479,-101.5999984741211,-3.4647626876831055,-1.9355394840240479,101.5999984741211,-3.464787006378174,-2.493248224258423,-101.5999984741211,-3.087817430496216,-2.493248224258423,101.5999984741211,-3.087841749191284,-2.9792306423187256,-101.5999984741211,-2.6220407485961914,-2.9792306423187256,101.5999984741211,-2.6220650672912598,-3.3795063495635986,-101.5999984741211,-2.0808324813842773,-3.3795063495635986,101.5999984741211,-2.0808568000793457,-3.6825597286224365,-101.5999984741211,-1.479762315750122,-3.6825597286224365,101.5999984741211,-1.4797866344451904,-3.8796725273132324,-101.5999984741211,-0.8361216187477112,-3.8796725273132324,101.5999984741211,-0.83614581823349,-3.9651739597320557,-101.5999984741211,-0.16842655837535858,-3.9651739597320557,101.5999984741211,-0.16845078766345978,-3.936605215072632,-101.5999984741211,0.5041140913963318,-3.936605215072632,101.5999984741211,0.504089891910553,-3.7947869300842285,-101.5999984741211,1.1621527671813965,-3.7947869300842285,101.5999984741211,1.1621284484863281,-3.543799638748169,-101.5999984741211,1.7867579460144043,-3.543799638748169,101.5999984741211,1.786733627319336,-3.190863609313965,-101.5999984741211,2.3599624633789062,-3.190863609313965,101.5999984741211,2.359938144683838,-2.7461323738098145,-101.5999984741211,2.8652753829956055,-2.7461323738098145,101.5999984741211,2.865251064300537,-2.222400188446045,-101.5999984741211,3.2881598472595215,-2.222400188446045,101.5999984741211,3.288135528564453,-1.6347332000732422,-101.5999984741211,3.616450309753418,-1.6347332000732422,101.5999984741211,3.6164259910583496,-1.0000379085540771,-101.5999984741211,3.840702533721924,-1.0000379085540771,101.5999984741211,3.8406782150268555,-0.33657360076904297,101.5999984741211,3.954440116882324],
    "faces": [3,15,16,14,13,0,3,23,24,22,21,0,3,25,26,24,23,0,3,43,44,42,41,0,3,39,40,38,37,0,3,11,12,10,9,0,3,29,30,28,27,0,3,1,73,72,71,0,3,19,20,18,17,0,3,65,66,64,63,0,3,13,14,12,11,0,3,45,46,44,43,0,3,0,2,3,4,0,3,53,54,52,51,0,3,17,18,16,15,0,3,9,10,8,7,0,3,47,48,46,45,0,3,55,56,54,53,0,3,59,60,58,57,0,3,2,0,73,1,0,3,71,72,70,69,0,3,57,58,56,55,0,3,49,50,48,47,0,3,51,52,50,49,0,3,7,8,6,5,0,3,27,28,26,25,0,3,63,64,62,61,0,3,37,38,36,35,0,3,61,62,60,59,0,3,41,42,40,39,0,3,5,6,4,3,0,2,68,64,66,0,2,60,62,64,0,2,56,58,60,0,2,52,54,56,0,2,48,50,52,0,2,44,46,48,0,2,40,42,44,0,2,36,38,40,0,2,32,34,36,0,2,28,30,32,0,2,24,26,28,0,2,20,22,24,0,2,16,18,20,0,2,12,14,16,0,2,8,10,12,0,2,4,6,8,0,2,73,0,4,0,2,70,72,73,0,2,68,70,64,0,2,56,60,64,0,2,48,52,56,0,2,40,44,48,0,2,32,36,40,0,2,24,28,32,0,2,16,20,24,0,2,8,12,16,0,2,73,4,8,0,2,70,73,64,0,2,48,56,64,0,2,32,40,48,0,2,16,24,32,0,2,73,8,16,0,2,73,48,64,0,2,16,32,48,0,2,73,16,48,0,3,21,22,20,19,0,2,43,47,45,0,2,51,49,47,0,2,55,53,51,0,2,59,57,55,0,2,63,61,59,0,2,67,65,63,0,2,71,69,67,0,2,2,1,71,0,2,5,3,2,0,2,9,7,5,0,2,13,11,9,0,2,17,15,13,0,2,21,19,17,0,2,25,23,21,0,2,29,27,25,0,2,33,31,29,0,2,37,35,33,0,2,41,39,37,0,2,43,41,47,0,2,55,51,47,0,2,63,59,55,0,2,71,67,63,0,2,5,2,71,0,2,13,9,5,0,2,21,17,13,0,2,29,25,21,0,2,37,33,29,0,2,41,37,47,0,2,63,55,47,0,2,5,71,63,0,2,21,13,5,0,2,37,29,21,0,2,37,63,47,0,2,21,5,63,0,2,37,21,63,0,3,33,34,32,31,0,3,31,32,30,29,0,3,67,68,66,65,0,3,35,36,34,33,0,3,69,70,68,67,0],
    "name": "ROB-12185Geometry"
}