{
    "name": "ROB-12351Geometry",
    "uvs": [],
    "materials": [{
        "visible": true,
        "DbgColor": 15658734,
        "transparent": false,
        "colorSpecular": [0.45098042488098145,0.45098042488098145,0.45098042488098145],
        "colorAmbient": [0.800000011920929,0.800000011920929,0.800000011920929],
        "DbgIndex": 0,
        "wireframe": false,
        "depthWrite": true,
        "shading": "phong",
        "DbgName": "Material",
        "specularCoef": 100,
        "opacity": 0.0,
        "colorDiffuse": [0.800000011920929,0.800000011920929,0.800000011920929],
        "depthTest": true,
        "colorEmissive": [0.0,0.0,0.0],
        "blending": "NormalBlending"
    }],
    "metadata": {
        "version": 3,
        "uvs": 0,
        "vertices": 196,
        "materials": 1,
        "faces": 287,
        "generator": "io_three",
        "type": "Geometry"
    },
    "vertices": [1.7145001888275146,-0.6286501884460449,7.494094234061777e-08,2.8453104496002197,-0.6286502480506897,-0.26365676522254944,1.693392038345337,-0.6286502480506897,-0.26820698380470276,2.791343927383423,-0.6286502480506897,-0.6113137602806091,1.6305863857269287,-0.6286502480506897,-0.5298096537590027,2.695063829421997,-0.6286503076553345,-0.9497038722038269,1.5276305675506592,-0.6286503076553345,-0.7783665060997009,2.557929754257202,-0.6286503672599792,-1.2736973762512207,1.3870594501495361,-0.6286503076553345,-1.0077577829360962,-0.17591023445129395,-0.6286498308181763,2.8520798683166504,2.384185791015625e-07,-0.6286500096321106,1.714500069618225,-0.2682068347930908,-0.6286500096321106,1.6933919191360474,1.5276305675506592,-0.6286500692367554,0.7783666253089905,2.6314876079559326,-0.6286500692367554,1.1138132810592651,1.6305863857269287,-0.6286501288414001,0.5298095345497131,2.7484166622161865,-0.6286500692367554,0.7819920182228088,1.693392038345337,-0.6286501288414001,0.268206924200058,2.823683023452759,-0.6286501288414001,0.43831667304039,2.856144666671753,-0.6286501884460449,0.08799703419208527,0.17591047286987305,-0.6286498308181763,2.8520798683166504,0.2682070732116699,-0.6286500096321106,1.6933919191360474,0.5250644683837891,-0.6286498308181763,2.8088455200195312,0.5298097133636475,-0.6286500096321106,1.6305862665176392,0.8662588596343994,-0.628649890422821,2.723031520843506,0.7783668041229248,-0.6286500096321106,1.5276304483413696,-1.2123345136642456,-0.6286503076553345,-1.2123346328735352,-2.169999361038208,-0.628650426864624,-1.8591417074203491,-1.3870595693588257,-0.6286503076553345,-1.0077577829360962,-2.382018566131592,-0.6286503672599792,-1.5783828496932983,-1.5276305675506592,-0.6286503076553345,-0.7783665060997009,-2.557929039001465,-0.6286503672599792,-1.2736973762512207,-1.6305861473083496,-0.6286502480506897,-0.5298096537590027,-2.695063591003418,-0.6286503076553345,-0.9497038722038269,-1.6933915615081787,-0.6286502480506897,-0.26820698380470276,-0.2682068347930908,-0.6286503672599792,-1.6933916807174683,-0.6969833374023438,-0.6286505460739136,-2.7711949348449707,-0.5298094749450684,-0.6286503672599792,-1.6305862665176392,-1.0322479009628296,-0.6286504864692688,-2.6645395755767822,-0.7783663272857666,-0.6286503672599792,-1.5276306867599487,-1.3518646955490112,-0.6286504864692688,-2.5174922943115234,-1.0077576637268066,-0.6286503672599792,-1.3870596885681152,-1.6509885787963867,-0.6286504864692688,-2.332282781600952,-1.925085186958313,-0.628650426864624,-2.11171817779541,1.194321870803833,-0.628649890422821,2.5959391593933105,1.5042798519134521,-0.628649890422821,2.429495334625244,1.0077579021453857,-0.6286500096321106,1.3870593309402466,1.7914350032806396,-0.6286499500274658,2.2262229919433594,1.2123348712921143,-0.6286500692367554,1.2123347520828247,2.0514333248138428,-0.6286499500274658,1.989202618598938,1.3870594501495361,-0.6286500692367554,1.0077577829360962,2.280334234237671,-0.6286500096321106,1.722028374671936,2.4746673107147217,-0.6286500096321106,1.4287501573562622,-1.6305861473083496,-0.6286501288414001,0.5298095345497131,-2.6314873695373535,-0.6286500692367554,1.1138132810592651,-1.5276305675506592,-0.6286500692367554,0.7783666253089905,-2.4746673107147217,-0.6286500096321106,1.4287501573562622,-1.3870595693588257,-0.6286500692367554,1.0077577829360962,-2.280333995819092,-0.6286500096321106,1.722028374671936,-1.2123345136642456,-0.6286500692367554,1.2123347520828247,-2.0514330863952637,-0.6286499500274658,1.989202618598938,-1.0077576637268066,-0.6286500096321106,1.3870593309402466,-1.791434645652771,-0.6286499500274658,2.2262229919433594,-1.5042797327041626,-0.628649890422821,2.429495334625244,-0.7783663272857666,-0.6286500096321106,1.5276304483413696,-1.1943215131759644,-0.628649890422821,2.5959391593933105,-0.5298094749450684,-0.6286500096321106,1.6305862665176392,-0.8662586212158203,-0.628649890422821,2.723031520843506,-0.52506422996521,-0.6286498308181763,2.8088455200195312,-2.7913436889648438,-0.6286502480506897,-0.6113137602806091,-2.8453102111816406,-0.6286502480506897,-0.26365676522254944,-1.714499831199646,-0.6286501884460449,7.494094234061777e-08,-2.856144428253174,-0.6286501884460449,0.08799703419208527,-1.6933915615081787,-0.6286501288414001,0.268206924200058,-2.8236825466156006,-0.6286501288414001,0.43831667304039,-2.7484166622161865,-0.6286500692367554,0.7819920182228088,0.5298097133636475,-0.6286503672599792,-1.6305862665176392,0.6969835758209229,-0.6286505460739136,-2.7711949348449707,0.2682070732116699,-0.6286503672599792,-1.6933916807174683,0.3511533737182617,-0.6286505460739136,-2.835841655731201,2.384185791015625e-07,-0.6286503672599792,-1.7144999504089355,2.384185791015625e-07,-0.6286505460739136,-2.8575000762939453,-0.3511531352996826,-0.6286505460739136,-2.835841655731201,2.382018804550171,-0.6286503672599792,-1.5783828496932983,2.169999837875366,-0.628650426864624,-1.8591417074203491,1.2123348712921143,-0.6286503076553345,-1.2123346328735352,1.9250857830047607,-0.628650426864624,-2.11171817779541,1.0077579021453857,-0.6286503672599792,-1.3870596885681152,1.6509888172149658,-0.6286504864692688,-2.332282781600952,0.7783668041229248,-0.6286503672599792,-1.5276306867599487,1.3518650531768799,-0.6286504864692688,-2.5174922943115234,1.0322480201721191,-0.6286504864692688,-2.6645395755767822,-0.17591023445129395,-4.133849620819092,2.8520803451538086,0.17591047286987305,-4.133849620819092,2.8520803451538086,0.5250644683837891,-4.133849620819092,2.8088459968566895,0.8662588596343994,-4.133849620819092,2.723031997680664,1.194321870803833,-4.133849620819092,2.5959396362304688,1.5042798519134521,-4.133849620819092,2.4294958114624023,1.7914350032806396,-4.133849620819092,2.2262234687805176,2.0514333248138428,-4.13385009765625,1.9892029762268066,2.280334234237671,-4.13385009765625,1.7220287322998047,2.4746673107147217,-4.13385009765625,1.4287505149841309,2.6314876079559326,-4.13385009765625,1.1138136386871338,2.7484166622161865,-4.13385009765625,0.7819924354553223,2.823683023452759,-4.13385009765625,0.43831709027290344,2.856144666671753,-4.13385009765625,0.0879974514245987,2.8453104496002197,-4.13385009765625,-0.263656347990036,2.791343927383423,-4.13385009765625,-0.6113133430480957,2.695063829421997,-4.13385009765625,-0.9497034549713135,2.557929754257202,-4.13385009765625,-1.273697018623352,2.382018804550171,-4.13385009765625,-1.5783824920654297,2.169999837875366,-4.13385009765625,-1.8591413497924805,1.9250857830047607,-4.133850574493408,-2.111717700958252,1.6509888172149658,-4.133850574493408,-2.332282304763794,1.3518650531768799,-4.133850574493408,-2.5174918174743652,1.0322480201721191,-4.133850574493408,-2.664539098739624,0.6969835758209229,-4.133850574493408,-2.7711944580078125,0.3511533737182617,-4.133850574493408,-2.835841178894043,2.384185791015625e-07,-4.133850574493408,-2.857499599456787,-0.3511531352996826,-4.133850574493408,-2.835841178894043,-0.6969833374023438,-4.133850574493408,-2.7711944580078125,-1.0322479009628296,-4.133850574493408,-2.664539098739624,