{
    "materials": [{
        "depthWrite": true,
        "depthTest": true,
        "opacity": 0.0,
        "DbgName": "Black Plastic",
        "specularCoef": 50,
        "colorDiffuse": [0.0,0.0,0.0],
        "blending": "NormalBlending",
        "colorEmissive": [0.0,0.0,0.0],
        "colorAmbient": [0.0,0.0,0.0],
        "visible": true,
        "colorSpecular": [0.3235294222831726,0.3235294222831726,0.3235294222831726],
        "shading": "phong",
        "wireframe": false,
        "transparent": false,
        "DbgIndex": 0,
        "DbgColor": 15658734
    },{
        "depthWrite": true,
        "depthTest": true,
        "opacity": 0.0,
        "DbgName": "Metal",
        "specularCoef": 50,
        "colorDiffuse": [0.5,0.5,0.5],
        "blending": "NormalBlending",
        "colorEmissive": [0.0,0.0,0.0],
        "colorAmbient": [0.5,0.5,0.5],
        "visible": true,
        "colorSpecular": [0.8784314393997192,0.8784314393997192,0.8784314393997192],
        "shading": "phong",
        "wireframe": false,
        "transparent": false,
        "DbgIndex": 1,
        "DbgColor": 15597568
    },{
        "depthWrite": true,
        "depthTest": true,
        "opacity": 0.0,
        "DbgName": "White_plastic",
        "specularCoef": 50,
        "colorDiffuse": [1.0,1.0,1.0],
        "blending": "NormalBlending",
        "colorEmissive": [0.0,0.0,0.0],
        "colorAmbient": [1.0,1.0,1.0],
        "visible": true,
        "colorSpecular": [0.5,0.5,0.5],
        "shading": "phong",
        "wireframe": false,
        "transparent": false,
        "DbgIndex": 2,
        "DbgColor": 60928
    }],
    "uvs": [],
    "vertices": [-2.0447001457214355,1.1299997568130493,-1.399999976158142,-2.0447001457214355,1.1299999952316284,1.399999976158142,-1.77745521068573,1.1299997568130493,-1.399999976158142,-1.77745521068573,1.1299999952316284,1.399999976158142,2.055299758911133,1.1299999952316284,1.399999976158142,2.055299758911133,1.1299997568130493,-1.399999976158142,-1.5670166015625,1.1299999952316284,1.399999976158142,-1.5670166015625,1.1299997568130493,-1.399999976158142,2.178084373474121,0.12999990582466125,0.8030000329017639,2.178084373474121,0.12999993562698364,1.5227845907211304,2.15352725982666,-0.07000001519918442,0.8030000329017639,2.055299758911133,-0.8700000643730164,1.399999976158142,2.15352725982666,-0.07000008970499039,-0.7970000505447388,2.055299758911133,-0.8700001835823059,-1.399999976158142,2.178084373474121,0.12999984622001648,-0.7970000505447388,2.178084373474121,0.1299998164176941,-1.5227845907211304,-2.167484760284424,0.12999984622001648,-0.7970000505447388,-2.167484760284424,0.1299998164176941,-1.5227845907211304,-2.142927646636963,-0.07000008970499039,-0.7970000505447388,-2.0447001457214355,-0.8700001835823059,-1.399999976158142,-2.142927646636963,-0.07000001519918442,0.8030000329017639,-2.0447001457214355,-0.8700000643730164,1.399999976158142,-2.167484760284424,0.12999990582466125,0.8030000329017639,-2.167484760284424,0.12999993562698364,1.5227845907211304,-1.0230846405029297,-0.9400001764297485,-0.796999990940094,-2.323084592819214,-0.9400001764297485,-0.796999990940094,-1.0230846405029297,-0.940000057220459,0.8030000925064087,-2.323084592819214,-0.940000057220459,0.8030000925064087,-1.0230846405029297,-1.1400001049041748,-0.796999990940094,-1.0230846405029297,-1.1400001049041748,0.8030000925064087,-2.5230846405029297,-1.1400001049041748,-0.796999990940094,-2.5230846405029297,-1.1400001049041748,0.8030000925064087,-2.5230846405029297,0.12999984622001648,-0.7970000505447388,-2.5230846405029297,0.12999990582466125,0.8030000329017639,-2.323084592819214,-0.07000001519918442,0.8030000329017639,-2.323084592819214,-0.07000008970499039,-0.7970000505447388,2.3230843544006348,-0.9400001764297485,-0.796999990940094,1.0230844020843506,-0.9400001764297485,-0.796999990940094,2.3230843544006348,-0.940000057220459,0.8030000925064087,1.0230844020843506,-0.940000057220459,0.8030000925064087,2.3230843544006348,-0.07000008970499039,-0.7970000505447388,2.3230843544006348,-0.07000001519918442,0.8030000329017639,2.5230846405029297,0.12999990582466125,0.8030000329017639,2.5230846405029297,0.12999984622001648,-0.7970000505447388,2.5230846405029297,-1.1400001049041748,-0.796999990940094,2.5230846405029297,-1.1400001049041748,0.8030000925064087,1.0230844020843506,-1.1400001049041748,-0.796999990940094,1.0230844020843506,-1.1400001049041748,0.8030000925064087,-1.77745521068573,1.1400002241134644,1.399999976158142,-1.77745521068573,1.1399999856948853,-1.399999976158142,-1.5670166015625,1.1400002241134644,1.399999976158142,-1.5670166015625,1.1399999856948853,-1.399999976158142],
    "name": "DO-214ACGeometry",
    "faces": [3,30,31,33,32,1,2,13,9,11,0,2,10,8,9,0,2,15,14,12,0,2,13,10,9,0,2,13,15,12,0,2,13,12,10,0,2,17,5,15,0,2,2,7,5,0,2,17,0,2,0,2,17,2,5,0,2,21,17,19,0,2,18,16,17,0,2,23,22,20,0,2,21,18,17,0,2,21,23,20,0,2,21,20,18,0,3,36,38,41,40,1,3,11,9,23,21,0,2,4,23,9,0,2,3,1,23,0,2,4,6,3,0,2,4,3,23,0,3,46,47,39,37,1,2,0,17,16,0,2,22,23,16,0,2,23,1,0,0,2,23,0,16,0,3,19,17,15,13,0,2,26,31,29,1,2,20,22,33,1,2,26,27,31,1,2,34,20,33,1,2,27,33,31,1,2,27,34,33,1,3,49,2,3,48,2,3,43,42,45,44,1,3,5,7,6,4,0,2,47,38,39,1,2,8,10,41,1,2,47,45,38,1,2,42,8,41,1,2,45,41,38,1,2,45,42,41,1,3,50,6,7,51,2,3,37,39,38,36,1,3,24,26,29,28,1,3,48,3,6,50,2,2,35,16,18,1,2,24,28,30,1,2,35,32,16,1,2,25,24,30,1,2,35,30,32,1,2,35,25,30,1,3,35,18,20,34,1,2,4,9,8,0,2,14,15,5,0,2,14,4,8,0,2,14,5,4,0,3,35,34,27,25,1,3,51,7,2,49,2,3,32,33,22,16,1,3,51,49,48,50,2,3,11,21,19,13,0,3,28,29,31,30,1,2,43,12,14,1,2,46,37,36,1,2,43,40,12,1,2,44,46,36,1,2,43,36,40,1,2,43,44,36,1,3,44,45,47,46,1,3,40,41,10,12,1,3,25,27,26,24,1,3,43,14,8,42,1,3,2,0,1,3,0],
    "metadata": {
        "materials": 3,
        "uvs": 0,
        "generator": "io_three",
        "vertices": 52,
        "type": "Geometry",
        "faces": 76,
        "version": 3
    }
}