{
    "materials": [{
        "colorEmissive": [0.0,0.0,0.0],
        "colorDiffuse": [0.800000011920929,0.800000011920929,0.800000011920929],
        "depthTest": true,
        "blending": "NormalBlending",
        "transparent": false,
        "colorAmbient": [0.800000011920929,0.800000011920929,0.800000011920929],
        "DbgColor": 15658734,
        "shading": "phong",
        "depthWrite": true,
        "colorSpecular": [0.45098042488098145,0.45098042488098145,0.45098042488098145],
        "opacity": 0.0,
        "DbgIndex": 0,
        "specularCoef": 100,
        "wireframe": false,
        "visible": true,
        "DbgName": "Material"
    }],
    "faces": [3,105,47,45,104,0,2,3,0,1,0,2,3,4,2,0,2,3,2,0,0,3,100,37,35,99,0,3,86,9,7,85,0,3,59,74,75,61,0,3,42,153,152,40,0,2,93,95,94,0,2,97,96,95,0,2,99,98,97,0,2,112,113,99,0,2,103,111,115,0,2,112,99,97,0,2,104,103,115,0,2,112,97,95,0,2,105,104,115,0,2,93,112,95,0,2,106,105,115,0,2,93,114,112,0,2,106,115,116,0,2,93,92,114,0,2,107,106,116,0,2,92,91,114,0,2,108,107,116,0,2,91,90,114,0,2,109,108,116,0,2,90,89,114,0,2,110,109,116,0,2,89,88,114,0,2,74,110,116,0,2,88,87,114,0,2,75,74,116,0,2,87,86,114,0,2,75,116,114,0,2,77,76,75,0,2,79,78,77,0,2,81,80,79,0,2,83,82,81,0,2,85,84,83,0,2,86,85,114,0,2,77,75,114,0,2,81,79,77,0,2,85,83,81,0,2,85,77,114,0,2,85,81,77,0,3,58,161,160,56,0,3,56,160,159,54,0,3,85,7,5,84,0,2,1,0,72,0,2,6,4,3,0,2,1,72,70,0,2,6,3,8,0,2,1,70,68,0,2,3,10,8,0,2,1,68,66,0,2,3,12,10,0,2,1,66,64,0,2,3,5,12,0,2,73,1,64,0,2,5,14,12,0,2,73,64,62,0,2,5,7,14,0,2,71,73,62,0,2,7,16,14,0,2,71,62,60,0,2,7,9,16,0,2,69,71,60,0,2,9,18,16,0,2,69,60,58,0,2,9,11,18,0,2,67,69,58,0,2,11,20,18,0,2,67,58,56,0,2,11,13,20,0,2,65,67,56,0,2,13,22,20,0,2,65,56,54,0,2,13,15,22,0,2,63,65,54,0,2,15,24,22,0,2,63,54,52,0,2,15,17,24,0,2,61,63,52,0,2,17,26,24,0,2,61,52,50,0,2,17,19,26,0,2,59,61,50,0,2,19,28,26,0,2,59,50,48,0,2,19,21,28,0,2,57,59,48,0,2,21,30,28,0,2,57,48,46,0,2,21,23,30,0,2,55,57,46,0,2,23,32,30,0,2,55,46,44,0,2,23,25,32,0,2,53,55,44,0,2,25,34,32,0,2,53,44,42,0,2,25,27,34,0,2,51,53,42,0,2,27,36,34,0,2,51,42,40,0,2,27,29,36,0,2,49,51,40,0,2,29,38,36,0,2,49,40,38,0,2,45,47,49,0,2,41,43,45,0,2,37,39,41,0,2,33,35,37,0,2,29,31,33,0,2,29,49,38,0,2,41,45,49,0,2,33,37,41,0,2,29,33,49,0,2,33,41,49,0,2,120,124,123,0,2,118,117,124,0,2,120,119,118,0,2,120,118,124,0,3,78,67,65,77,0,3,87,11,9,86,0,3,106,49,47,105,0,3,77,65,63,76,0,3,40,152,151,38,0,3,46,155,154,44,0,3,18,141,140,16,0,3,161,58,60,125,0,3,38,151,150,36,0,3,20,142,141,18,0,3,96,29,27,95,0,3,14,139,138,12,0,3,32,148,147,30,0,3,120,122,121,119,0,3,94,25,23,93,0,3,103,43,41,102,0,3,132,0,2,133,0,3,99,35,33,98,0,3,64,127,126,62,0,3,81,73,71,80,0,3,89,15,13,88,0,3,92,21,19,91,0,3,124,116,115,123,0,3,88,13,11,87,0,3,62,126,125,60,0,3,70,130,129,68,0,3,0,132,131,72,0,3,102,41,39,101,0,3,50,157,156,48,0,3,97,31,29,96,0,3,104,45,43,103,0,3,123,115,111,120,0,3,119,113,112,118,0,3,74,59,57,110,0,2,134,132,133,0,2,130,131,132,0,2,128,129,130,0,2,126,127,128,0,2,161,125,126,0,2,159,160,161,0,2,157,158,159,0,2,155,156,157,0,2,153,154,155,0,2,151,152,153,0,2,149,150,151,0,2,147,148,149,0,2,145,146,147,0,2,143,144,145,0,2,141,142,143,0,2,139,140,141,0,2,137,138,139,0,2,135,136,137,0,2,134,135,132,0,2,128,130,132,0,2,161,126,128,0,2,157,159,161,0,2,153,155,157,0,2,149,151,153,0,2,145,147,149,0,2,141,143,145,0,2,137,139,141,0,2,135,137,132,0,2,161,128,132,0,2,153,157,161,0,2,145,149,153,0,2,137,141,145,0,2,137,161,132,0,2,145,153,161,0,2,137,145,161,0,3,91,19,17,90,0,3,52,158,157,50,0,3,76,63,61,75,0,3,84,5,3,83,0,3,44,154,153,42,0,3,4,134,133,2,0,3,34,149,148,32,0,3,6,135,134,4,0,3,98,33,31,97,0,3,95,27,25,94,0,3,82,1,73,81,0,3,80,71,69,79,0,3,110,57,55,109,0,3,26,145,144,24,0,3,54,159,158,52,0,3,108,53,51,107,0,3,30,147,146,28,0,3,12,138,137,10,0,3,101,39,37,100,0,3,48,156,155,46,0,3,22,143,142,20,0,3,79,69,67,78,0,3,28,146,145,26,0,3,72,131,130,70,0,3,107,51,49,106,0,3,93,23,21,92,0,3,66,128,127,64,0,3,16,140,139,14,0,3,117,114,116,124,0,3,10,137,136,8,0,3,24,144,143,22,0,3,68,129,128,66,0,3,109,55,53,108,0,2,102,111,103,0,2,99,113,111,0,2,101,100,99,0,2,102,101,111,0,2,101,99,111,0,3,8,136,135,6,0,3,36,150,149,34,0,3,90,17,15,89,0,3,83,3,1,82,0,3,118,112,114,117,0],