{
    "materials": [{
        "specularCoef": 50,
        "colorSpecular": [0.3235294222831726,0.3235294222831726,0.3235294222831726],
        "colorAmbient": [0.0,0.0,0.0],
        "DbgIndex": 0,
        "DbgName": "Material",
        "blending": "NormalBlending",
        "colorDiffuse": [0.0,0.0,0.0],
        "visible": true,
        "shading": "phong",
        "colorEmissive": [0.0,0.0,0.0],
        "transparent": false,
        "depthWrite": true,
        "DbgColor": 15658734,
        "opacity": 0.0,
        "wireframe": false,
        "depthTest": true
    }],
    "uvs": [],
    "name": "ROB-12269Geometry",
    "faces": [3,200,109,107,202,0,3,160,7,9,158,0,3,127,40,42,125,0,3,166,96,98,209,0,3,140,73,75,231,0,3,195,112,114,193,0,3,218,90,88,220,0,3,131,36,38,129,0,2,103,102,100,0,2,46,44,43,0,2,103,100,98,0,2,3,46,43,0,2,103,98,96,0,2,5,3,43,0,2,103,96,70,0,2,7,5,43,0,2,103,70,68,0,2,7,43,45,0,2,101,103,68,0,2,9,7,45,0,2,101,68,66,0,2,9,45,47,0,2,99,101,66,0,2,11,9,47,0,2,99,66,64,0,2,11,47,48,0,2,97,99,64,0,2,13,11,48,0,2,97,64,62,0,2,13,48,4,0,2,95,97,62,0,2,15,13,4,0,2,95,62,60,0,2,15,4,6,0,2,94,95,60,0,2,17,15,6,0,2,94,60,58,0,2,17,6,8,0,2,69,94,58,0,2,17,8,10,0,2,69,58,56,0,2,19,17,10,0,2,67,69,56,0,2,19,10,12,0,2,65,67,56,0,2,21,19,12,0,2,65,56,54,0,2,21,12,14,0,2,63,65,54,0,2,23,21,14,0,2,63,54,52,0,2,23,14,16,0,2,61,63,52,0,2,25,23,16,0,2,61,52,50,0,2,25,16,18,0,2,59,61,50,0,2,73,25,18,0,2,59,50,1,0,2,73,18,20,0,2,57,59,1,0,2,75,73,20,0,2,57,1,2,0,2,75,20,22,0,2,55,57,2,0,2,77,75,22,0,2,55,2,91,0,2,77,22,24,0,2,53,55,91,0,2,79,77,24,0,2,53,91,89,0,2,79,24,71,0,2,51,53,89,0,2,81,79,71,0,2,87,51,89,0,2,81,71,72,0,2,87,49,51,0,2,83,81,72,0,2,87,85,49,0,2,83,72,74,0,2,85,0,49,0,2,85,83,74,0,2,74,76,78,0,2,78,80,82,0,2,82,84,86,0,2,86,88,90,0,2,90,92,93,0,2,85,93,0,0,2,85,74,78,0,2,78,82,86,0,2,86,90,93,0,2,85,78,93,0,2,78,86,93,0,3,213,2,1,164,0,3,145,24,22,147,0,3,203,104,106,201,0,3,152,15,17,150,0,3,191,26,28,139,0,3,226,82,80,228,0,3,169,94,69,171,0,3,201,106,108,199,0,3,126,43,41,128,0,3,228,80,78,230,0,3,125,42,44,123,0,3,149,20,18,151,0,3,202,107,105,204,0,3,168,70,96,166,0,3,128,41,39,130,0,3,121,46,3,119,0,3,212,0,93,214,0,2,120,119,118,0,2,122,121,119,0,2,120,122,119,0,3,233,74,72,141,0,3,230,78,76,232,0,2,118,119,117,0,2,123,121,122,0,2,118,117,160,0,2,125,123,122,0,2,118,160,158,0,2,127,125,122,0,2,118,158,156,0,2,129,127,122,0,2,118,156,154,0,2,131,129,122,0,2,118,154,152,0,2,131,122,124,0,2,162,118,152,0,2,131,124,133,0,2,162,152,150,0,2,124,126,133,0,2,161,162,150,0,2,126,135,133,0,2,159,161,150,0,2,126,128,135,0,2,159,150,148,0,2,128,137,135,0,2,157,159,148,0,2,128,130,137,0,2,157,148,146,0,2,130,139,137,0,2,155,157,146,0,2,130,132,139,0,2,155,146,144,0,2,132,191,139,0,2,153,155,144,0,2,132,134,191,0,2,153,144,142,0,2,134,193,191,0,2,151,153,142,0,2,134,136,193,0,2,151,142,140,0,2,136,195,193,0,2,149,151,140,0,2,136,138,195,0,2,149,140,231,0,2,138,197,195,0,2,147,149,231,0,2,138,189,197,0,2,147,231,229,0,2,189,199,197,0,2,145,147,229,0,2,189,190,199,0,2,145,229,227,0,2,190,201,199,0,2,143,145,227,0,2,190,192,201,0,2,143,227,225,0,2,192,203,201,0,2,141,143,225,0,2,192,194,203,0,2,141,225,223,0,2,194,196,203,0,2,233,141,223,0,2,196,205,203,0,2,233,223,221,0,2,196,198,205,0,2,232,233,221,0,2,198,207,205,0,2,232,221,219,0,2,198,200,207,0,2,230,232,219,0,2,200,209,207,0,2,228,230,219,0,2,200,202,209,0,2,228,219,217,0,2,202,166,209,0,2,226,228,217,0,2,202,204,166,0,2,226,217,215,0,2,204,168,166,0,2,224,226,215,0,2,204,206,168,0,2,224,215,213,0,2,206,170,168,0,2,222,224,213,0,2,206,208,170,0,2,222,213,164,0,2,208,172,170,0,2,220,222,164,0,2,208,210,172,0,2,220,164,165,0,2,210,174,172,0,2,218,220,165,0,2,210,211,174,0,2,218,165,186,0,2,211,176,174,0,2,216,218,186,0,2,211,167,176,0,2,216,186,184,0,2,167,178,176,0,2,214,216,184,0,2,167,169,178,0,2,214,184,182,0,2,169,180,178,0,2,212,214,182,0,2,169,171,180,0,2,212,182,180,0,2,188,163,212,0,2,185,187,188,0,2,181,183,185,0,2,177,179,181,0,2,173,175,177,0,2,171,173,180,0,2,188,212,180,0,2,181,185,188,0,2,173,177,181,0,2,173,188,180,0,2,173,181,188,0,3,119,3,5,117,0,3,138,31,29,189,0,3,190,27,116,192,0,3,199,108,110,197,0,3,231,75,77,229,0,3,150,17,19,148,0,3,222,86,84,224,0,3,159,10,8,161,0,3,198,111,109,200,0,3,171,69,67,173,0,3,197,110,112,195,0,3,0,212,163,49,0,3,182,56,58,180,0,3,143,71,24,145,0,3,219,87,89,217,0,3,147,22,20,149,0,3,196,113,111,198,0,3,179,61,59,181,0,3,156,11,13,154,0,3,157,12,10,159,0,2,43,39,41,0,2,35,37,39,0,2,31,33,35,0,2,27,29,31,0,2,115,116,27,0,2,111,113,115,0,2,107,109,111,0,2,103,105,107,0,2,104,102,103,0,2,43,44,42,0,2,106,104,103,0,2,43,42,40,0,2,108,106,103,0,2,43,40,38,0,2,110,108,103,0,2,43,38,36,0,2,112,110,103,0,2,43,36,34,0,2,112,103,107,0,2,43,34,32,0,2,114,112,107,0,2,43,32,39,0,2,26,114,107,0,2,32,30,39,0,2,26,107,111,0,2,30,28,39,0,2,28,26,111,0,2,111,115,27,0,2,27,31,35,0,2,28,35,39,0,2,28,111,27,0,2,28,27,35,0,3,170,68,70,168,0,3,194,115,113,196,0,3,165,50,52,186,0,3,174,64,66,172,0,3,224,84,82,226,0,3,217,89,91,215,0,3,178,60,62,176,0,3,186,52,54,184,0,3,221,85,87,219,0,3,180,58,60,178,0,3,229,77,79,227,0,3,162,6,4,118,0,3,220,88,86,222,0,3,223,83,85,221,0,3,141,72,71,143,0,3,227,79,81,225,0,3,232,76,74,233,0,3,120,48,47,122,0,3,208,101,99,210,0,3,122,47,45,124,0,3,164,1,50,165,0,3,118,4,48,120,0,3,207,100,102,205,0,3,146,21,23,144,0,3,148,19,21,146,0,3,177,63,61,179,0,3,189,29,27,190,0,3,225,81,83,223,0,3,173,67,65,175,0,3,188,51,49,163,0,3,130,39,37,132,0,3,153,16,14,155,0,3,40,127,129,38,0,3,172,66,68,170,0,3,139,28,30,137,0,3,176,62,64,174,0,3,123,44,46,121,0,3,183,57,55,185,0,3,167,95,94,169,0,3,151,18,16,153,0,3,124,45,43,126,0,3,137,30,32,135,0,3,216,92,90,218,0,3,210,99,97,211,0,3,134,35,33,136,0,3,184,54,56,182,0,3,154,13,15,152,0,3,187,53,51,188,0,3,136,33,31,138,0,3,161,8,6,162,0,3,181,59,57,183,0,3,185,55,53,187,0,3,205,102,104,203,0,3,133,34,36,131,0,3,175,65,63,177,0,3,155,14,12,157,0,3,214,93,92,216,0,3,209,98,100,207,0,3,206,103,101,208,0,3,158,9,11,156,0,3,215,91,2,213,0,3,211,97,95,167,0,3,142,25,73,140,0,3,193,114,26,191,0,3,117,5,7,160,0,3,144,23,25,142,0,3,132,37,35,134,0,3,204,105,103,206,0,3,135,32,34,133,0,3,192,116,115,194,0],