{
    "uvs": [],
    "materials": [{
        "specularCoef": 100,
        "visible": true,
        "colorDiffuse": [0.800000011920929,0.800000011920929,0.800000011920929],
        "colorEmissive": [0.0,0.0,0.0],
        "transparent": false,
        "depthWrite": true,
        "shading": "phong",
        "blending": "NormalBlending",
        "opacity": 0.0,
        "DbgIndex": 0,
        "colorAmbient": [0.800000011920929,0.800000011920929,0.800000011920929],
        "depthTest": true,
        "wireframe": false,
        "DbgName": "Material",
        "DbgColor": 15658734,
        "colorSpecular": [0.45098042488098145,0.45098042488098145,0.45098042488098145]
    }],
    "vertices": [4.533578872680664,25.399999618530273,3.353015184402466,5.105381011962891,25.399999618530273,3.7759172916412354,5.035029411315918,25.399999618530273,2.5386059284210205,5.670079231262207,25.399999618530273,2.858790636062622,5.391632080078125,25.399999618530273,1.651166319847107,6.071658134460449,25.399999618530273,1.8594211339950562,5.593127250671387,25.399999618530273,0.7162249684333801,6.298566818237305,25.399999618530273,0.8065598607063293,5.633718490600586,25.399999618530273,-0.23932044208049774,6.344278335571289,25.399999618530273,-0.26950472593307495,5.512238502502441,25.399999618530273,-1.1879812479019165,6.207475662231445,25.399999618530273,-1.3378163576126099,5.232180595397949,25.399999618530273,-2.102466344833374,5.892095565795898,25.399999618530273,-2.3676416873931885,4.801602363586426,25.399999618530273,-2.9564671516418457,5.407209396362305,25.399999618530273,-3.3293542861938477,4.2328901290893555,25.399999618530273,-3.7254157066345215,4.766768455505371,25.399999618530273,-4.195287704467773,3.5424060821533203,25.399999618530273,-4.387190818786621,3.98919677734375,25.399999618530273,-4.940529823303223,2.750014305114746,25.399999618530273,-4.922754764556885,3.09686279296875,25.399999618530273,-5.543642044067383,1.8785085678100586,25.399999618530273,-5.316700458526611,2.115436553955078,25.399999618530273,-5.987274646759033,0.9529614448547363,25.399999618530273,-5.557693958282471,1.0731544494628906,25.399999618530273,-6.258663654327393,-4.76837158203125e-07,25.399999618530273,-5.638803005218506,-4.76837158203125e-07,25.399999618530273,-6.350002765655518,-0.9529623985290527,25.399999618530273,-5.557693958282471,-1.073155403137207,25.399999618530273,-6.258663654327393,-1.878509521484375,25.399999618530273,-5.316700458526611,-2.1154379844665527,25.399999618530273,-5.987274646759033,-2.750014543533325,25.399999618530273,-4.922754764556885,-3.096863269805908,25.399999618530273,-5.543642044067383,-3.542407512664795,25.399999618530273,-4.387190818786621,-3.989197254180908,25.399999618530273,-4.940529823303223,-4.232891082763672,25.399999618530273,-3.7254157066345215,-4.7667694091796875,25.399999618530273,-4.195287704467773,-4.801603317260742,25.399999618530273,-2.9564671516418457,-5.407210350036621,25.399999618530273,-3.3293542861938477,-5.232181072235107,25.399999618530273,-2.102466344833374,-5.892095565795898,25.399999618530273,-2.3676416873931885,-5.5122389793396,25.399999618530273,-1.1879812479019165,-6.2074761390686035,25.399999618530273,-1.3378163576126099,-5.6337199211120605,25.399999618530273,-0.23932044208049774,-6.344278812408447,25.399999618530273,-0.26950472593307495,-5.593128681182861,25.399999618530273,0.7162249684333801,-6.298568248748779,25.399999618530273,0.8065598607063293,-5.3916335105896,25.399999618530273,1.651166319847107,-6.071659088134766,25.399999618530273,1.8594211339950562,-5.035030364990234,25.399999618530273,2.5386059284210205,-5.670079231262207,25.399999618530273,2.858790636062622,-4.5335798263549805,25.399999618530273,3.353015184402466,-5.105382442474365,25.399999618530273,3.7759172916412354,-3.901705265045166,25.399999618530273,4.070963382720947,-4.39381217956543,25.399999618530273,4.584418773651123,-3.1575863361358643,25.399999618530273,4.671797275543213,-3.555840253829956,25.399999618530273,5.261033535003662,-2.322628974914551,25.399999618530273,5.1382317543029785,-2.6155734062194824,25.399999618530273,5.7862982749938965,-1.4208545684814453,25.399999618530273,5.456850528717041,-1.6000609397888184,25.399999618530273,6.145101070404053,-0.47820425033569336,25.399999618530273,5.618483066558838,-0.538517951965332,25.399999618530273,6.327121257781982,-4.76837158203125e-07,25.399999618530273,6.349997043609619,0.47820329666137695,25.399999618530273,5.618483066558838,0.5385174751281738,25.399999618530273,6.327121257781982,1.420853614807129,25.399999618530273,5.456850528717041,1.6000604629516602,25.399999618530273,6.145101070404053,2.3226280212402344,25.399999618530273,5.1382317543029785,2.615571975708008,25.399999618530273,5.7862982749938965,3.1575851440429688,25.399999618530273,4.671797275543213,3.5558385848999023,25.399999618530273,5.261033535003662,3.9017038345336914,25.399999618530273,4.070963382720947,4.393811225891113,25.399999618530273,4.584418773651123,3.5424060821533203,-25.399999618530273,-4.387185096740723,3.98919677734375,-25.399999618530273,-4.940524101257324,4.2328901290893555,-25.399999618530273,-3.725409507751465,4.766768455505371,-25.399999618530273,-4.195281982421875,4.801602363586426,-25.399999618530273,-2.956460952758789,5.407209396362305,-25.399999618530273,-3.329348087310791,5.232180595397949,-25.399999618530273,-2.1024601459503174,5.892095565795898,-25.399999618530273,-2.367635488510132,5.512238502502441,-25.399999618530273,-1.187975287437439,6.207475662231445,-25.399999618530273,-1.3378103971481323,5.633718490600586,-25.399999618530273,-0.23931439220905304,6.344278335571289,-25.399999618530273,-0.26949864625930786,5.593127250671387,-25.399999618530273,0.7162310481071472,6.298566818237305,-25.399999618530273,0.8065659403800964,5.391632080078125,-25.399999618530273,1.6511722803115845,6.071658134460449,-25.399999618530273,1.8594270944595337,5.035029411315918,-25.399999618530273,2.538612127304077,5.670079231262207,-25.399999618530273,2.8587968349456787,4.533578872680664,-25.399999618530273,3.3530213832855225,5.105381011962891,-25.399999618530273,3.775923490524292,3.9017038345336914,-25.399999618530273,4.070969104766846,4.393811225891113,-25.399999618530273,4.5844244956970215,3.1575851440429688,-25.399999618530273,4.671802997589111,3.5558385848999023,-25.399999618530273,5.2610392570495605,2.3226280212402344,-25.399999618530273,5.138237476348877,2.615571975708008,-25.399999618530273,5.786303997039795,1.420853614807129,-25.399999618530273,5.4568562507629395,1.6000604629516602,-25.399999618530273,6.145106792449951,0.47820329666137695,-25.399999618530273,5.618488788604736,0.5385174751281738,-25.399999618530273,6.327126979827881,-0.47820425033569336,-25.399999618530273,5.618488788604736,-0.538517951965332,-25.399999618530273,6.327126979827881,-1.4208545684814453,-25.399999618530273,5.4568562507629395,-1.6000609397888184,-25.399999618530273,6.145106792449951,-2.322628974914551,-25.399999618530273,5.138237476348877,-2.6155734062194824,-25.399999618530273,5.786303997039795,-3.1575863361358643,-25.399999618530273,4.671802997589111,-3.555840253829956,-25.399999618530273,5.2610392570495605,-3.901705265045166,-25.399999618530273,4.070969104766846,-4.39381217956543,-25.399999618530273,4.5844244956970215,-4.5335798263549805,-25.399999618530273,3.3530213832855225,-5.105382442474365,-25.399999618530273,3.775923490524292,-5.035030364990234,-25.399999618530273,2.538612127304077,-5.670079231262207,-25.399999618530273,2.8587968349456787,-5.3916335105896,-25.399999618530273,1.6511722803115845,-6.071659088134766,-25.399999618530273,1.8594270944595337,-5.593128681182861,-25.399999618530273,0.7162310481071472,-6.298568248748779,-25.399999618530273,0.8065659403800964,-5.6337199211120605,-25.399999618530273,-0.23931439220905304,-6.344278812408447,-25.399999618530273,-0.26949864625930786,-5.5122389793396,-25.399999618530273,-1.187975287437439,-6.2074761390686035,-25.399999618530273,-1.3378103971481323,-5.232181072235107,