{
    "metadata": {
        "generator": "io_three",
        "vertices": 222,
        "uvs": 0,
        "materials": 1,
        "version": 3,
        "faces": 222,
        "type": "Geometry"
    },
    "vertices": [0.32311010360717773,76.20000457763672,3.7962646484375,0.4038872718811035,76.20000457763672,4.745333671569824,0.9600358009338379,76.20000457763672,3.687053680419922,1.2000446319580078,76.20000457763672,4.608819007873535,1.569343090057373,76.20000457763672,3.4717721939086914,1.9616789817810059,76.20000457763672,4.339715957641602,2.1335034370422363,76.20000457763672,3.1566123962402344,2.666879177093506,76.20000457763672,3.945768356323242,2.6362862586975098,76.20000457763672,2.750643253326416,3.2953577041625977,76.20000457763672,3.4383068084716797,3.0632286071777344,76.20000457763672,2.2655434608459473,3.829035758972168,76.20000457763672,2.8319311141967773,3.4020462036132812,76.20000457763672,1.7152671813964844,4.252558708190918,76.20000457763672,2.1440858840942383,3.6429948806762695,76.20000457763672,1.115645408630371,4.553743362426758,76.20000457763672,1.394559383392334,3.7791404724121094,76.20000457763672,0.4839286506175995,4.72392463684082,76.20000457763672,0.6049132347106934,3.8065662384033203,76.20000457763672,-0.16171029210090637,4.758209228515625,76.20000457763672,-0.2021355926990509,3.724484443664551,76.20000457763672,-0.8026971817016602,4.655607223510742,76.20000457763672,-1.0033690929412842,3.5352563858032227,76.20000457763672,-1.4205923080444336,4.419071197509766,76.20000457763672,-1.77573823928833,3.244325637817383,76.20000457763672,-1.9976201057434082,4.05540657043457,76.20000457763672,-2.4970226287841797,2.860060691833496,76.20000457763672,-2.5171799659729004,3.575076103210449,76.20000457763672,-3.146472454071045,2.39351749420166,76.20000457763672,-2.964325428009033,2.991896629333496,76.20000457763672,-3.705404758453369,1.858116626739502,76.20000457763672,-3.326193332672119,2.3226466178894043,76.20000457763672,-4.157739162445068,1.2692618370056152,76.20000457763672,-3.592372417449951,1.5865774154663086,76.20000457763672,-4.4904632568359375,0.6438922882080078,76.20000457763672,-3.7552061080932617,0.8048653602600098,76.20000457763672,-4.694005012512207,-4.76837158203125e-07,76.20000457763672,-3.810009241104126,-4.76837158203125e-07,76.20000457763672,-4.762509346008301,-0.6438937187194824,76.20000457763672,-3.7552061080932617,-0.8048667907714844,76.20000457763672,-4.694005012512207,-1.269263505935669,76.20000457763672,-3.592372417449951,-1.5865790843963623,76.20000457763672,-4.4904632568359375,-1.8581185340881348,76.20000457763672,-3.326193332672119,-2.322648048400879,76.20000457763672,-4.157739162445068,-2.3935189247131348,76.20000457763672,-2.964325428009033,-2.991898536682129,76.20000457763672,-3.705404758453369,-2.8600621223449707,76.20000457763672,-2.5171799659729004,-3.575077533721924,76.20000457763672,-3.146472454071045,-3.244326591491699,76.20000457763672,-1.9976201057434082,-4.055408000946045,76.20000457763672,-2.4970226287841797,-3.5352578163146973,76.20000457763672,-1.4205923080444336,-4.419072151184082,76.20000457763672,-1.77573823928833,-3.7244861125946045,76.20000457763672,-0.8026971817016602,-4.6556077003479,76.20000457763672,-1.0033690929412842,-3.806567668914795,76.20000457763672,-0.16171029210090637,-4.758209705352783,76.20000457763672,-0.2021355926990509,-3.779141426086426,76.20000457763672,0.4839286506175995,-4.723926544189453,76.20000457763672,0.6049132347106934,-3.642995834350586,76.20000457763672,1.115645408630371,-4.553744792938232,76.20000457763672,1.394559383392334,-3.402048110961914,76.20000457763672,1.7152671813964844,-4.252560138702393,76.20000457763672,2.1440858840942383,-3.06322979927063,76.20000457763672,2.2655434608459473,-3.8290371894836426,76.20000457763672,2.8319311141967773,-2.6362879276275635,76.20000457763672,2.750643253326416,-3.2953596115112305,76.20000457763672,3.4383068084716797,-2.133504629135132,76.20000457763672,3.1566123962402344,-2.6668806076049805,76.20000457763672,3.945768356323242,-1.5693445205688477,76.20000457763672,3.4717721939086914,-1.9616804122924805,76.20000457763672,4.339715957641602,-0.9600372314453125,76.20000457763672,3.687053680419922,-1.2000460624694824,76.20000457763672,4.608819007873535,-0.32311153411865234,76.20000457763672,3.7962646484375,-0.4038887023925781,76.20000457763672,4.745333671569824,3.7791404724121094,-76.20000457763672,0.483946830034256,4.72392463684082,-76.20000457763672,0.6049313545227051,3.6429948806762695,-76.20000457763672,1.1156635284423828,4.553743362426758,-76.20000457763672,1.3945775032043457,3.4020462036132812,-76.20000457763672,1.715285301208496,4.252558708190918,-76.20000457763672,2.14410400390625,3.0632286071777344,-76.20000457763672,2.265561580657959,3.829035758972168,-76.20000457763672,2.831949234008789,2.6362862586975098,-76.20000457763672,2.7506613731384277,3.2953577041625977,-76.20000457763672,3.4383249282836914,2.1335034370422363,-76.20000457763672,3.156630516052246,2.666879177093506,-76.20000457763672,3.945786476135254,1.569343090057373,-76.20000457763672,3.471790313720703,1.9616789817810059,-76.20000457763672,4.339734077453613,0.9600358009338379,-76.20000457763672,3.6870718002319336,1.2000446319580078,-76.20000457763672,4.608837127685547,0.32311010360717773,-76.20000457763672,3.7962827682495117,0.4038872718811035,-76.20000457763672,4.745351791381836,-0.32311153411865234,-76.20000457763672,3.7962827682495117,-0.4038887023925781,-76.20000457763672,4.745351791381836,-0.9600372314453125,-76.20000457763672,3.6870718002319336,-1.2000460624694824,-76.20000457763672,4.608837127685547,-1.5693445205688477,-76.20000457763672,3.471790313720703,-1.9616804122924805,-76.20000457763672,4.339734077453613,-2.133504629135132,-76.20000457763672,3.156630516052246,-2.6668806076049805,-76.20000457763672,3.945786476135254,-2.6362879276275635,-76.20000457763672,2.7506613731384277,-3.2953596115112305,-76.20000457763672,3.4383249282836914,-3.06322979927063,-76.20000457763672,2.265561580657959,-3.8290371894836426,-76.20000457763672,2.831949234008789,-3.402048110961914,-76.20000457763672,1.715285301208496,-4.252560138702393,-76.20000457763672,2.14410400390625,-3.642995834350586,-76.20000457763672,1.1156635284423828,-4.553744792938232,-76.20000457763672,1.3945775032043457,-3.779141426086426,-76.20000457763672,0.483946830034256,-4.723926544189453,-76.20000457763672,0.6049313545227051,-3.806567668914795,-76.20000457763672,-0.16169211268424988,-4.758209705352783,-76.20000457763672,-0.2021174132823944,-3.7244861125946045,-76.20000457763672,-0.8026790618896484,-4.6556077003479,-76.20000457763672,-1.0033509731292725,-3.5352578163146973,-76.20000457763672,-1.4205741882324219,-4.419072151184082,-76.20000457763672,-1.7757201194763184,-3.244326591491699,-76.20000457763672,-1.9976019859313965,-4.055408000946045,-76.20000457763672,-2.497004508972168,-2.8600621223449707,-76.20000457763672,-2.5171618461608887,-3.575077533721924,-76.20000457763672,-3.146454334259033,-2.3935189247131348,-76.20000457763672,-2.9643073081970215,-2.991898536682129,-76.20000457763672,-3.7053866386413574,-1.8581185340881348,-76.20000457763672,-3.3261752128601074,-2.322648048400879,-76.20000457763672,-4.157721042633057,-1.269263505935669,-76.20000457763672,-3.5923542976379395,-1.5865790843963623,-76.20000457763672,-4.490445137023926,-0.6438937187194824,-76.20000457763672,-3.75518798828125,-0.8048667907714844,-76.20000457763672,-4.693986892700195,-4.76837158203125e-07,-76.20000457763672,-3.8099911212921143,-4.76837158203125e-07,-76.20000457763672,-4.762491226196289,0.6438922882080078,-76.20000457763672,-3.75518798828125,0.8048653602600098,-76.20000457763672,-4.693986892700195,1.2692618370056152,-76.20000457763672,-3.5923542976379395,1.5865774154663086,-76.20000457763672,-4.490445137023926,1.858116626739502,-76.20000457763672,-3.3261752128601074,2.3226466178894043,-76.20000457763672,-4.157721042633057,2.39351749420166,-76.20000457763672,-2.9643073081970215,2.991896629333496,