{
    "metadata": {
        "type": "Geometry",
        "version": 3,
        "generator": "io_three",
        "faces": 86,
        "uvs": 0,
        "materials": 1,
        "vertices": 60
    },
    "faces": [3,52,53,51,50,0,3,16,17,15,14,0,3,24,25,23,22,0,3,44,45,43,42,0,3,18,19,17,16,0,3,36,37,35,34,0,3,50,51,49,48,0,3,46,47,45,44,0,3,42,43,41,40,0,3,54,55,53,52,0,3,48,49,47,46,0,3,8,9,7,6,0,3,20,21,19,18,0,3,4,5,3,2,0,3,40,41,39,38,0,3,22,23,21,20,0,3,28,29,27,26,0,3,14,15,13,12,0,3,12,13,11,10,0,3,0,1,2,3,0,3,58,59,57,56,0,3,6,7,5,4,0,2,53,49,51,0,2,45,47,49,0,2,41,43,45,0,2,37,39,41,0,2,33,35,37,0,2,29,31,33,0,2,25,27,29,0,2,21,23,25,0,2,17,19,21,0,2,13,15,17,0,2,9,11,13,0,2,5,7,9,0,2,0,3,5,0,2,57,59,0,0,2,53,55,57,0,2,53,45,49,0,2,37,41,45,0,2,29,33,37,0,2,21,25,29,0,2,13,17,21,0,2,5,9,13,0,2,57,0,5,0,2,53,57,45,0,2,29,37,45,0,2,13,21,29,0,2,57,5,13,0,2,57,29,45,0,2,57,13,29,0,3,30,31,29,28,0,3,1,0,59,58,0,3,10,11,9,8,0,3,26,27,25,24,0,3,34,35,33,32,0,3,32,33,31,30,0,2,32,36,34,0,2,40,38,36,0,2,44,42,40,0,2,48,46,44,0,2,52,50,48,0,2,56,54,52,0,2,1,58,56,0,2,4,2,1,0,2,8,6,4,0,2,12,10,8,0,2,16,14,12,0,2,20,18,16,0,2,24,22,20,0,2,28,26,24,0,2,32,30,28,0,2,32,40,36,0,2,48,44,40,0,2,56,52,48,0,2,4,1,56,0,2,12,8,4,0,2,20,16,12,0,2,28,24,20,0,2,32,28,40,0,2,56,48,40,0,2,12,4,56,0,2,28,20,12,0,2,28,56,40,0,2,28,12,56,0,3,38,39,37,36,0,3,56,57,55,54,0],
    "uvs": [],
    "materials": [{
        "wireframe": false,
        "colorEmissive": [0.0,0.0,0.0],
        "DbgIndex": 0,
        "DbgName": "Material",
        "colorSpecular": [0.45098042488098145,0.45098042488098145,0.45098042488098145],
        "depthWrite": true,
        "specularCoef": 100,
        "shading": "phong",
        "blending": "NormalBlending",
        "transparent": false,
        "depthTest": true,
        "visible": true,
        "opacity": 0.0,
        "DbgColor": 15658734,
        "colorAmbient": [0.800000011920929,0.800000011920929,0.800000011920929],
        "colorDiffuse": [0.800000011920929,0.800000011920929,0.800000011920929]
    }],
    "vertices": [-1.9049999713897705,-2.8516149520874023,-25.399999618530273,-1.9049999713897705,-2.8516125679016113,25.399999618530273,-2.3122336864471436,-2.487434148788452,25.399999618530273,-2.3122336864471436,-2.487436532974243,-25.399999618530273,-2.6510074138641357,-2.0588345527648926,25.399999618530273,-2.6510074138641357,-2.0588369369506836,-25.399999618530273,-2.911290407180786,-1.5785037279129028,25.399999618530273,-2.911290407180786,-1.5785058736801147,-25.399999618530273,-3.085376739501953,-1.060662865638733,25.399999618530273,-3.085376739501953,-1.0606650114059448,-25.399999618530273,-3.168111562728882,-0.5206440091133118,25.399999618530273,-3.168111562728882,-0.5206462740898132,-25.399999618530273,-3.157045602798462,0.025563396513462067,25.399999618530273,-3.157045602798462,0.025561176240444183,-25.399999618530273,-3.052506685256958,0.561788022518158,25.399999618530273,-3.052506685256958,0.5617857575416565,-25.399999618530273,-2.8575894832611084,1.0721532106399536,25.399999618530273,-2.8575894832611084,1.0721510648727417,-25.399999618530273,-2.5780653953552246,1.5415476560592651,25.399999618530273,-2.5780653953552246,1.5415455102920532,-25.399999618530273,-2.22221040725708,1.956074595451355,25.399999618530273,-2.22221040725708,1.956072449684143,-25.399999618530273,-1.800560712814331,2.303460121154785,25.399999618530273,-1.800560712814331,2.303457736968994,-25.399999618530273,-1.325600266456604,2.5734190940856934,25.399999618530273,-1.325600266456604,2.5734167098999023,-25.399999618530273,-0.8113918304443359,2.7579588890075684,25.399999618530273,-0.8113918304443359,2.7579565048217773,-25.399999618530273,-0.2731599807739258,2.8516149520874023,25.399999618530273,-0.2731599807739258,2.8516125679016113,-25.399999618530273,0.2731599807739258,2.8516149520874023,25.399999618530273,0.2731599807739258,2.8516125679016113,-25.399999618530273,0.8113918304443359,2.7579588890075684,25.399999618530273,0.8113918304443359,2.7579565048217773,-25.399999618530273,1.3256003856658936,2.5734190940856934,25.399999618530273,1.3256003856658936,2.5734167098999023,-25.399999618530273,1.800560712814331,2.303460121154785,25.399999618530273,1.800560712814331,2.303457736968994,-25.399999618530273,2.222210645675659,1.956074595451355,25.399999618530273,2.222210645675659,1.956072449684143,-25.399999618530273,2.5780656337738037,1.5415476560592651,25.399999618530273,2.5780656337738037,1.5415455102920532,-25.399999618530273,2.8575894832611084,1.0721532106399536,25.399999618530273,2.8575894832611084,1.0721510648727417,-25.399999618530273,3.0525062084198,0.561788022518158,25.399999618530273,3.0525062084198,0.5617857575416565,-25.399999618530273,3.157045602798462,0.025563396513462067,25.399999618530273,3.157045602798462,0.025561176240444183,-25.399999618530273,3.168111562728882,-0.5206440091133118,25.399999618530273,3.168111562728882,-0.5206462740898132,-25.399999618530273,3.085376501083374,-1.060662865638733,25.399999618530273,3.085376501083374,-1.0606650114059448,-25.399999618530273,2.911290407180786,-1.5785037279129028,25.399999618530273,2.911290407180786,-1.5785058736801147,-25.399999618530273,2.6510074138641357,-2.0588345527648926,25.399999618530273,2.6510074138641357,-2.0588369369506836,-25.399999618530273,2.3122332096099854,-2.487434148788452,25.399999618530273,2.3122332096099854,-2.487436532974243,-25.399999618530273,1.9049999713897705,-2.8516125679016113,25.399999618530273,1.9049999713897705,-2.8516149520874023,-25.399999618530273],
    "name": "ROB-12290Geometry"
}