{
    "metadata": {
        "type": "Geometry",
        "version": 3,
        "generator": "io_three",
        "vertices": 148,
        "materials": 1,
        "faces": 222,
        "uvs": 0
    },
    "vertices": [7.7331085205078125,127.00000762939453,8.06856632232666,8.787622451782227,127.00000762939453,9.168828010559082,8.985471725463867,127.00000762939453,6.64560604095459,10.210762023925781,127.00000762939453,7.551825523376465,9.979339599609375,127.00000762939453,5.031460762023926,11.340158462524414,127.00000762939453,5.717572212219238,10.686119079589844,127.00000762939453,3.272571563720703,12.143316268920898,127.00000762939453,3.7188329696655273,11.085477828979492,127.00000762939453,1.419535756111145,12.59713363647461,127.00000762939453,1.6131106615066528,11.165929794311523,127.00000762939453,-0.47433745861053467,12.688556671142578,127.00000762939453,-0.5390185117721558,10.92515754699707,127.00000762939453,-2.354567527770996,12.41495132446289,127.00000762939453,-2.6756420135498047,10.370086669921875,127.00000762939453,-4.167058944702148,11.784191131591797,127.00000762939453,-4.735292434692383,9.516687393188477,127.00000762939453,-5.859673500061035,10.81441879272461,127.00000762939453,-6.658717632293701,8.38951301574707,127.00000762939453,-7.383716106414795,9.533536911010742,127.00000762939453,-8.390584945678711,7.020986557006836,127.00000762939453,-8.695343017578125,7.9783935546875,127.00000762939453,-9.88106918334961,5.450477600097656,127.00000762939453,-9.756820678710938,6.1937255859375,127.00000762939453,-11.08729362487793,3.7231693267822266,127.00000762939453,-10.537612915039062,4.230873107910156,127.00000762939453,-11.97455883026123,1.8887519836425781,127.00000762939453,-11.0152587890625,2.1463088989257812,127.00000762939453,-12.51733684539795,-9.5367431640625e-07,127.00000762939453,-11.176015853881836,-9.5367431640625e-07,127.00000762939453,-12.7000150680542,-1.888753890991211,127.00000762939453,-11.0152587890625,-2.146310806274414,127.00000762939453,-12.51733684539795,-3.7231712341308594,127.00000762939453,-10.537612915039062,-4.2308759689331055,127.00000762939453,-11.97455883026123,-5.450479507446289,127.00000762939453,-9.756820678710938,-6.193726539611816,127.00000762939453,-11.08729362487793,-7.020987510681152,127.00000762939453,-8.695343017578125,-7.978394508361816,127.00000762939453,-9.88106918334961,-8.389514923095703,127.00000762939453,-7.383716106414795,-9.533538818359375,127.00000762939453,-8.390584945678711,-9.516691207885742,127.00000762939453,-5.859673500061035,-10.814420700073242,127.00000762939453,-6.658717632293701,-10.370088577270508,127.00000762939453,-4.167058944702148,-11.784191131591797,127.00000762939453,-4.735292434692383,-10.92515754699707,127.00000762939453,-2.354567527770996,-12.414952278137207,127.00000762939453,-2.6756420135498047,-11.16593074798584,127.00000762939453,-0.47433745861053467,-12.688557624816895,127.00000762939453,-0.5390185117721558,-11.085480690002441,127.00000762939453,1.419535756111145,-12.597136497497559,127.00000762939453,1.6131106615066528,-10.68612003326416,127.00000762939453,3.272571563720703,-12.143318176269531,127.00000762939453,3.7188329696655273,-9.979340553283691,127.00000762939453,5.031460762023926,-11.340158462524414,127.00000762939453,5.717572212219238,-8.985472679138184,127.00000762939453,6.64560604095459,-10.21076488494873,127.00000762939453,7.551825523376465,-7.733109951019287,127.00000762939453,8.06856632232666,-8.78762435913086,127.00000762939453,9.168828010559082,-6.258278846740723,127.00000762939453,9.259407997131348,-7.111680507659912,127.00000762939453,10.52205753326416,-4.6034088134765625,127.00000762939453,10.183873176574707,-5.231146812438965,127.00000762939453,11.572587013244629,-2.816107749938965,127.00000762939453,10.815369606018066,-3.2001218795776367,127.00000762939453,12.290192604064941,-0.9477920532226562,127.00000762939453,11.135722160339355,-1.077035903930664,127.00000762939453,12.6542329788208,0.9477901458740234,127.00000762939453,11.135722160339355,1.0770349502563477,127.00000762939453,12.6542329788208,2.816105842590332,127.00000762939453,10.815369606018066,3.2001209259033203,127.00000762939453,12.290192604064941,4.60340690612793,127.00000762939453,10.183873176574707,5.231143951416016,127.00000762939453,11.572587013244629,6.258277893066406,127.00000762939453,9.259407997131348,7.111677169799805,127.00000762939453,10.52205753326416,10.370086669921875,-127.00000762939453,-4.167028427124023,11.784191131591797,-127.00000762939453,-4.735261917114258,10.92515754699707,-127.00000762939453,-2.354537010192871,12.41495132446289,-127.00000762939453,-2.6756114959716797,11.165929794311523,-127.00000762939453,-0.47430717945098877,12.688556671142578,-127.00000762939453,-0.5389882326126099,11.085477828979492,-127.00000762939453,1.419566035270691,12.59713363647461,-127.00000762939453,1.6131409406661987,10.686119079589844,-127.00000762939453,3.272602081298828,12.143316268920898,-127.00000762939453,3.7188634872436523,9.979339599609375,-127.00000762939453,5.031491279602051,11.340158462524414,-127.00000762939453,5.717602729797363,8.985471725463867,-127.00000762939453,6.645636558532715,10.210762023925781,-127.00000762939453,7.55185604095459,7.7331085205078125,-127.00000762939453,8.068596839904785,8.787622451782227,-127.00000762939453,9.168858528137207,6.258277893066406,-127.00000762939453,9.259438514709473,7.111677169799805,-127.00000762939453,10.522088050842285,4.60340690612793,-127.00000762939453,10.183903694152832,5.231143951416016,-127.00000762939453,11.572617530822754,2.816105842590332,-127.00000762939453,10.815400123596191,3.2001209259033203,-127.00000762939453,12.290223121643066,0.9477901458740234,-127.00000762939453,11.13575267791748,1.0770349502563477,-127.00000762939453,12.654263496398926,-0.9477920532226562,-127.00000762939453,11.13575267791748,-1.077035903930664,-127.00000762939453,12.654263496398926,-2.816107749938965,-127.00000762939453,10.815400123596191,-3.2001218795776367,-127.00000762939453,12.290223121643066,-4.6034088134765625,-127.00000762939453,10.183903694152832,-5.231146812438965,-127.00000762939453,11.572617530822754,-6.258278846740723,-127.00000762939453,9.259438514709473,-7.111680507659912,-127.00000762939453,10.522088050842285,-7.733109951019287,-127.00000762939453,8.068596839904785,-8.78762435913086,-127.00000762939453,9.168858528137207,-8.985472679138184,-127.00000762939453,6.645636558532715,-10.21076488494873,-127.00000762939453,7.55185604095459,-9.979340553283691,-127.00000762939453,5.031491279602051,-11.340158462524414,-127.00000762939453,5.717602729797363,-10.68612003326416,-127.00000762939453,3.272602081298828,-12.143318176269531,-127.00000762939453,3.7188634872436523,-11.085480690002441,-127.00000762939453,1.419566035270691,-12.597136497497559,-127.00000762939453,1.6131409406661987,-11.16593074798584,-127.00000762939453,-0.47430717945098877,-12.688557624816895,-127.00000762939453,-0.5389882326126099,-10.92515754699707,-127.00000762939453,-2.354537010192871,-12.414952278137207,-127.00000762939453,-2.6756114959716797,-10.370088577270508,-127.00000762939453,-4.167028427124023,-11.784191131591797,-127.00000762939453,-4.735261917114258,-9.516691207885742,-127.00000762939453,-5.85964298248291,-10.814420700073242,-127.00000762939453,-6.658687114715576,-8.389514923095703,-127.00000762939453,-7.38368558883667,-9.533538818359375,-127.00000762939453,-8.390554428100586,-7.020987510681152,-127.00000762939453,-8.6953125,-7.978394508361816,-127.00000762939453,-9.881038665771484,-5.450479507446289,-127.00000762939453,-9.756790161132812,-6.193726539611816,-127.00000762939453,-11.087263107299805,-3.7231712341308594,-127.00000762939453,-10.537582397460938,-4.2308759689331055,-127.00000762939453,-11.974528312683105,-1.888753890991211,-127.00000762939453,-11.015228271484375,-2.146310806274414,-127.00000762939453,-12.517306327819824,-9.5367431640625e-07,-127.00000762939453,-11.175985336303711,-9.5367431640625e-07,-127.00000762939453,-12.699984550476074,