{
    "uvs": [],
    "faces": [3,9,10,8,7,0,3,59,60,58,57,0,3,61,62,60,59,0,3,1,73,72,71,0,3,5,6,4,3,0,3,65,66,64,63,0,3,37,38,36,35,0,3,2,0,73,1,0,3,31,32,30,29,0,3,45,46,44,43,0,3,71,72,70,69,0,3,53,54,52,51,0,3,67,68,66,65,0,3,69,70,68,67,0,3,51,52,50,49,0,3,15,16,14,13,0,3,17,18,16,15,0,3,55,56,54,53,0,3,13,14,12,11,0,3,47,48,46,45,0,3,57,58,56,55,0,3,27,28,26,25,0,3,0,2,3,4,0,3,39,40,38,37,0,3,7,8,6,5,0,3,35,36,34,33,0,3,63,64,62,61,0,3,23,24,22,21,0,3,49,50,48,47,0,3,11,12,10,9,0,3,25,26,24,23,0,2,85,81,84,0,2,79,80,81,0,2,77,78,79,0,2,88,89,77,0,2,82,83,88,0,2,102,103,82,0,2,86,87,102,0,2,101,93,86,0,2,99,100,101,0,2,97,98,99,0,2,95,96,97,0,2,75,94,95,0,2,110,74,75,0,2,105,109,110,0,2,90,104,105,0,2,107,108,90,0,2,92,106,107,0,2,76,91,92,0,2,85,76,81,0,2,77,79,81,0,2,82,88,77,0,2,86,102,82,0,2,99,101,86,0,2,95,97,99,0,2,110,75,95,0,2,90,105,110,0,2,92,107,90,0,2,76,92,81,0,2,82,77,81,0,2,99,86,82,0,2,110,95,99,0,2,92,90,110,0,2,92,82,81,0,2,110,99,82,0,2,92,110,82,0,3,33,34,32,31,0,3,29,30,28,27,0,3,19,20,18,17,0,2,32,28,30,0,2,24,26,28,0,2,20,22,24,0,2,16,18,20,0,2,12,14,16,0,2,8,10,12,0,2,4,6,8,0,2,73,0,4,0,2,70,72,73,0,2,66,68,70,0,2,62,64,66,0,2,58,60,62,0,2,54,56,58,0,2,50,52,54,0,2,46,48,50,0,2,42,44,46,0,2,38,40,42,0,2,34,36,38,0,2,32,34,28,0,2,20,24,28,0,2,12,16,20,0,2,4,8,12,0,2,70,73,4,0,2,62,66,70,0,2,54,58,62,0,2,46,50,54,0,2,38,42,46,0,2,34,38,28,0,2,12,20,28,0,2,70,4,12,0,2,54,62,70,0,2,38,46,54,0,2,38,12,28,0,2,54,70,12,0,2,38,54,12,0,3,41,42,40,39,0,3,21,22,20,19,0,3,43,44,42,41,0],
    "metadata": {
        "generator": "io_three",
        "type": "Geometry",
        "faces": 107,
        "materials": 1,
        "uvs": 0,
        "version": 3,
        "vertices": 111
    },
    "materials": [{
        "opacity": 0.0,
        "transparent": false,
        "colorSpecular": [0.45098042488098145,0.45098042488098145,0.45098042488098145],
        "colorDiffuse": [0.800000011920929,0.800000011920929,0.800000011920929],
        "DbgColor": 15658734,
        "DbgIndex": 0,
        "blending": "NormalBlending",
        "colorAmbient": [0.800000011920929,0.800000011920929,0.800000011920929],
        "specularCoef": 100,
        "shading": "phong",
        "visible": true,
        "colorEmissive": [0.0,0.0,0.0],
        "depthWrite": true,
        "wireframe": false,
        "depthTest": true,
        "DbgName": "Material"
    }],
    "vertices": [0.20194363594055176,76.20000457763672,2.372662305831909,-0.20194435119628906,-76.20000457763672,2.372680425643921,0.20194363594055176,-76.20000457763672,2.372680425643921,0.6000223159790039,-76.20000457763672,2.3044230937957764,0.6000223159790039,76.20000457763672,2.3044049739837646,0.9808394908905029,-76.20000457763672,2.1698715686798096,0.9808394908905029,76.20000457763672,2.169853448867798,1.333439588546753,-76.20000457763672,1.9728977680206299,1.333439588546753,76.20000457763672,1.9728796482086182,1.6476788520812988,-76.20000457763672,1.7191669940948486,1.6476788520812988,76.20000457763672,1.719148874282837,1.914517879486084,-76.20000457763672,1.4159791469573975,1.914517879486084,76.20000457763672,1.4159610271453857,2.126279354095459,-76.20000457763672,1.072056531906128,2.126279354095459,76.20000457763672,1.0720384120941162,2.276871681213379,-76.20000457763672,0.6972932815551758,2.276871681213379,76.20000457763672,0.6972751617431641,2.36196231842041,-76.20000457763672,0.30247023701667786,2.36196231842041,76.20000457763672,0.30245205760002136,2.3791046142578125,-76.20000457763672,-0.10105416923761368,2.3791046142578125,76.20000457763672,-0.10107233375310898,2.327803611755371,-76.20000457763672,-0.5016709566116333,2.327803611755371,76.20000457763672,-0.501689076423645,2.209535598754883,-76.20000457763672,-0.8878555297851562,2.209535598754883,76.20000457763672,-0.887873649597168,2.027703285217285,-76.20000457763672,-1.248497724533081,2.027703285217285,76.20000457763672,-1.2485158443450928,1.7875380516052246,-76.20000457763672,-1.5732226371765137,1.7875380516052246,76.20000457763672,-1.5732407569885254,1.495948314666748,-76.20000457763672,-1.8526887893676758,1.495948314666748,76.20000457763672,-1.8527069091796875,1.1613233089447021,-76.20000457763672,-2.0788559913635254,1.1613233089447021,76.20000457763672,-2.078874111175537,0.7932887077331543,-76.20000457763672,-2.24521803855896,0.7932887077331543,76.20000457763672,-2.2452361583709717,0.4024326801300049,-76.20000457763672,-2.3469889163970947,0.4024326801300049,76.20000457763672,-2.3470070362091064,-2.384185791015625e-07,-76.20000457763672,-2.3812410831451416,-2.384185791015625e-07,76.20000457763672,-2.3812592029571533,-0.4024333953857422,-76.20000457763672,-2.3469889163970947,-0.4024333953857422,76.20000457763672,-2.3470070362091064,-0.7932895421981812,-76.20000457763672,-2.24521803855896,-0.7932895421981812,76.20000457763672,-2.2452361583709717,-1.1613240242004395,-76.20000457763672,-2.0788559913635254,-1.1613240242004395,76.20000457763672,-2.078874111175537,-1.4959492683410645,-76.20000457763672,-1.8526887893676758,-1.4959492683410645,76.20000457763672,-1.8527069091796875,-1.787538766860962,-76.20000457763672,-1.5732226371765137,-1.787538766860962,76.20000457763672,-1.5732407569885254,-2.0277040004730225,-76.20000457763672,-1.248497724533081,-2.0277040004730225,76.20000457763672,-1.2485158443450928,-2.209536075592041,-76.20000457763672,-0.8878555297851562,-2.209536075592041,76.20000457763672,-0.887873649597168,-2.32780385017395,-76.20000457763672,-0.5016709566116333,-2.32780385017395,76.20000457763672,-0.501689076423645,-2.3791048526763916,-76.20000457763672,-0.10105416923761368,-2.3791048526763916,76.20000457763672,-0.10107233375310898,-2.3619632720947266,-76.20000457763672,0.30247023701667786,-2.3619632720947266,76.20000457763672,0.30245205760002136,-2.276872396469116,-76.20000457763672,0.6972932815551758,-2.276872396469116,76.20000457763672,0.6972751617431641,-2.1262800693511963,-76.20000457763672,1.072056531906128,-2.1262800693511963,76.20000457763672,1.0720384120941162,-1.9145185947418213,-76.20000457763672,1.4159791469573975,-1.9145185947418213,76.20000457763672,1.4159610271453857,-1.6476798057556152,-76.20000457763672,1.7191669940948486,-1.6476798057556152,76.20000457763672,1.719148874282837,-1.3334403038024902,-76.20000457763672,1.9728977680206299,-1.3334403038024902,76.20000457763672,1.9728796482086182,-0.9808402061462402,-76.20000457763672,2.1698715686798096,-0.9808402061462402,76.20000457763672,2.169853448867798,-0.6000230312347412,-76.20000457763672,2.3044230937957764,-0.6000230312347412,76.20000457763672,2.3044049739837646,-0.20194435119628906,76.20000457763672,2.372662305831909,-0.4024333953857422,-76.20000457763672,-2.3469889163970947,-2.384185791015625e-07,-76.20000457763672,-2.3812410831451416,-2.1262800693511963,-76.20000457763672,1.072056531906128,0.20194363594055176,-76.20000457763672,2.372680425643921,-0.20194435119628906,-76.20000457763672,2.372680425643921,-0.6000230312347412,-76.20000457763672,2.3044230937957764,-0.9808402061462402,-76.20000457763672,2.1698715686798096,-1.3334403038024902,-76.20000457763672,1.9728977680206299,1.6476788520812988,-76.20000457763672,1.7191669940948486,1.333439588546753,-76.20000457763672,1.9728977680206299,-1.6476798057556152,-76.20000457763672,1.7191669940948486,-1.9145185947418213,-76.20000457763672,1.4159791469573975,2.36196231842041,-76.20000457763672,0.30247023701667786,2.276871681213379,-76.20000457763672,0.6972932815551758,0.9808394908905029,-76.20000457763672,2.1698715686798096,0.6000223159790039,-76.20000457763672,2.3044230937957764,-2.0277040004730225,-76.20000457763672,-1.248497724533081,-2.276872396469116,-76.20000457763672,0.6972932815551758,-2.3619632720947266,-76.20000457763672,0.30247023701667786,2.3791046142578125,-76.20000457763672,-0.10105416923761368,0.4024326801300049,-76.20000457763672,-2.3469889163970947,0.7932887077331543,-76.20000457763672,-2.24521803855896,1.1613233089447021,-76.20000457763672,-2.0788559913635254,1.495948314666748,