{
    "name": "11310Geometry",
    "metadata": {
        "materials": 4,
        "version": 3,
        "type": "Geometry",
        "uvs": 0,
        "generator": "io_three"
    },
    "uvs": [],
    "materials": [{
        "colorDiffuse": [0.800000011920929,0.800000011920929,0.800000011920929],
        "visible": true,
        "wireframe": false,
        "depthWrite": true,
        "specularCoef": 100,
        "DbgColor": 15658734,
        "colorSpecular": [0.45098042488098145,0.45098042488098145,0.45098042488098145],
        "colorEmissive": [0.0,0.0,0.0],
        "blending": "NormalBlending",
        "depthTest": true,
        "DbgIndex": 0,
        "transparent": false,
        "shading": "phong",
        "opacity": 0.0,
        "DbgName": "Material",
        "colorAmbient": [0.800000011920929,0.800000011920929,0.800000011920929]
    },{
        "colorDiffuse": [0.0,0.0,0.0],
        "visible": true,
        "wireframe": false,
        "depthWrite": true,
        "specularCoef": 50,
        "DbgColor": 15597568,
        "colorSpecular": [0.3235294222831726,0.3235294222831726,0.3235294222831726],
        "colorEmissive": [0.0,0.0,0.0],
        "blending": "NormalBlending",
        "depthTest": true,
        "DbgIndex": 1,
        "transparent": false,
        "shading": "phong",
        "opacity": 0.0,
        "DbgName": "Material.001",
        "colorAmbient": [0.0,0.0,0.0]
    },{
        "colorDiffuse": [0.4768627714643294,0.012549020536974376,0.08784314524893677],
        "visible": true,
        "wireframe": false,
        "depthWrite": true,
        "specularCoef": 50,
        "DbgColor": 60928,
        "colorSpecular": [0.2980392277240753,0.007843137718737125,0.05490196496248245],
        "colorEmissive": [0.0,0.0,0.0],
        "blending": "NormalBlending",
        "depthTest": true,
        "DbgIndex": 2,
        "transparent": false,
        "shading": "phong",
        "opacity": 0.0,
        "DbgName": "Material.002",
        "colorAmbient": [0.4768627714643294,0.012549020536974376,0.08784314524893677]
    },{
        "colorDiffuse": [0.4768627714643294,0.012549020536974376,0.08784314524893677],
        "visible": true,
        "wireframe": false,
        "depthWrite": true,
        "specularCoef": 50,
        "DbgColor": 238,
        "colorSpecular": [0.2980392277240753,0.007843137718737125,0.05490196496248245],
        "colorEmissive": [0.0,0.0,0.0],
        "blending": "NormalBlending",
        "depthTest": true,
        "DbgIndex": 3,
        "transparent": true,
        "shading": "phong",
        "opacity": 0.0,
        "DbgName": "Material.003",
        "colorAmbient": [0.4768627714643294,0.012549020536974376,0.08784314524893677]
    }]
}