{
    "metadata": {
        "type": "Geometry",
        "uvs": 0,
        "materials": 1,
        "version": 3,
        "generator": "io_three",
        "faces": 107,
        "vertices": 111
    },
    "uvs": [],
    "materials": [{
        "depthWrite": true,
        "opacity": 0.0,
        "DbgColor": 15658734,
        "colorEmissive": [0.0,0.0,0.0],
        "colorAmbient": [0.800000011920929,0.800000011920929,0.800000011920929],
        "colorDiffuse": [0.800000011920929,0.800000011920929,0.800000011920929],
        "shading": "phong",
        "transparent": false,
        "specularCoef": 100,
        "blending": "NormalBlending",
        "visible": true,
        "depthTest": true,
        "colorSpecular": [0.45098042488098145,0.45098042488098145,0.45098042488098145],
        "DbgIndex": 0,
        "DbgName": "Material",
        "wireframe": false
    }],
    "faces": [3,9,10,8,7,0,3,59,60,58,57,0,3,61,62,60,59,0,3,1,73,72,71,0,3,5,6,4,3,0,3,65,66,64,63,0,3,37,38,36,35,0,3,2,0,73,1,0,3,31,32,30,29,0,3,45,46,44,43,0,3,71,72,70,69,0,3,53,54,52,51,0,3,67,68,66,65,0,3,69,70,68,67,0,3,51,52,50,49,0,3,15,16,14,13,0,3,17,18,16,15,0,3,55,56,54,53,0,3,13,14,12,11,0,3,47,48,46,45,0,3,57,58,56,55,0,3,27,28,26,25,0,3,0,2,3,4,0,3,39,40,38,37,0,3,7,8,6,5,0,3,35,36,34,33,0,3,63,64,62,61,0,3,23,24,22,21,0,3,49,50,48,47,0,3,11,12,10,9,0,3,25,26,24,23,0,2,85,81,84,0,2,79,80,81,0,2,77,78,79,0,2,88,89,77,0,2,82,83,88,0,2,102,103,82,0,2,86,87,102,0,2,101,93,86,0,2,99,100,101,0,2,97,98,99,0,2,95,96,97,0,2,75,94,95,0,2,110,74,75,0,2,105,109,110,0,2,90,104,105,0,2,107,108,90,0,2,92,106,107,0,2,76,91,92,0,2,85,76,81,0,2,77,79,81,0,2,82,88,77,0,2,86,102,82,0,2,99,101,86,0,2,95,97,99,0,2,110,75,95,0,2,90,105,110,0,2,92,107,90,0,2,76,92,81,0,2,82,77,81,0,2,99,86,82,0,2,110,95,99,0,2,92,90,110,0,2,92,82,81,0,2,110,99,82,0,2,92,110,82,0,3,33,34,32,31,0,3,29,30,28,27,0,3,19,20,18,17,0,3,41,42,40,39,0,3,21,22,20,19,0,3,43,44,42,41,0,2,32,28,30,0,2,24,26,28,0,2,20,22,24,0,2,16,18,20,0,2,12,14,16,0,2,8,10,12,0,2,4,6,8,0,2,73,0,4,0,2,70,72,73,0,2,66,68,70,0,2,62,64,66,0,2,58,60,62,0,2,54,56,58,0,2,50,52,54,0,2,46,48,50,0,2,42,44,46,0,2,38,40,42,0,2,34,36,38,0,2,32,34,28,0,2,20,24,28,0,2,12,16,20,0,2,4,8,12,0,2,70,73,4,0,2,62,66,70,0,2,54,58,62,0,2,46,50,54,0,2,38,42,46,0,2,34,38,28,0,2,12,20,28,0,2,70,4,12,0,2,54,62,70,0,2,38,46,54,0,2,38,12,28,0,2,54,70,12,0,2,38,54,12,0],
    "vertices": [0.4038872718811035,38.10000228881836,4.745337963104248,-0.4038887023925781,-38.10000228881836,4.745347499847412,0.4038872718811035,-38.10000228881836,4.745347499847412,1.2000446319580078,-38.10000228881836,4.608832836151123,1.2000446319580078,38.10000228881836,4.608823299407959,1.9616789817810059,-38.10000228881836,4.3397297859191895,1.9616789817810059,38.10000228881836,4.339720249176025,2.666879177093506,-38.10000228881836,3.945781946182251,2.666879177093506,38.10000228881836,3.945772886276245,3.2953577041625977,-38.10000228881836,3.4383203983306885,3.2953577041625977,38.10000228881836,3.4383113384246826,3.829035758972168,-38.10000228881836,2.831944704055786,3.829035758972168,38.10000228881836,2.8319356441497803,4.252558708190918,-38.10000228881836,2.144099473953247,4.252558708190918,38.10000228881836,2.144090414047241,4.553743362426758,-38.10000228881836,1.3945729732513428,4.553743362426758,38.10000228881836,1.394563913345337,4.72392463684082,-38.10000228881836,0.6049268245697021,4.72392463684082,38.10000228881836,0.6049177646636963,4.758209228515625,-38.10000228881836,-0.20212195813655853,4.758209228515625,38.10000228881836,-0.20213104784488678,4.655607223510742,-38.10000228881836,-1.0033555030822754,4.655607223510742,38.10000228881836,-1.0033645629882812,4.419071197509766,-38.10000228881836,-1.7757246494293213,4.419071197509766,38.10000228881836,-1.7757337093353271,4.05540657043457,-38.10000228881836,-2.497009038925171,4.05540657043457,38.10000228881836,-2.4970180988311768,3.575076103210449,-38.10000228881836,-3.146458864212036,3.575076103210449,38.10000228881836,-3.146467924118042,2.991896629333496,-38.10000228881836,-3.7053911685943604,2.991896629333496,38.10000228881836,-3.705400228500366,2.3226466178894043,-38.10000228881836,-4.1577253341674805,2.3226466178894043,38.10000228881836,-4.1577348709106445,1.5865774154663086,-38.10000228881836,-4.49044942855835,1.5865774154663086,38.10000228881836,-4.490458965301514,0.8048653602600098,-38.10000228881836,-4.693991184234619,0.8048653602600098,38.10000228881836,-4.694000720977783,-4.76837158203125e-07,-38.10000228881836,-4.762495517730713,-4.76837158203125e-07,38.10000228881836,-4.762505054473877,-0.8048667907714844,-38.10000228881836,-4.693991184234619,-0.8048667907714844,38.10000228881836,-4.694000720977783,-1.5865790843963623,-38.10000228881836,-4.49044942855835,-1.5865790843963623,38.10000228881836,-4.490458965301514,-2.322648048400879,-38.10000228881836,-4.1577253341674805,-2.322648048400879,38.10000228881836,-4.1577348709106445,-2.991898536682129,-38.10000228881836,-3.7053911685943604,-2.991898536682129,38.10000228881836,-3.705400228500366,-3.575077533721924,-38.10000228881836,-3.146458864212036,-3.575077533721924,38.10000228881836,-3.146467924118042,-4.055408000946045,-38.10000228881836,-2.497009038925171,-4.055408000946045,38.10000228881836,-2.4970180988311768,-4.419072151184082,-38.10000228881836,-1.7757246494293213,-4.419072151184082,38.10000228881836,-1.7757337093353271,-4.6556077003479,-38.10000228881836,-1.0033555030822754,-4.6556077003479,38.10000228881836,-1.0033645629882812,-4.758209705352783,-38.10000228881836,-0.20212195813655853,-4.758209705352783,38.10000228881836,-0.20213104784488678,-4.723926544189453,-38.10000228881836,0.6049268245697021,-4.723926544189453,38.10000228881836,0.6049177646636963,-4.553744792938232,-38.10000228881836,1.3945729732513428,-4.553744792938232,38.10000228881836,1.394563913345337,-4.252560138702393,-38.10000228881836,2.144099473953247,-4.252560138702393,38.10000228881836,2.144090414047241,-3.8290371894836426,-38.10000228881836,2.831944704055786,-3.8290371894836426,38.10000228881836,2.8319356441497803,-3.2953596115112305,-38.10000228881836,3.4383203983306885,-3.2953596115112305,38.10000228881836,3.4383113384246826,-2.6668806076049805,-38.10000228881836,3.945781946182251,-2.6668806076049805,38.10000228881836,3.945772886276245,-1.9616804122924805,-38.10000228881836,4.3397297859191895,-1.9616804122924805,38.10000228881836,4.339720249176025,-1.2000460624694824,-38.10000228881836,4.608832836151123,-1.2000460624694824,38.10000228881836,4.608823299407959,-0.4038887023925781,38.10000228881836,4.745337963104248,-0.8048667907714844,-38.10000228881836,-4.693991184234619,-4.76837158203125e-07,-38.10000228881836,-4.762495517730713,-4.252560138702393,-38.10000228881836,2.144099473953247,0.4038872718811035,-38.10000228881836,4.745347499847412,-0.4038887023925781,-38.10000228881836,4.745347499847412,-1.2000460624694824,-38.10000228881836,4.608832836151123,-1.9616804122924805,-38.10000228881836,4.3397297859191895,-2.6668806076049805,-38.10000228881836,3.945781946182251,3.2953577041625977,-38.10000228881836,3.4383203983306885,2.666879177093506,-38.10000228881836,3.945781946182251,-3.2953596115112305,-38.10000228881836,3.4383203983306885,-3.8290371894836426,-38.10000228881836,2.831944704055786,4.72392463684082,-38.10000228881836,0.6049268245697021,4.553743362426758,-38.10000228881836,1.3945729732513428,1.9616789817810059,-38.10000228881836,4.3397297859191895,1.2000446319580078,-38.10000228881836,4.608832836151123,-4.055408000946045,-38.10000228881836,-2.497009038925171,-4.553744792938232,-38.10000228881836,1.3945729732513428,-4.723926544189453,-38.10000228881836,0.6049268245697021,4.758209228515625,-38.10000228881836,-0.20212195813655853,0.8048653602600098,-38.10000228881836,-4.693991184234619,1.5865774154663086,-38.10000228881836,-4.49044942855835,2.3226466178894043,-38.10000228881836,-4.1577253341674805,2.991896629333496,-38.10000228881836,-3.7053911685943604,3.575076103210449,