{
    "faces": [3,1,73,72,71,0,3,21,22,20,19,0,3,0,2,3,4,0,3,69,70,68,67,0,3,43,44,42,41,0,3,49,50,48,47,0,3,39,40,38,37,0,3,37,38,36,35,0,3,67,68,66,65,0,3,11,12,10,9,0,3,25,26,24,23,0,3,13,14,12,11,0,3,45,46,44,43,0,3,27,28,26,25,0,2,23,27,25,0,2,31,29,27,0,2,35,33,31,0,2,39,37,35,0,2,43,41,39,0,2,47,45,43,0,2,51,49,47,0,2,55,53,51,0,2,59,57,55,0,2,63,61,59,0,2,67,65,63,0,2,71,69,67,0,2,2,1,71,0,2,5,3,2,0,2,9,7,5,0,2,13,11,9,0,2,17,15,13,0,2,21,19,17,0,2,23,21,27,0,2,35,31,27,0,2,43,39,35,0,2,51,47,43,0,2,59,55,51,0,2,67,63,59,0,2,2,71,67,0,2,9,5,2,0,2,17,13,9,0,2,21,17,27,0,2,43,35,27,0,2,59,51,43,0,2,2,67,59,0,2,17,9,2,0,2,17,43,27,0,2,2,59,43,0,2,17,2,43,0,3,23,24,22,21,0,3,5,6,4,3,0,3,47,48,46,45,0,3,61,62,60,59,0,3,31,32,30,29,0,3,51,52,50,49,0,3,7,8,6,5,0,3,9,10,8,7,0,3,53,54,52,51,0,3,59,60,58,57,0,3,55,56,54,53,0,3,33,34,32,31,0,3,29,30,28,27,0,3,35,36,34,33,0,3,2,0,73,1,0,3,19,20,18,17,0,2,42,38,40,0,2,34,36,38,0,2,30,32,34,0,2,26,28,30,0,2,22,24,26,0,2,18,20,22,0,2,14,16,18,0,2,10,12,14,0,2,6,8,10,0,2,0,4,6,0,2,72,73,0,0,2,68,70,72,0,2,64,66,68,0,2,60,62,64,0,2,56,58,60,0,2,52,54,56,0,2,48,50,52,0,2,44,46,48,0,2,42,44,38,0,2,30,34,38,0,2,22,26,30,0,2,14,18,22,0,2,6,10,14,0,2,72,0,6,0,2,64,68,72,0,2,56,60,64,0,2,48,52,56,0,2,44,48,38,0,2,22,30,38,0,2,6,14,22,0,2,64,72,6,0,2,48,56,64,0,2,48,22,38,0,2,64,6,22,0,2,48,64,22,0,3,65,66,64,63,0,3,57,58,56,55,0,3,17,18,16,15,0,3,71,72,70,69,0,3,63,64,62,61,0,3,41,42,40,39,0,3,15,16,14,13,0],
    "uvs": [],
    "metadata": {
        "faces": 107,
        "version": 3,
        "type": "Geometry",
        "materials": 1,
        "generator": "io_three",
        "vertices": 74,
        "uvs": 0
    },
    "name": "ROB-12359Geometry",
    "materials": [{
        "visible": true,
        "DbgIndex": 0,
        "colorAmbient": [0.800000011920929,0.800000011920929,0.800000011920929],
        "DbgName": "Material",
        "shading": "phong",
        "DbgColor": 15658734,
        "depthTest": true,
        "colorDiffuse": [0.800000011920929,0.800000011920929,0.800000011920929],
        "transparent": false,
        "specularCoef": 100,
        "opacity": 0.0,
        "colorSpecular": [0.45098042488098145,0.45098042488098145,0.45098042488098145],
        "depthWrite": true,
        "wireframe": false,
        "colorEmissive": [0.0,0.0,0.0],
        "blending": "NormalBlending"
    }],
    "vertices": [0.5385174751281738,127.00000762939453,6.327108860015869,-0.538517951965332,-127.00000762939453,6.327139377593994,0.5385174751281738,-127.00000762939453,6.327139377593994,1.6000604629516602,-127.00000762939453,6.1451191902160645,1.6000604629516602,127.00000762939453,6.1450886726379395,2.615571975708008,-127.00000762939453,5.786316394805908,2.615571975708008,127.00000762939453,5.786285877227783,3.5558385848999023,-127.00000762939453,5.261051654815674,3.5558385848999023,127.00000762939453,5.261021137237549,4.393811225891113,-127.00000762939453,4.584436893463135,4.393811225891113,127.00000762939453,4.58440637588501,5.105381011962891,-127.00000762939453,3.775935649871826,5.105381011962891,127.00000762939453,3.775905132293701,5.670079231262207,-127.00000762939453,2.858808994293213,5.670079231262207,127.00000762939453,2.858778476715088,6.071658134460449,-127.00000762939453,1.8594392538070679,6.071658134460449,127.00000762939453,1.859408974647522,6.298566818237305,-127.00000762939453,0.8065780401229858,6.298566818237305,127.00000762939453,0.8065477609634399,6.344278335571289,-127.00000762939453,-0.26948654651641846,6.344278335571289,127.00000762939453,-0.26951682567596436,6.207475662231445,-127.00000762939453,-1.3377982378005981,6.207475662231445,127.00000762939453,-1.337828516960144,5.892095565795898,-127.00000762939453,-2.3676233291625977,5.892095565795898,127.00000762939453,-2.3676538467407227,5.407209396362305,-127.00000762939453,-3.329335927963257,5.407209396362305,127.00000762939453,-3.329366445541382,4.766768455505371,-127.00000762939453,-4.195269584655762,4.766768455505371,127.00000762939453,-4.195300102233887,3.98919677734375,-127.00000762939453,-4.940511703491211,3.98919677734375,127.00000762939453,-4.940542221069336,3.09686279296875,-127.00000762939453,-5.543623924255371,3.09686279296875,127.00000762939453,-5.543654441833496,2.115436553955078,-127.00000762939453,-5.9872565269470215,2.115436553955078,127.00000762939453,-5.9872870445251465,1.0731544494628906,-127.00000762939453,-6.258645534515381,1.0731544494628906,127.00000762939453,-6.258676052093506,-4.76837158203125e-07,-127.00000762939453,-6.349984645843506,-4.76837158203125e-07,127.00000762939453,-6.350015163421631,-1.073155403137207,-127.00000762939453,-6.258645534515381,-1.073155403137207,127.00000762939453,-6.258676052093506,-2.1154379844665527,-127.00000762939453,-5.9872565269470215,-2.1154379844665527,127.00000762939453,-5.9872870445251465,-3.096863269805908,-127.00000762939453,-5.543623924255371,-3.096863269805908,127.00000762939453,-5.543654441833496,-3.989197254180908,-127.00000762939453,-4.940511703491211,-3.989197254180908,127.00000762939453,-4.940542221069336,-4.7667694091796875,-127.00000762939453,-4.195269584655762,-4.7667694091796875,127.00000762939453,-4.195300102233887,-5.407210350036621,-127.00000762939453,-3.329335927963257,-5.407210350036621,127.00000762939453,-3.329366445541382,-5.892095565795898,-127.00000762939453,-2.3676233291625977,-5.892095565795898,127.00000762939453,-2.3676538467407227,-6.2074761390686035,-127.00000762939453,-1.3377982378005981,-6.2074761390686035,127.00000762939453,-1.337828516960144,-6.344278812408447,-127.00000762939453,-0.26948654651641846,-6.344278812408447,127.00000762939453,-0.26951682567596436,-6.298568248748779,-127.00000762939453,0.8065780401229858,-6.298568248748779,127.00000762939453,0.8065477609634399,-6.071659088134766,-127.00000762939453,1.8594392538070679,-6.071659088134766,127.00000762939453,1.859408974647522,-5.670079231262207,-127.00000762939453,2.858808994293213,-5.670079231262207,127.00000762939453,2.858778476715088,-5.105382442474365,-127.00000762939453,3.775935649871826,-5.105382442474365,127.00000762939453,3.775905132293701,-4.39381217956543,-127.00000762939453,4.584436893463135,-4.39381217956543,127.00000762939453,4.58440637588501,-3.555840253829956,-127.00000762939453,5.261051654815674,-3.555840253829956,127.00000762939453,5.261021137237549,-2.6155734062194824,-127.00000762939453,5.786316394805908,-2.6155734062194824,127.00000762939453,5.786285877227783,-1.6000609397888184,-127.00000762939453,6.1451191902160645,-1.6000609397888184,127.00000762939453,6.1450886726379395,-0.538517951965332,127.00000762939453,6.327108860015869]
}