{
    "uvs": [],
    "metadata": {
        "uvs": 0,
        "version": 3,
        "generator": "io_three",
        "type": "Geometry",
        "vertices": 150,
        "materials": 1,
        "faces": 228
    },
    "vertices": [0.32311010360717773,25.399999618530273,3.7962706089019775,0.4038872718811035,25.399999618530273,4.745339870452881,0.9600358009338379,25.399999618530273,3.6870596408843994,1.2000446319580078,25.399999618530273,4.608825206756592,1.569343090057373,25.399999618530273,3.471778154373169,1.9616789817810059,25.399999618530273,4.339722156524658,2.1335034370422363,25.399999618530273,3.156618356704712,2.666879177093506,25.399999618530273,3.9457743167877197,2.6362862586975098,25.399999618530273,2.7506492137908936,3.2953577041625977,25.399999618530273,3.4383127689361572,3.0632286071777344,25.399999618530273,2.265549421310425,3.829035758972168,25.399999618530273,2.831937074661255,3.4020462036132812,25.399999618530273,1.7152732610702515,4.252558708190918,25.399999618530273,2.144091844558716,3.6429948806762695,25.399999618530273,1.1156514883041382,4.553743362426758,25.399999618530273,1.394565463066101,3.7791404724121094,25.399999618530273,0.4839347004890442,4.72392463684082,25.399999618530273,0.6049192547798157,3.8065662384033203,25.399999618530273,-0.16170422732830048,4.758209228515625,25.399999618530273,-0.202129527926445,3.724484443664551,25.399999618530273,-0.8026911616325378,4.655607223510742,25.399999618530273,-1.003363013267517,3.5352563858032227,25.399999618530273,-1.4205862283706665,4.419071197509766,25.399999618530273,-1.775732159614563,3.244325637817383,25.399999618530273,-1.9976140260696411,4.05540657043457,25.399999618530273,-2.497016668319702,2.860060691833496,25.399999618530273,-2.517174005508423,3.575076103210449,25.399999618530273,-3.1464664936065674,2.39351749420166,25.399999618530273,-2.9643194675445557,2.991896629333496,25.399999618530273,-3.7053987979888916,1.858116626739502,25.399999618530273,-3.3261873722076416,2.3226466178894043,25.399999618530273,-4.157732963562012,1.2692618370056152,25.399999618530273,-3.5923664569854736,1.5865774154663086,25.399999618530273,-4.490457057952881,0.6438922882080078,25.399999618530273,-3.755200147628784,0.8048653602600098,25.399999618530273,-4.69399881362915,-4.76837158203125e-07,25.399999618530273,-3.8100032806396484,-4.76837158203125e-07,25.399999618530273,-4.762503147125244,-0.6438937187194824,25.399999618530273,-3.755200147628784,-0.8048667907714844,25.399999618530273,-4.69399881362915,-1.269263505935669,25.399999618530273,-3.5923664569854736,-1.5865790843963623,25.399999618530273,-4.490457057952881,-1.8581185340881348,25.399999618530273,-3.3261873722076416,-2.322648048400879,25.399999618530273,-4.157732963562012,-2.3935189247131348,25.399999618530273,-2.9643194675445557,-2.991898536682129,25.399999618530273,-3.7053987979888916,-2.8600621223449707,25.399999618530273,-2.517174005508423,-3.575077533721924,25.399999618530273,-3.1464664936065674,-3.244326591491699,25.399999618530273,-1.9976140260696411,-4.055408000946045,25.399999618530273,-2.497016668319702,-3.5352578163146973,25.399999618530273,-1.4205862283706665,-4.419072151184082,25.399999618530273,-1.775732159614563,-3.7244861125946045,25.399999618530273,-0.8026911616325378,-4.6556077003479,25.399999618530273,-1.003363013267517,-3.806567668914795,25.399999618530273,-0.16170422732830048,-4.758209705352783,25.399999618530273,-0.202129527926445,-3.779141426086426,25.399999618530273,0.4839347004890442,-4.723926544189453,25.399999618530273,0.6049192547798157,-3.642995834350586,25.399999618530273,1.1156514883041382,-4.553744792938232,25.399999618530273,1.394565463066101,-3.402048110961914,25.399999618530273,1.7152732610702515,-4.252560138702393,25.399999618530273,2.144091844558716,-3.06322979927063,25.399999618530273,2.265549421310425,-3.8290371894836426,25.399999618530273,2.831937074661255,-2.6362879276275635,25.399999618530273,2.7506492137908936,-3.2953596115112305,25.399999618530273,3.4383127689361572,-2.133504629135132,25.399999618530273,3.156618356704712,-2.6668806076049805,25.399999618530273,3.9457743167877197,-1.5693445205688477,25.399999618530273,3.471778154373169,-1.9616804122924805,25.399999618530273,4.339722156524658,-0.9600372314453125,25.399999618530273,3.6870596408843994,-1.2000460624694824,25.399999618530273,4.608825206756592,-0.32311153411865234,25.399999618530273,3.7962706089019775,-0.4038887023925781,25.399999618530273,4.745339870452881,-4.76837158203125e-07,25.399999618530273,3.8099968433380127,-4.76837158203125e-07,25.399999618530273,4.762497425079346,2.39351749420166,-25.399999618530273,-2.964313268661499,2.991896629333496,-25.399999618530273,-3.705392599105835,2.860060691833496,-25.399999618530273,-2.517167806625366,3.575076103210449,-25.399999618530273,-3.1464602947235107,3.244325637817383,-25.399999618530273,-1.9976080656051636,4.05540657043457,-25.399999618530273,-2.4970104694366455,3.5352563858032227,-25.399999618530273,-1.420580267906189,4.419071197509766,-25.399999618530273,-1.7757261991500854,3.724484443664551,-25.399999618530273,-0.8026850819587708,4.655607223510742,-25.399999618530273,-1.0033570528030396,3.8065662384033203,-25.399999618530273,-0.16169817745685577,4.758209228515625,-25.399999618530273,-0.2021234780550003,3.7791404724121094,-25.399999618530273,0.4839407801628113,4.72392463684082,-25.399999618530273,0.6049253344535828,3.6429948806762695,-25.399999618530273,1.1156574487686157,4.553743362426758,-25.399999618530273,1.3945714235305786,3.4020462036132812,-25.399999618530273,1.715279221534729,4.252558708190918,-25.399999618530273,2.1440980434417725,3.0632286071777344,-25.399999618530273,2.2655556201934814,3.829035758972168,-25.399999618530273,2.8319432735443115,2.6362862586975098,-25.399999618530273,2.75065541267395,3.2953577041625977,-25.399999618530273,3.438318967819214,2.1335034370422363,-25.399999618530273,3.1566245555877686,2.666879177093506,-25.399999618530273,3.9457805156707764,1.569343090057373,-25.399999618530273,3.4717843532562256,1.9616789817810059,-25.399999618530273,4.339727878570557,0.9600358009338379,-25.399999618530273,3.687065839767456,1.2000446319580078,-25.399999618530273,4.60883092880249,0.32311010360717773,-25.399999618530273,3.796276807785034,0.4038872718811035,-25.399999618530273,4.745345592498779,-0.32311153411865234,-25.399999618530273,3.796276807785034,-0.4038887023925781,-25.399999618530273,4.745345592498779,-0.9600372314453125,-25.399999618530273,3.687065839767456,-1.2000460624694824,-25.399999618530273,4.60883092880249,-1.5693445205688477,-25.399999618530273,3.4717843532562256,-1.9616804122924805,-25.399999618530273,4.339727878570557,-2.133504629135132,-25.399999618530273,3.1566245555877686,-2.6668806076049805,-25.399999618530273,3.9457805156707764,-2.6362879276275635,-25.399999618530273,2.75065541267395,-3.2953596115112305,-25.399999618530273,3.438318967819214,-3.06322979927063,-25.399999618530273,2.2655556201934814,-3.8290371894836426,-25.399999618530273,2.8319432735443115,-3.402048110961914,-25.399999618530273,1.715279221534729,-4.252560138702393,-25.399999618530273,2.1440980434417725,-3.642995834350586,-25.399999618530273,1.1156574487686157,-4.553744792938232,-25.399999618530273,1.3945714235305786,-3.779141426086426,-25.399999618530273,0.4839407801628113,-4.723926544189453,-25.399999618530273,0.6049253344535828,-3.806567668914795,-25.399999618530273,-0.16169817745685577,-4.758209705352783,-25.399999618530273,-0.2021234780550003,-3.7244861125946045,-25.399999618530273,-0.8026850819587708,-4.6556077003479,-25.399999618530273,-1.0033570528030396,-3.5352578163146973,-25.399999618530273,-1.420580267906189,-4.419072151184082,-25.399999618530273,-1.7757261991500854,-3.244326591491699,-25.399999618530273,-1.9976080656051636,-4.055408000946045,-25.399999618530273,-2.4970104694366455,-2.8600621223449707,-25.399999618530273,-2.517167806625366,-3.575077533721924,-25.399999618530273,-3.1464602947235107,-2.3935189247131348,-25.399999618530273,-2.964313268661499,