{
    "name": "ROB-12273Geometry",
    "materials": [{
        "colorDiffuse": [0.800000011920929,0.800000011920929,0.800000011920929],
        "wireframe": false,
        "DbgColor": 15658734,
        "depthWrite": true,
        "DbgName": "Material",
        "visible": true,
        "shading": "phong",
        "specularCoef": 100,
        "DbgIndex": 0,
        "transparent": false,
        "colorSpecular": [0.45098042488098145,0.45098042488098145,0.45098042488098145],
        "colorAmbient": [0.800000011920929,0.800000011920929,0.800000011920929],
        "depthTest": true,
        "blending": "NormalBlending",
        "colorEmissive": [0.0,0.0,0.0],
        "opacity": 0.0
    }],
    "metadata": {
        "version": 3,
        "vertices": 74,
        "generator": "io_three",
        "type": "Geometry",
        "uvs": 0,
        "faces": 107,
        "materials": 1
    },
    "vertices": [0.33657336235046387,127.00000762939453,3.954437017440796,-0.33657360076904297,-127.00000762939453,3.954467535018921,0.33657336235046387,-127.00000762939453,3.954467535018921,1.0000379085540771,-127.00000762939453,3.840705633163452,1.0000379085540771,127.00000762939453,3.840675115585327,1.6347324848175049,-127.00000762939453,3.6164534091949463,1.6347324848175049,127.00000762939453,3.6164228916168213,2.222399950027466,-127.00000762939453,3.28816294670105,2.222399950027466,127.00000762939453,3.288132429122925,2.7461321353912354,-127.00000762939453,2.865278482437134,2.7461321353912354,127.00000762939453,2.865247964859009,3.190863847732544,-127.00000762939453,2.3599655628204346,3.190863847732544,127.00000762939453,2.3599350452423096,3.543799638748169,-127.00000762939453,1.786760926246643,3.543799638748169,127.00000762939453,1.7867306470870972,3.794786214828491,-127.00000762939453,1.1621557474136353,3.794786214828491,127.00000762939453,1.1621254682540894,3.9366042613983154,-127.00000762939453,0.5041171312332153,3.9366042613983154,127.00000762939453,0.5040868520736694,3.9651739597320557,-127.00000762939453,-0.16842353343963623,3.9651739597320557,127.00000762939453,-0.16845381259918213,3.8796727657318115,-127.00000762939453,-0.8361185789108276,3.8796727657318115,127.00000762939453,-0.8361488580703735,3.6825592517852783,-127.00000762939453,-1.4797593355178833,3.6825592517852783,127.00000762939453,-1.4797896146774292,3.3795058727264404,-127.00000762939453,-2.080829381942749,3.3795058727264404,127.00000762939453,-2.080859899520874,2.9792306423187256,-127.00000762939453,-2.622037649154663,2.9792306423187256,127.00000762939453,-2.622068166732788,2.493248224258423,-127.00000762939453,-3.0878143310546875,2.493248224258423,127.00000762939453,-3.0878448486328125,1.9355390071868896,-127.00000762939453,-3.464759588241577,1.9355390071868896,127.00000762939453,-3.464790105819702,1.322148084640503,-127.00000762939453,-3.7420296669006348,1.322148084640503,127.00000762939453,-3.7420601844787598,0.6707217693328857,-127.00000762939453,-3.9116482734680176,0.6707217693328857,127.00000762939453,-3.9116787910461426,0.0,-127.00000762939453,-3.9687349796295166,0.0,127.00000762939453,-3.9687654972076416,-0.6707220077514648,-127.00000762939453,-3.9116482734680176,-0.6707220077514648,127.00000762939453,-3.9116787910461426,-1.3221487998962402,-127.00000762939453,-3.7420296669006348,-1.3221487998962402,127.00000762939453,-3.7420601844787598,-1.9355394840240479,-127.00000762939453,-3.464759588241577,-1.9355394840240479,127.00000762939453,-3.464790105819702,-2.493248224258423,-127.00000762939453,-3.0878143310546875,-2.493248224258423,127.00000762939453,-3.0878448486328125,-2.9792306423187256,-127.00000762939453,-2.622037649154663,-2.9792306423187256,127.00000762939453,-2.622068166732788,-3.3795063495635986,-127.00000762939453,-2.080829381942749,-3.3795063495635986,127.00000762939453,-2.080859899520874,-3.6825597286224365,-127.00000762939453,-1.4797593355178833,-3.6825597286224365,127.00000762939453,-1.4797896146774292,-3.8796725273132324,-127.00000762939453,-0.8361185789108276,-3.8796725273132324,127.00000762939453,-0.8361488580703735,-3.9651739597320557,-127.00000762939453,-0.16842353343963623,-3.9651739597320557,127.00000762939453,-0.16845381259918213,-3.936605215072632,-127.00000762939453,0.5041171312332153,-3.936605215072632,127.00000762939453,0.5040868520736694,-3.7947869300842285,-127.00000762939453,1.1621557474136353,-3.7947869300842285,127.00000762939453,1.1621254682540894,-3.543799638748169,-127.00000762939453,1.786760926246643,-3.543799638748169,127.00000762939453,1.7867306470870972,-3.190863609313965,-127.00000762939453,2.3599655628204346,-3.190863609313965,127.00000762939453,2.3599350452423096,-2.7461323738098145,-127.00000762939453,2.865278482437134,-2.7461323738098145,127.00000762939453,2.865247964859009,-2.222400188446045,-127.00000762939453,3.28816294670105,-2.222400188446045,127.00000762939453,3.288132429122925,-1.6347332000732422,-127.00000762939453,3.6164534091949463,-1.6347332000732422,127.00000762939453,3.6164228916168213,-1.0000379085540771,-127.00000762939453,3.840705633163452,-1.0000379085540771,127.00000762939453,3.840675115585327,-0.33657360076904297,127.00000762939453,3.954437017440796],
    "faces": [3,69,70,68,67,0,3,25,26,24,23,0,3,53,54,52,51,0,3,39,40,38,37,0,3,11,12,10,9,0,3,51,52,50,49,0,3,19,20,18,17,0,3,13,14,12,11,0,3,41,42,40,39,0,3,45,46,44,43,0,3,57,58,56,55,0,3,47,48,46,45,0,3,29,30,28,27,0,3,7,8,6,5,0,3,23,24,22,21,0,3,43,44,42,41,0,3,0,2,3,4,0,3,67,68,66,65,0,3,49,50,48,47,0,3,59,60,58,57,0,3,35,36,34,33,0,3,17,18,16,15,0,3,1,73,72,71,0,3,71,72,70,69,0,3,61,62,60,59,0,3,2,0,73,1,0,3,55,56,54,53,0,3,21,22,20,19,0,3,15,16,14,13,0,3,65,66,64,63,0,3,5,6,4,3,0,3,33,34,32,31,0,3,37,38,36,35,0,3,9,10,8,7,0,3,63,64,62,61,0,3,31,32,30,29,0,3,27,28,26,25,0,2,13,17,15,0,2,21,19,17,0,2,25,23,21,0,2,29,27,25,0,2,33,31,29,0,2,37,35,33,0,2,41,39,37,0,2,45,43,41,0,2,49,47,45,0,2,53,51,49,0,2,57,55,53,0,2,61,59,57,0,2,65,63,61,0,2,69,67,65,0,2,1,71,69,0,2,3,2,1,0,2,7,5,3,0,2,11,9,7,0,2,13,11,17,0,2,25,21,17,0,2,33,29,25,0,2,41,37,33,0,2,49,45,41,0,2,57,53,49,0,2,65,61,57,0,2,1,69,65,0,2,7,3,1,0,2,11,7,17,0,2,33,25,17,0,2,49,41,33,0,2,65,57,49,0,2,7,1,65,0,2,7,33,17,0,2,65,49,33,0,2,7,65,33,0,2,68,64,66,0,2,60,62,64,0,2,56,58,60,0,2,52,54,56,0,2,48,50,52,0,2,44,46,48,0,2,40,42,44,0,2,36,38,40,0,2,32,34,36,0,2,28,30,32,0,2,24,26,28,0,2,20,22,24,0,2,16,18,20,0,2,12,14,16,0,2,8,10,12,0,2,4,6,8,0,2,73,0,4,0,2,70,72,73,0,2,68,70,64,0,2,56,60,64,0,2,48,52,56,0,2,40,44,48,0,2,32,36,40,0,2,24,28,32,0,2,16,20,24,0,2,8,12,16,0,2,73,4,8,0,2,70,73,64,0,2,48,56,64,0,2,32,40,48,0,2,16,24,32,0,2,73,8,16,0,2,73,48,64,0,2,16,32,48,0,2,73,16,48,0],
    "uvs": []
}