{
    "materials": [{
        "DbgIndex": 0,
        "colorEmissive": [0.0,0.0,0.0],
        "blending": "NormalBlending",
        "transparent": false,
        "shading": "phong",
        "colorDiffuse": [0.800000011920929,0.800000011920929,0.800000011920929],
        "colorSpecular": [0.45098042488098145,0.45098042488098145,0.45098042488098145],
        "depthWrite": true,
        "DbgName": "Material",
        "visible": true,
        "opacity": 0.0,
        "depthTest": true,
        "wireframe": false,
        "colorAmbient": [0.800000011920929,0.800000011920929,0.800000011920929],
        "DbgColor": 15658734,
        "specularCoef": 100
    }],
    "uvs": [],
    "name": "ROB-12183Geometry",
    "vertices": [4.533578872680664,127.00000762939453,3.3530030250549316,5.105381011962891,127.00000762939453,3.775905132293701,5.035029411315918,127.00000762939453,2.5385937690734863,5.670079231262207,127.00000762939453,2.858778476715088,5.391632080078125,127.00000762939453,1.6511541604995728,6.071658134460449,127.00000762939453,1.859408974647522,5.593127250671387,127.00000762939453,0.7162128686904907,6.298566818237305,127.00000762939453,0.8065477609634399,5.633718490600586,127.00000762939453,-0.23933255672454834,6.344278335571289,127.00000762939453,-0.26951682567596436,5.512238502502441,127.00000762939453,-1.1879934072494507,6.207475662231445,127.00000762939453,-1.337828516960144,5.232180595397949,127.00000762939453,-2.102478504180908,5.892095565795898,127.00000762939453,-2.3676538467407227,4.801602363586426,127.00000762939453,-2.95647931098938,5.407209396362305,127.00000762939453,-3.329366445541382,4.2328901290893555,127.00000762939453,-3.7254278659820557,4.766768455505371,127.00000762939453,-4.195300102233887,3.5424060821533203,127.00000762939453,-4.387203216552734,3.98919677734375,127.00000762939453,-4.940542221069336,2.750014305114746,127.00000762939453,-4.922767162322998,3.09686279296875,127.00000762939453,-5.543654441833496,1.8785085678100586,127.00000762939453,-5.316712856292725,2.115436553955078,127.00000762939453,-5.9872870445251465,0.9529614448547363,127.00000762939453,-5.557706356048584,1.0731544494628906,127.00000762939453,-6.258676052093506,-4.76837158203125e-07,127.00000762939453,-5.638815402984619,-4.76837158203125e-07,127.00000762939453,-6.350015163421631,-0.9529623985290527,127.00000762939453,-5.557706356048584,-1.073155403137207,127.00000762939453,-6.258676052093506,-1.878509521484375,127.00000762939453,-5.316712856292725,-2.1154379844665527,127.00000762939453,-5.9872870445251465,-2.750014543533325,127.00000762939453,-4.922767162322998,-3.096863269805908,127.00000762939453,-5.543654441833496,-3.542407512664795,127.00000762939453,-4.387203216552734,-3.989197254180908,127.00000762939453,-4.940542221069336,-4.232891082763672,127.00000762939453,-3.7254278659820557,-4.7667694091796875,127.00000762939453,-4.195300102233887,-4.801603317260742,127.00000762939453,-2.95647931098938,-5.407210350036621,127.00000762939453,-3.329366445541382,-5.232181072235107,127.00000762939453,-2.102478504180908,-5.892095565795898,127.00000762939453,-2.3676538467407227,-5.5122389793396,127.00000762939453,-1.1879934072494507,-6.2074761390686035,127.00000762939453,-1.337828516960144,-5.6337199211120605,127.00000762939453,-0.23933255672454834,-6.344278812408447,127.00000762939453,-0.26951682567596436,-5.593128681182861,127.00000762939453,0.7162128686904907,-6.298568248748779,127.00000762939453,0.8065477609634399,-5.3916335105896,127.00000762939453,1.6511541604995728,-6.071659088134766,127.00000762939453,1.859408974647522,-5.035030364990234,127.00000762939453,2.5385937690734863,-5.670079231262207,127.00000762939453,2.858778476715088,-4.5335798263549805,127.00000762939453,3.3530030250549316,-5.105382442474365,127.00000762939453,3.775905132293701,-3.901705265045166,127.00000762939453,4.070950984954834,-4.39381217956543,127.00000762939453,4.58440637588501,-3.1575863361358643,127.00000762939453,4.6717848777771,-3.555840253829956,127.00000762939453,5.261021137237549,-2.322628974914551,127.00000762939453,5.138219356536865,-2.6155734062194824,127.00000762939453,5.786285877227783,-1.4208545684814453,127.00000762939453,5.456838130950928,-1.6000609397888184,127.00000762939453,6.1450886726379395,-0.47820425033569336,127.00000762939453,5.618470668792725,-0.538517951965332,127.00000762939453,6.327108860015869,0.47820329666137695,127.00000762939453,5.618470668792725,0.5385174751281738,127.00000762939453,6.327108860015869,1.420853614807129,127.00000762939453,5.456838130950928,1.6000604629516602,127.00000762939453,6.1450886726379395,2.3226280212402344,127.00000762939453,5.138219356536865,2.615571975708008,127.00000762939453,5.786285877227783,3.1575851440429688,127.00000762939453,4.6717848777771,3.5558385848999023,127.00000762939453,5.261021137237549,3.9017038345336914,127.00000762939453,4.070950984954834,4.393811225891113,127.00000762939453,4.58440637588501,3.5424060821533203,-127.00000762939453,-4.387172698974609,3.98919677734375,-127.00000762939453,-4.940511703491211,4.2328901290893555,-127.00000762939453,-3.7253973484039307,4.766768455505371,-127.00000762939453,-4.195269584655762,4.801602363586426,-127.00000762939453,-2.956448793411255,5.407209396362305,-127.00000762939453,-3.329335927963257,5.232180595397949,-127.00000762939453,-2.102447986602783,5.892095565795898,-127.00000762939453,-2.3676233291625977,5.512238502502441,-127.00000762939453,-1.1879631280899048,6.207475662231445,-127.00000762939453,-1.3377982378005981,5.633718490600586,-127.00000762939453,-0.23930227756500244,6.344278335571289,-127.00000762939453,-0.26948654651641846,5.593127250671387,-127.00000762939453,0.7162431478500366,6.298566818237305,-127.00000762939453,0.8065780401229858,5.391632080078125,-127.00000762939453,1.6511844396591187,6.071658134460449,-127.00000762939453,1.8594392538070679,5.035029411315918,-127.00000762939453,2.5386242866516113,5.670079231262207,-127.00000762939453,2.858808994293213,4.533578872680664,-127.00000762939453,3.3530335426330566,5.105381011962891,-127.00000762939453,3.775935649871826,3.9017038345336914,-127.00000762939453,4.070981502532959,4.393811225891113,-127.00000762939453,4.584436893463135,3.1575851440429688,-127.00000762939453,4.671815395355225,3.5558385848999023,-127.00000762939453,5.261051654815674,2.3226280212402344,-127.00000762939453,5.13824987411499,2.615571975708008,-127.00000762939453,5.786316394805908,1.420853614807129,-127.00000762939453,5.456868648529053,1.6000604629516602,-127.00000762939453,6.1451191902160645,0.47820329666137695,-127.00000762939453,5.61850118637085,0.5385174751281738,-127.00000762939453,6.327139377593994,-0.47820425033569336,-127.00000762939453,5.61850118637085,-0.538517951965332,-127.00000762939453,6.327139377593994,-1.4208545684814453,-127.00000762939453,5.456868648529053,-1.6000609397888184,-127.00000762939453,6.1451191902160645,-2.322628974914551,-127.00000762939453,5.13824987411499,-2.6155734062194824,-127.00000762939453,5.786316394805908,-3.1575863361358643,-127.00000762939453,4.671815395355225,-3.555840253829956,-127.00000762939453,5.261051654815674,-3.901705265045166,-127.00000762939453,4.070981502532959,-4.39381217956543,-127.00000762939453,4.584436893463135,-4.5335798263549805,-127.00000762939453,3.3530335426330566,-5.105382442474365,-127.00000762939453,3.775935649871826,-5.035030364990234,-127.00000762939453,2.5386242866516113,-5.670079231262207,-127.00000762939453,2.858808994293213,-5.3916335105896,-127.00000762939453,1.6511844396591187,-6.071659088134766,-127.00000762939453,1.8594392538070679,-5.593128681182861,-127.00000762939453,0.7162431478500366,-6.298568248748779,-127.00000762939453,0.8065780401229858,-5.6337199211120605,-127.00000762939453,-0.23930227756500244,-6.344278812408447,-127.00000762939453,-0.26948654651641846,-5.5122389793396,-127.00000762939453,-1.1879631280899048,-6.2074761390686035,-127.00000762939453,-1.3377982378005981,-5.232181072235107,-127.00000762939453,-2.102447986602783,-5.892095565795898,