{
    "materials": [{
        "transparent": false,
        "wireframe": false,
        "DbgName": "Material",
        "visible": true,
        "specularCoef": 100,
        "depthTest": true,
        "shading": "phong",
        "DbgColor": 15658734,
        "depthWrite": true,
        "colorAmbient": [0.800000011920929,0.800000011920929,0.800000011920929],
        "colorDiffuse": [0.800000011920929,0.800000011920929,0.800000011920929],
        "DbgIndex": 0,
        "opacity": 0.0,
        "colorSpecular": [0.45098042488098145,0.45098042488098145,0.45098042488098145],
        "colorEmissive": [0.0,0.0,0.0],
        "blending": "NormalBlending"
    }],
    "name": "ROB-12170Geometry",
    "metadata": {
        "materials": 1,
        "generator": "io_three",
        "version": 3,
        "type": "Geometry",
        "vertices": 111,
        "uvs": 0,
        "faces": 107
    },
    "vertices": [0.13462936878204346,76.20000457763672,1.581771969795227,-0.134629487991333,-76.20000457763672,1.5817900896072388,0.13462936878204346,-76.20000457763672,1.5817900896072388,0.40001511573791504,-76.20000457763672,1.5362850427627563,0.40001511573791504,76.20000457763672,1.5362669229507446,0.653892993927002,-76.20000457763672,1.4465843439102173,0.653892993927002,76.20000457763672,1.4465662240982056,0.8889596462249756,-76.20000457763672,1.3152681589126587,0.8889596462249756,76.20000457763672,1.315250039100647,1.0984528064727783,-76.20000457763672,1.146114468574524,1.0984528064727783,76.20000457763672,1.1460963487625122,1.2763452529907227,-76.20000457763672,0.9439891576766968,1.2763452529907227,76.20000457763672,0.9439710378646851,1.4175198078155518,-76.20000457763672,0.7147074937820435,1.4175198078155518,76.20000457763672,0.7146893739700317,1.5179145336151123,-76.20000457763672,0.464865118265152,1.5179145336151123,76.20000457763672,0.4648469388484955,1.5746417045593262,-76.20000457763672,0.20164981484413147,1.5746417045593262,76.20000457763672,0.20163163542747498,1.5860695838928223,-76.20000457763672,-0.0673663392663002,1.5860695838928223,76.20000457763672,-0.0673845037817955,1.5518689155578613,-76.20000457763672,-0.3344442546367645,1.5518689155578613,76.20000457763672,-0.334462434053421,1.4730238914489746,-76.20000457763672,-0.5919005870819092,1.4730238914489746,76.20000457763672,-0.5919187068939209,1.3518023490905762,-76.20000457763672,-0.832328736782074,1.3518023490905762,76.20000457763672,-0.8323468565940857,1.1916921138763428,-76.20000457763672,-1.0488121509552002,1.1916921138763428,76.20000457763672,-1.048830270767212,0.9972991943359375,-76.20000457763672,-1.2351226806640625,0.9972991943359375,76.20000457763672,-1.2351408004760742,0.7742156982421875,-76.20000457763672,-1.3859007358551025,0.7742156982421875,76.20000457763672,-1.3859188556671143,0.5288591384887695,-76.20000457763672,-1.4968088865280151,0.5288591384887695,76.20000457763672,-1.4968270063400269,0.26828861236572266,-76.20000457763672,-1.564656138420105,0.26828861236572266,76.20000457763672,-1.5646742582321167,-1.1920928955078125e-07,-76.20000457763672,-1.5874909162521362,-1.1920928955078125e-07,76.20000457763672,-1.587509036064148,-0.26828885078430176,-76.20000457763672,-1.564656138420105,-0.26828885078430176,76.20000457763672,-1.5646742582321167,-0.5288594961166382,-76.20000457763672,-1.4968088865280151,-0.5288594961166382,76.20000457763672,-1.4968270063400269,-0.774215817451477,-76.20000457763672,-1.3859007358551025,-0.774215817451477,76.20000457763672,-1.3859188556671143,-0.997299313545227,-76.20000457763672,-1.2351226806640625,-0.997299313545227,76.20000457763672,-1.2351408004760742,-1.1916923522949219,-76.20000457763672,-1.0488121509552002,-1.1916923522949219,76.20000457763672,-1.048830270767212,-1.3518025875091553,-76.20000457763672,-0.832328736782074,-1.3518025875091553,76.20000457763672,-0.8323468565940857,-1.4730238914489746,-76.20000457763672,-0.5919005870819092,-1.4730238914489746,76.20000457763672,-0.5919187068939209,-1.5518690347671509,-76.20000457763672,-0.3344442546367645,-1.5518690347671509,76.20000457763672,-0.334462434053421,-1.5860697031021118,-76.20000457763672,-0.0673663392663002,-1.5860697031021118,76.20000457763672,-0.0673845037817955,-1.5746420621871948,-76.20000457763672,0.20164981484413147,-1.5746420621871948,76.20000457763672,0.20163163542747498,-1.5179147720336914,-76.20000457763672,0.464865118265152,-1.5179147720336914,76.20000457763672,0.4648469388484955,-1.4175198078155518,-76.20000457763672,0.7147074937820435,-1.4175198078155518,76.20000457763672,0.7146893739700317,-1.2763456106185913,-76.20000457763672,0.9439891576766968,-1.2763456106185913,76.20000457763672,0.9439710378646851,-1.0984530448913574,-76.20000457763672,1.146114468574524,-1.0984530448913574,76.20000457763672,1.1460963487625122,-0.888960063457489,-76.20000457763672,1.3152681589126587,-0.888960063457489,76.20000457763672,1.315250039100647,-0.6538933515548706,-76.20000457763672,1.4465843439102173,-0.6538933515548706,76.20000457763672,1.4465662240982056,-0.4000152349472046,-76.20000457763672,1.5362850427627563,-0.4000152349472046,76.20000457763672,1.5362669229507446,-0.134629487991333,76.20000457763672,1.581771969795227,-1.1920928955078125e-07,-76.20000457763672,-1.5874909162521362,-0.134629487991333,-76.20000457763672,1.5817900896072388,-0.4000152349472046,-76.20000457763672,1.5362850427627563,0.26828861236572266,-76.20000457763672,-1.564656138420105,0.13462936878204346,-76.20000457763672,1.5817900896072388,1.1916921138763428,-76.20000457763672,-1.0488121509552002,1.3518023490905762,-76.20000457763672,-0.832328736782074,0.40001511573791504,-76.20000457763672,1.5362850427627563,-0.6538933515548706,-76.20000457763672,1.4465843439102173,-0.888960063457489,-76.20000457763672,1.3152681589126587,-0.26828885078430176,-76.20000457763672,-1.564656138420105,-1.0984530448913574,-76.20000457763672,1.146114468574524,-1.2763456106185913,-76.20000457763672,0.9439891576766968,-1.3518025875091553,-76.20000457763672,-0.832328736782074,0.5288591384887695,-76.20000457763672,-1.4968088865280151,0.7742156982421875,-76.20000457763672,-1.3859007358551025,0.9972991943359375,-76.20000457763672,-1.2351226806640625,1.4730238914489746,-76.20000457763672,-0.5919005870819092,1.5518689155578613,-76.20000457763672,-0.3344442546367645,1.5860695838928223,-76.20000457763672,-0.0673663392663002,-1.1916923522949219,-76.20000457763672,-1.0488121509552002,-0.997299313545227,-76.20000457763672,-1.2351226806640625,-1.5860697031021118,-76.20000457763672,-0.0673663392663002,-1.5518690347671509,-76.20000457763672,-0.3344442546367645,-1.5746420621871948,-76.20000457763672,0.20164981484413147,-1.5179147720336914,-76.20000457763672,0.464865118265152,-1.4175198078155518,-76.20000457763672,0.7147074937820435,-1.4730238914489746,-76.20000457763672,-0.5919005870819092,-0.774215817451477,-76.20000457763672,-1.3859007358551025,-0.5288594961166382,-76.20000457763672,-1.4968088865280151,1.5746417045593262,-76.20000457763672,0.20164981484413147,1.5179145336151123,-76.20000457763672,0.464865118265152,1.4175198078155518,-76.20000457763672,0.7147074937820435,1.2763452529907227,-76.20000457763672,0.9439891576766968,1.0984528064727783,-76.20000457763672,1.146114468574524,0.653892993927002,-76.20000457763672,1.4465843439102173,0.8889596462249756,-76.20000457763672,1.3152681589126587],