{
    "faces": [3,31,32,30,29,0,3,43,44,42,41,0,3,39,40,38,37,0,3,21,22,20,19,0,3,51,52,50,49,0,3,35,36,34,33,0,3,1,73,72,71,0,3,53,54,52,51,0,3,37,38,36,35,0,3,55,56,54,53,0,3,47,48,46,45,0,3,23,24,22,21,0,3,49,50,48,47,0,3,17,18,16,15,0,3,45,46,44,43,0,3,33,34,32,31,0,3,25,26,24,23,0,3,11,12,10,9,0,3,57,58,56,55,0,3,19,20,18,17,0,3,61,62,60,59,0,3,69,70,68,67,0,3,15,16,14,13,0,3,63,64,62,61,0,3,13,14,12,11,0,3,71,72,70,69,0,3,41,42,40,39,0,3,0,2,3,4,0,3,59,60,58,57,0,3,7,8,6,5,0,3,27,28,26,25,0,3,0,73,1,2,0,3,5,6,4,3,0,3,29,30,28,27,0,3,67,68,66,65,0,2,41,45,43,0,2,49,47,45,0,2,53,51,49,0,2,57,55,53,0,2,61,59,57,0,2,65,63,61,0,2,69,67,65,0,2,1,71,69,0,2,3,2,1,0,2,7,5,3,0,2,11,9,7,0,2,15,13,11,0,2,19,17,15,0,2,23,21,19,0,2,27,25,23,0,2,31,29,27,0,2,35,33,31,0,2,39,37,35,0,2,41,39,45,0,2,53,49,45,0,2,61,57,53,0,2,69,65,61,0,2,3,1,69,0,2,11,7,3,0,2,19,15,11,0,2,27,23,19,0,2,35,31,27,0,2,39,35,45,0,2,61,53,45,0,2,3,69,61,0,2,19,11,3,0,2,35,27,19,0,2,35,61,45,0,2,19,3,61,0,2,35,19,61,0,2,14,10,12,0,2,6,8,10,0,2,0,4,6,0,2,72,73,0,0,2,68,70,72,0,2,64,66,68,0,2,60,62,64,0,2,56,58,60,0,2,52,54,56,0,2,48,50,52,0,2,44,46,48,0,2,40,42,44,0,2,36,38,40,0,2,32,34,36,0,2,28,30,32,0,2,24,26,28,0,2,20,22,24,0,2,16,18,20,0,2,14,16,10,0,2,0,6,10,0,2,68,72,0,0,2,60,64,68,0,2,52,56,60,0,2,44,48,52,0,2,36,40,44,0,2,28,32,36,0,2,20,24,28,0,2,16,20,10,0,2,68,0,10,0,2,52,60,68,0,2,36,44,52,0,2,20,28,36,0,2,20,68,10,0,2,36,52,68,0,2,20,36,68,0,3,9,10,8,7,0,3,65,66,64,63,0],
    "metadata": {
        "faces": 107,
        "version": 3,
        "vertices": 74,
        "uvs": 0,
        "type": "Geometry",
        "materials": 1,
        "generator": "io_three"
    },
    "vertices": [0.4038872718811035,101.5999984741211,4.745330810546875,-0.4038887023925781,-101.5999984741211,4.745354652404785,0.4038872718811035,-101.5999984741211,4.745354652404785,1.2000446319580078,-101.5999984741211,4.608839988708496,1.2000446319580078,101.5999984741211,4.608816146850586,1.9616789817810059,-101.5999984741211,4.3397369384765625,1.9616789817810059,101.5999984741211,4.339713096618652,2.666879177093506,-101.5999984741211,3.9457895755767822,2.666879177093506,101.5999984741211,3.945765256881714,3.2953577041625977,-101.5999984741211,3.4383280277252197,3.2953577041625977,101.5999984741211,3.4383037090301514,3.829035758972168,-101.5999984741211,2.8319523334503174,3.829035758972168,101.5999984741211,2.831928014755249,4.252558708190918,-101.5999984741211,2.1441071033477783,4.252558708190918,101.5999984741211,2.14408278465271,4.553743362426758,-101.5999984741211,1.394580602645874,4.553743362426758,101.5999984741211,1.3945562839508057,4.72392463684082,-101.5999984741211,0.6049343943595886,4.72392463684082,101.5999984741211,0.6049101948738098,4.758209228515625,-101.5999984741211,-0.20211438834667206,4.758209228515625,101.5999984741211,-0.20213861763477325,4.655607223510742,-101.5999984741211,-1.0033478736877441,4.655607223510742,101.5999984741211,-1.0033721923828125,4.419071197509766,-101.5999984741211,-1.77571702003479,4.419071197509766,101.5999984741211,-1.7757413387298584,4.05540657043457,-101.5999984741211,-2.4970014095306396,4.05540657043457,101.5999984741211,-2.497025728225708,3.575076103210449,-101.5999984741211,-3.146451234817505,3.575076103210449,101.5999984741211,-3.1464755535125732,2.991896629333496,-101.5999984741211,-3.705383539199829,2.991896629333496,101.5999984741211,-3.7054078578948975,2.3226466178894043,-101.5999984741211,-4.157718181610107,2.3226466178894043,101.5999984741211,-4.157742023468018,1.5865774154663086,-101.5999984741211,-4.490442276000977,1.5865774154663086,101.5999984741211,-4.490466117858887,0.8048653602600098,-101.5999984741211,-4.693984031677246,0.8048653602600098,101.5999984741211,-4.694007873535156,-4.76837158203125e-07,-101.5999984741211,-4.76248836517334,-4.76837158203125e-07,101.5999984741211,-4.76251220703125,-0.8048667907714844,-101.5999984741211,-4.693984031677246,-0.8048667907714844,101.5999984741211,-4.694007873535156,-1.5865790843963623,-101.5999984741211,-4.490442276000977,-1.5865790843963623,101.5999984741211,-4.490466117858887,-2.322648048400879,-101.5999984741211,-4.157718181610107,-2.322648048400879,101.5999984741211,-4.157742023468018,-2.991898536682129,-101.5999984741211,-3.705383539199829,-2.991898536682129,101.5999984741211,-3.7054078578948975,-3.575077533721924,-101.5999984741211,-3.146451234817505,-3.575077533721924,101.5999984741211,-3.1464755535125732,-4.055408000946045,-101.5999984741211,-2.4970014095306396,-4.055408000946045,101.5999984741211,-2.497025728225708,-4.419072151184082,-101.5999984741211,-1.77571702003479,-4.419072151184082,101.5999984741211,-1.7757413387298584,-4.6556077003479,-101.5999984741211,-1.0033478736877441,-4.6556077003479,101.5999984741211,-1.0033721923828125,-4.758209705352783,-101.5999984741211,-0.20211438834667206,-4.758209705352783,101.5999984741211,-0.20213861763477325,-4.723926544189453,-101.5999984741211,0.6049343943595886,-4.723926544189453,101.5999984741211,0.6049101948738098,-4.553744792938232,-101.5999984741211,1.394580602645874,-4.553744792938232,101.5999984741211,1.3945562839508057,-4.252560138702393,-101.5999984741211,2.1441071033477783,-4.252560138702393,101.5999984741211,2.14408278465271,-3.8290371894836426,-101.5999984741211,2.8319523334503174,-3.8290371894836426,101.5999984741211,2.831928014755249,-3.2953596115112305,-101.5999984741211,3.4383280277252197,-3.2953596115112305,101.5999984741211,3.4383037090301514,-2.6668806076049805,-101.5999984741211,3.9457895755767822,-2.6668806076049805,101.5999984741211,3.945765256881714,-1.9616804122924805,-101.5999984741211,4.3397369384765625,-1.9616804122924805,101.5999984741211,4.339713096618652,-1.2000460624694824,-101.5999984741211,4.608839988708496,-1.2000460624694824,101.5999984741211,4.608816146850586,-0.4038887023925781,101.5999984741211,4.745330810546875],
    "uvs": [],
    "materials": [{
        "transparent": false,
        "DbgName": "Material",
        "colorSpecular": [0.45098042488098145,0.45098042488098145,0.45098042488098145],
        "DbgColor": 15658734,
        "colorEmissive": [0.0,0.0,0.0],
        "depthWrite": true,
        "depthTest": true,
        "colorDiffuse": [0.800000011920929,0.800000011920929,0.800000011920929],
        "colorAmbient": [0.800000011920929,0.800000011920929,0.800000011920929],
        "opacity": 0.0,
        "DbgIndex": 0,
        "shading": "phong",
        "blending": "NormalBlending",
        "wireframe": false,
        "specularCoef": 100,
        "visible": true
    }],
    "name": "ROB-12373Geometry"
}