{
    "materials": [{
        "transparent": false,
        "depthWrite": true,
        "DbgName": "Material",
        "shading": "phong",
        "specularCoef": 100,
        "colorEmissive": [0.0,0.0,0.0],
        "DbgColor": 15658734,
        "blending": "NormalBlending",
        "opacity": 0.0,
        "wireframe": false,
        "colorSpecular": [0.45098042488098145,0.45098042488098145,0.45098042488098145],
        "colorDiffuse": [0.800000011920929,0.800000011920929,0.800000011920929],
        "DbgIndex": 0,
        "depthTest": true,
        "colorAmbient": [0.800000011920929,0.800000011920929,0.800000011920929],
        "visible": true
    }],
    "uvs": [],
    "vertices": [-3.4693193435668945,152.40000915527344,-9.819144248962402,-4.2308759689331055,152.40000915527344,-11.97456169128418,-5.078855991363525,152.40000915527344,-9.09158706665039,-6.193726539611816,152.40000915527344,-11.087296485900879,-6.54228401184082,152.40000915527344,-8.102482795715332,-7.978394508361816,152.40000915527344,-9.881072044372559,-7.817502021789551,152.40000915527344,-6.880284786224365,-9.533538818359375,152.40000915527344,-8.39058780670166,-8.867825508117676,152.40000915527344,-5.460154056549072,-10.814420700073242,152.40000915527344,-6.65872049331665,-9.663037300109863,152.40000915527344,-3.8829450607299805,-11.784191131591797,152.40000915527344,-4.735295295715332,-10.18026065826416,152.40000915527344,-2.194032669067383,-12.414952278137207,152.40000915527344,-2.675644874572754,-10.404617309570312,152.40000915527344,-0.44200044870376587,-12.688557624816895,152.40000915527344,-0.5390215516090393,-10.329651832580566,152.40000915527344,1.3227462768554688,-12.597136497497559,152.40000915527344,1.613107681274414,-9.957521438598633,152.40000915527344,3.0494384765625,-12.143318176269531,152.40000915527344,3.718830108642578,-9.298931121826172,152.40000915527344,4.688404083251953,-11.340158462524414,152.40000915527344,5.717569351196289,-8.372827529907227,152.40000915527344,6.19249153137207,-10.21076488494873,152.40000915527344,7.551822662353516,-7.205852508544922,152.40000915527344,7.5184326171875,-8.78762435913086,152.40000915527344,9.168825149536133,-5.831578254699707,152.40000915527344,8.628080368041992,-7.111680507659912,152.40000915527344,10.522054672241211,-4.2895402908325195,152.40000915527344,9.48951530456543,-5.231146812438965,152.40000915527344,11.57258415222168,-2.6240997314453125,152.40000915527344,10.077953338623047,-3.2001218795776367,152.40000915527344,12.290189743041992,-0.8831691741943359,152.40000915527344,10.37646484375,-1.077035903930664,152.40000915527344,12.654230117797852,0.8831672668457031,152.40000915527344,10.37646484375,1.0770349502563477,152.40000915527344,12.654230117797852,2.6240978240966797,152.40000915527344,10.077953338623047,3.2001209259033203,152.40000915527344,12.290189743041992,4.289539337158203,152.40000915527344,9.48951530456543,5.231143951416016,152.40000915527344,11.57258415222168,5.831577301025391,152.40000915527344,8.628080368041992,7.111677169799805,152.40000915527344,10.522054672241211,7.205848693847656,152.40000915527344,7.5184326171875,8.787622451782227,152.40000915527344,9.168825149536133,8.372825622558594,152.40000915527344,6.19249153137207,10.210762023925781,152.40000915527344,7.551822662353516,9.298929214477539,152.40000915527344,4.688404083251953,11.340158462524414,152.40000915527344,5.717569351196289,9.95751953125,152.40000915527344,3.0494384765625,12.143316268920898,152.40000915527344,3.718830108642578,10.32965087890625,152.40000915527344,1.3227462768554688,12.59713363647461,152.40000915527344,1.613107681274414,10.40461540222168,152.40000915527344,-0.44200044870376587,12.688556671142578,152.40000915527344,-0.5390215516090393,10.180259704589844,152.40000915527344,-2.194032669067383,12.41495132446289,152.40000915527344,-2.675644874572754,9.663036346435547,152.40000915527344,-3.8829450607299805,11.784191131591797,152.40000915527344,-4.735295295715332,8.86782455444336,152.40000915527344,-5.460154056549072,10.81441879272461,152.40000915527344,-6.65872049331665,7.817501068115234,152.40000915527344,-6.880284786224365,9.533536911010742,152.40000915527344,-8.39058780670166,6.5422821044921875,152.40000915527344,-8.102482795715332,7.9783935546875,152.40000915527344,-9.881072044372559,5.078853607177734,152.40000915527344,-9.09158706665039,6.1937255859375,152.40000915527344,-11.087296485900879,3.4693164825439453,152.40000915527344,-9.819144248962402,4.230873107910156,152.40000915527344,-11.97456169128418,1.7599735260009766,152.40000915527344,-10.264222145080566,2.1463088989257812,152.40000915527344,-12.517339706420898,-9.5367431640625e-07,152.40000915527344,-10.414017677307129,-9.5367431640625e-07,152.40000915527344,-12.700017929077148,-1.7599754333496094,152.40000915527344,-10.264222145080566,-2.146310806274414,152.40000915527344,-12.517339706420898,-0.8831691741943359,-152.40000915527344,10.376501083374023,-1.077035903930664,-152.40000915527344,12.654266357421875,-2.6240997314453125,-152.40000915527344,10.07798957824707,-3.2001218795776367,-152.40000915527344,12.290225982666016,-4.2895402908325195,-152.40000915527344,9.489551544189453,-5.231146812438965,-152.40000915527344,11.572620391845703,-5.831578254699707,-152.40000915527344,8.628116607666016,-7.111680507659912,-152.40000915527344,10.522090911865234,-7.205852508544922,-152.40000915527344,7.518468856811523,-8.78762435913086,-152.40000915527344,9.168861389160156,-8.372827529907227,-152.40000915527344,6.192527770996094,-10.21076488494873,-152.40000915527344,7.551858901977539,-9.298931121826172,-152.40000915527344,4.688440322875977,-11.340158462524414,-152.40000915527344,5.7176055908203125,-9.957521438598633,-152.40000915527344,3.0494747161865234,-12.143318176269531,-152.40000915527344,3.7188663482666016,-10.329651832580566,-152.40000915527344,1.3227825164794922,-12.597136497497559,-152.40000915527344,1.6131439208984375,-10.404617309570312,-152.40000915527344,-0.4419640898704529,-12.688557624816895,-152.40000915527344,-0.5389851927757263,-10.18026065826416,-152.40000915527344,-2.1939964294433594,-12.414952278137207,-152.40000915527344,-2.6756086349487305,-9.663037300109863,-152.40000915527344,-3.882908821105957,-11.784191131591797,-152.40000915527344,-4.735259056091309,-8.867825508117676,-152.40000915527344,-5.460117816925049,-10.814420700073242,-152.40000915527344,-6.658684253692627,-7.817502021789551,-152.40000915527344,-6.880248546600342,-9.533538818359375,-152.40000915527344,-8.390551567077637,-6.54228401184082,-152.40000915527344,-8.102446556091309,-7.978394508361816,-152.40000915527344,-9.881035804748535,-5.078855991363525,-152.40000915527344,-9.091550827026367,-6.193726539611816,-152.40000915527344,-11.087260246276855,-3.4693193435668945,-152.40000915527344,-9.819108009338379,-4.2308759689331055,-152.40000915527344,-11.974525451660156,-1.7599754333496094,-152.40000915527344,-10.264185905456543,-2.146310806274414,-152.40000915527344,-12.517303466796875,-9.5367431640625e-07,-152.40000915527344,-10.413981437683105,-9.5367431640625e-07,-152.40000915527344,-12.699981689453125,1.7599735260009766,-152.40000915527344,-10.264185905456543,2.1463088989257812,-152.40000915527344,-12.517303466796875,3.4693164825439453,-152.40000915527344,-9.819108009338379,4.230873107910156,-152.40000915527344,-11.974525451660156,5.078853607177734,-152.40000915527344,-9.091550827026367,6.1937255859375,-152.40000915527344,-11.087260246276855,6.5422821044921875,-152.40000915527344,-8.102446556091309,7.9783935546875,-152.40000915527344,-9.881035804748535,7.817501068115234,-152.40000915527344,-6.880248546600342,9.533536911010742,-152.40000915527344,-8.390551567077637,8.86782455444336,-152.40000915527344,-5.460117816925049,10.81441879272461,-152.40000915527344,-6.658684253692627,9.663036346435547,-152.40000915527344,-3.882908821105957,11.784191131591797,-152.40000915527344,-4.735259056091309,10.180259704589844,-152.40000915527344,-2.1939964294433594,12.41495132446289,