{
    "materials": [{
        "blending": "NormalBlending",
        "DbgName": "Material",
        "wireframe": false,
        "shading": "phong",
        "colorAmbient": [0.7933333516120911,0.7933333516120911,0.7933333516120911],
        "depthTest": true,
        "visible": true,
        "colorSpecular": [0.45098042488098145,0.45098042488098145,0.45098042488098145],
        "opacity": 0.0,
        "DbgColor": 15658734,
        "specularCoef": 100,
        "colorEmissive": [0.0,0.0,0.0],
        "DbgIndex": 0,
        "depthWrite": true,
        "colorDiffuse": [0.7933333516120911,0.7933333516120911,0.7933333516120911],
        "transparent": false
    }],
    "name": "ROB-12323Geometry",
    "metadata": {
        "generator": "io_three",
        "version": 3,
        "faces": 86,
        "materials": 1,
        "uvs": 0,
        "vertices": 60,
        "type": "Geometry"
    },
    "uvs": [],
    "vertices": [-1.9049999713897705,15.875000953674316,-2.8516156673431396,-1.9049999713897705,-15.875000953674316,-2.851611852645874,-2.3122336864471436,-15.875000953674316,-2.487433433532715,-2.3122336864471436,15.875000953674316,-2.4874372482299805,-2.6510074138641357,-15.875000953674316,-2.0588338375091553,-2.6510074138641357,15.875000953674316,-2.058837652206421,-2.911290407180786,-15.875000953674316,-1.578502893447876,-2.911290407180786,15.875000953674316,-1.5785067081451416,-3.085376739501953,-15.875000953674316,-1.060662031173706,-3.085376739501953,15.875000953674316,-1.0606658458709717,-3.168111562728882,-15.875000953674316,-0.5206432342529297,-3.168111562728882,15.875000953674316,-0.5206470489501953,-3.157045602798462,-15.875000953674316,0.025564178824424744,-3.157045602798462,15.875000953674316,0.025560393929481506,-3.052506685256958,-15.875000953674316,0.56178879737854,-3.052506685256958,15.875000953674316,0.5617849826812744,-2.8575894832611084,-15.875000953674316,1.0721540451049805,-2.8575894832611084,15.875000953674316,1.0721502304077148,-2.5780653953552246,-15.875000953674316,1.541548490524292,-2.5780653953552246,15.875000953674316,1.5415446758270264,-2.22221040725708,-15.875000953674316,1.9560754299163818,-2.22221040725708,15.875000953674316,1.9560716152191162,-1.800560712814331,-15.875000953674316,2.3034608364105225,-1.800560712814331,15.875000953674316,2.303457021713257,-1.325600266456604,-15.875000953674316,2.5734198093414307,-1.325600266456604,15.875000953674316,2.573415994644165,-0.8113918304443359,-15.875000953674316,2.7579596042633057,-0.8113918304443359,15.875000953674316,2.75795578956604,-0.2731599807739258,-15.875000953674316,2.8516156673431396,-0.2731599807739258,15.875000953674316,2.851611852645874,0.2731599807739258,-15.875000953674316,2.8516156673431396,0.2731599807739258,15.875000953674316,2.851611852645874,0.8113918304443359,-15.875000953674316,2.7579596042633057,0.8113918304443359,15.875000953674316,2.75795578956604,1.3256003856658936,-15.875000953674316,2.5734198093414307,1.3256003856658936,15.875000953674316,2.573415994644165,1.800560712814331,-15.875000953674316,2.3034608364105225,1.800560712814331,15.875000953674316,2.303457021713257,2.222210645675659,-15.875000953674316,1.9560754299163818,2.222210645675659,15.875000953674316,1.9560716152191162,2.5780656337738037,-15.875000953674316,1.541548490524292,2.5780656337738037,15.875000953674316,1.5415446758270264,2.8575894832611084,-15.875000953674316,1.0721540451049805,2.8575894832611084,15.875000953674316,1.0721502304077148,3.0525062084198,-15.875000953674316,0.56178879737854,3.0525062084198,15.875000953674316,0.5617849826812744,3.157045602798462,-15.875000953674316,0.025564178824424744,3.157045602798462,15.875000953674316,0.025560393929481506,3.168111562728882,-15.875000953674316,-0.5206432342529297,3.168111562728882,15.875000953674316,-0.5206470489501953,3.085376501083374,-15.875000953674316,-1.060662031173706,3.085376501083374,15.875000953674316,-1.0606658458709717,2.911290407180786,-15.875000953674316,-1.578502893447876,2.911290407180786,15.875000953674316,-1.5785067081451416,2.6510074138641357,-15.875000953674316,-2.0588338375091553,2.6510074138641357,15.875000953674316,-2.058837652206421,2.3122332096099854,-15.875000953674316,-2.487433433532715,2.3122332096099854,15.875000953674316,-2.4874372482299805,1.9049999713897705,-15.875000953674316,-2.851611852645874,1.9049999713897705,15.875000953674316,-2.8516156673431396],
    "faces": [3,24,25,23,22,0,3,54,55,53,52,0,3,28,29,27,26,0,3,20,21,19,18,0,3,46,47,45,44,0,3,32,33,31,30,0,3,26,27,25,24,0,3,16,17,15,14,0,3,44,45,43,42,0,3,12,13,11,10,0,3,14,15,13,12,0,3,6,7,5,4,0,3,58,59,57,56,0,3,52,53,51,50,0,3,34,35,33,32,0,3,10,11,9,8,0,3,22,23,21,20,0,3,40,41,39,38,0,3,38,39,37,36,0,2,7,3,5,0,2,59,0,3,0,2,55,57,59,0,2,51,53,55,0,2,47,49,51,0,2,43,45,47,0,2,39,41,43,0,2,35,37,39,0,2,31,33,35,0,2,27,29,31,0,2,23,25,27,0,2,19,21,23,0,2,15,17,19,0,2,11,13,15,0,2,7,9,11,0,2,7,59,3,0,2,51,55,59,0,2,43,47,51,0,2,35,39,43,0,2,27,31,35,0,2,19,23,27,0,2,11,15,19,0,2,7,11,59,0,2,43,51,59,0,2,27,35,43,0,2,11,19,27,0,2,11,43,59,0,2,11,27,43,0,3,1,0,59,58,0,3,4,5,3,2,0,2,32,36,34,0,2,40,38,36,0,2,44,42,40,0,2,48,46,44,0,2,52,50,48,0,2,56,54,52,0,2,1,58,56,0,2,4,2,1,0,2,8,6,4,0,2,12,10,8,0,2,16,14,12,0,2,20,18,16,0,2,24,22,20,0,2,28,26,24,0,2,32,30,28,0,2,32,40,36,0,2,48,44,40,0,2,56,52,48,0,2,4,1,56,0,2,12,8,4,0,2,20,16,12,0,2,28,24,20,0,2,32,28,40,0,2,56,48,40,0,2,12,4,56,0,2,28,20,12,0,2,28,56,40,0,2,28,12,56,0,3,8,9,7,6,0,3,48,49,47,46,0,3,30,31,29,28,0,3,50,51,49,48,0,3,0,1,2,3,0,3,18,19,17,16,0,3,36,37,35,34,0,3,42,43,41,40,0,3,56,57,55,54,0]
}