{
    "uvs": [],
    "faces": [3,1,73,72,71,0,3,21,22,20,19,0,3,0,2,3,4,0,3,69,70,68,67,0,3,43,44,42,41,0,3,49,50,48,47,0,3,39,40,38,37,0,3,37,38,36,35,0,3,67,68,66,65,0,3,11,12,10,9,0,3,25,26,24,23,0,3,13,14,12,11,0,3,45,46,44,43,0,3,27,28,26,25,0,2,23,27,25,0,2,31,29,27,0,2,35,33,31,0,2,39,37,35,0,2,43,41,39,0,2,47,45,43,0,2,51,49,47,0,2,55,53,51,0,2,59,57,55,0,2,63,61,59,0,2,67,65,63,0,2,71,69,67,0,2,2,1,71,0,2,5,3,2,0,2,9,7,5,0,2,13,11,9,0,2,17,15,13,0,2,21,19,17,0,2,23,21,27,0,2,35,31,27,0,2,43,39,35,0,2,51,47,43,0,2,59,55,51,0,2,67,63,59,0,2,2,71,67,0,2,9,5,2,0,2,17,13,9,0,2,21,17,27,0,2,43,35,27,0,2,59,51,43,0,2,2,67,59,0,2,17,9,2,0,2,17,43,27,0,2,2,59,43,0,2,17,2,43,0,3,23,24,22,21,0,3,5,6,4,3,0,3,47,48,46,45,0,3,61,62,60,59,0,3,31,32,30,29,0,3,51,52,50,49,0,3,7,8,6,5,0,3,9,10,8,7,0,3,53,54,52,51,0,3,59,60,58,57,0,3,55,56,54,53,0,3,33,34,32,31,0,3,29,30,28,27,0,3,35,36,34,33,0,3,2,0,73,1,0,3,19,20,18,17,0,2,42,38,40,0,2,34,36,38,0,2,30,32,34,0,2,26,28,30,0,2,22,24,26,0,2,18,20,22,0,2,14,16,18,0,2,10,12,14,0,2,6,8,10,0,2,0,4,6,0,2,72,73,0,0,2,68,70,72,0,2,64,66,68,0,2,60,62,64,0,2,56,58,60,0,2,52,54,56,0,2,48,50,52,0,2,44,46,48,0,2,42,44,38,0,2,30,34,38,0,2,22,26,30,0,2,14,18,22,0,2,6,10,14,0,2,72,0,6,0,2,64,68,72,0,2,56,60,64,0,2,48,52,56,0,2,44,48,38,0,2,22,30,38,0,2,6,14,22,0,2,64,72,6,0,2,48,56,64,0,2,48,22,38,0,2,64,6,22,0,2,48,64,22,0,3,65,66,64,63,0,3,57,58,56,55,0,3,17,18,16,15,0,3,71,72,70,69,0,3,63,64,62,61,0,3,41,42,40,39,0,3,15,16,14,13,0],
    "name": "ROB-12321Geometry",
    "materials": [{
        "wireframe": false,
        "colorEmissive": [0.0,0.0,0.0],
        "depthTest": true,
        "visible": true,
        "transparent": false,
        "colorAmbient": [0.800000011920929,0.800000011920929,0.800000011920929],
        "specularCoef": 100,
        "colorSpecular": [0.45098042488098145,0.45098042488098145,0.45098042488098145],
        "opacity": 0.0,
        "blending": "NormalBlending",
        "DbgName": "Material",
        "shading": "phong",
        "depthWrite": true,
        "DbgIndex": 0,
        "DbgColor": 15658734,
        "colorDiffuse": [0.800000011920929,0.800000011920929,0.800000011920929]
    }],
    "vertices": [0.13462936878204346,63.500003814697266,1.5817734003067017,-0.134629487991333,-63.500003814697266,1.5817886590957642,0.13462936878204346,-63.500003814697266,1.5817886590957642,0.40001511573791504,-63.500003814697266,1.5362836122512817,0.40001511573791504,63.500003814697266,1.5362683534622192,0.653892993927002,-63.500003814697266,1.4465829133987427,0.653892993927002,63.500003814697266,1.4465676546096802,0.8889596462249756,-63.500003814697266,1.315266728401184,0.8889596462249756,63.500003814697266,1.3152514696121216,1.0984528064727783,-63.500003814697266,1.1461130380630493,1.0984528064727783,63.500003814697266,1.1460977792739868,1.2763452529907227,-63.500003814697266,0.9439876675605774,1.2763452529907227,63.500003814697266,0.9439725279808044,1.4175198078155518,-63.500003814697266,0.7147060036659241,1.4175198078155518,63.500003814697266,0.7146908640861511,1.5179145336151123,-63.500003814697266,0.4648635983467102,1.5179145336151123,63.500003814697266,0.46484845876693726,1.5746417045593262,-63.500003814697266,0.2016482949256897,1.5746417045593262,63.500003814697266,0.20163315534591675,1.5860695838928223,-63.500003814697266,-0.06736785173416138,1.5860695838928223,63.500003814697266,-0.06738299131393433,1.5518689155578613,-63.500003814697266,-0.3344457745552063,1.5518689155578613,63.500003814697266,-0.33446091413497925,1.4730238914489746,-63.500003814697266,-0.5919020771980286,1.4730238914489746,63.500003814697266,-0.5919172167778015,1.3518023490905762,-63.500003814697266,-0.8323302268981934,1.3518023490905762,63.500003814697266,-0.8323453664779663,1.1916921138763428,-63.500003814697266,-1.0488135814666748,1.1916921138763428,63.500003814697266,-1.0488288402557373,0.9972991943359375,-63.500003814697266,-1.235124111175537,0.9972991943359375,63.500003814697266,-1.2351393699645996,0.7742156982421875,-63.500003814697266,-1.3859021663665771,0.7742156982421875,63.500003814697266,-1.3859174251556396,0.5288591384887695,-63.500003814697266,-1.4968103170394897,0.5288591384887695,63.500003814697266,-1.4968255758285522,0.26828861236572266,-63.500003814697266,-1.5646575689315796,0.26828861236572266,63.500003814697266,-1.564672827720642,-1.1920928955078125e-07,-63.500003814697266,-1.5874923467636108,-1.1920928955078125e-07,63.500003814697266,-1.5875076055526733,-0.26828885078430176,-63.500003814697266,-1.5646575689315796,-0.26828885078430176,63.500003814697266,-1.564672827720642,-0.5288594961166382,-63.500003814697266,-1.4968103170394897,-0.5288594961166382,63.500003814697266,-1.4968255758285522,-0.774215817451477,-63.500003814697266,-1.3859021663665771,-0.774215817451477,63.500003814697266,-1.3859174251556396,-0.997299313545227,-63.500003814697266,-1.235124111175537,-0.997299313545227,63.500003814697266,-1.2351393699645996,-1.1916923522949219,-63.500003814697266,-1.0488135814666748,-1.1916923522949219,63.500003814697266,-1.0488288402557373,-1.3518025875091553,-63.500003814697266,-0.8323302268981934,-1.3518025875091553,63.500003814697266,-0.8323453664779663,-1.4730238914489746,-63.500003814697266,-0.5919020771980286,-1.4730238914489746,63.500003814697266,-0.5919172167778015,-1.5518690347671509,-63.500003814697266,-0.3344457745552063,-1.5518690347671509,63.500003814697266,-0.33446091413497925,-1.5860697031021118,-63.500003814697266,-0.06736785173416138,-1.5860697031021118,63.500003814697266,-0.06738299131393433,-1.5746420621871948,-63.500003814697266,0.2016482949256897,-1.5746420621871948,63.500003814697266,0.20163315534591675,-1.5179147720336914,-63.500003814697266,0.4648635983467102,-1.5179147720336914,63.500003814697266,0.46484845876693726,-1.4175198078155518,-63.500003814697266,0.7147060036659241,-1.4175198078155518,63.500003814697266,0.7146908640861511,-1.2763456106185913,-63.500003814697266,0.9439876675605774,-1.2763456106185913,63.500003814697266,0.9439725279808044,-1.0984530448913574,-63.500003814697266,1.1461130380630493,-1.0984530448913574,63.500003814697266,1.1460977792739868,-0.888960063457489,-63.500003814697266,1.315266728401184,-0.888960063457489,63.500003814697266,1.3152514696121216,-0.6538933515548706,-63.500003814697266,1.4465829133987427,-0.6538933515548706,63.500003814697266,1.4465676546096802,-0.4000152349472046,-63.500003814697266,1.5362836122512817,-0.4000152349472046,63.500003814697266,1.5362683534622192,-0.134629487991333,63.500003814697266,1.5817734003067017],
    "metadata": {
        "generator": "io_three",
        "materials": 1,
        "uvs": 0,
        "vertices": 74,
        "faces": 107,
        "version": 3,
        "type": "Geometry"
    }
}