{
    "materials": [{
        "visible": true,
        "opacity": 0.0,
        "depthWrite": true,
        "specularCoef": 100,
        "DbgName": "Material",
        "DbgIndex": 0,
        "depthTest": true,
        "blending": "NormalBlending",
        "colorAmbient": [0.800000011920929,0.800000011920929,0.800000011920929],
        "colorDiffuse": [0.800000011920929,0.800000011920929,0.800000011920929],
        "colorSpecular": [0.45098042488098145,0.45098042488098145,0.45098042488098145],
        "wireframe": false,
        "transparent": false,
        "shading": "phong",
        "colorEmissive": [0.0,0.0,0.0],
        "DbgColor": 15658734
    }],
    "metadata": {
        "materials": 1,
        "vertices": 60,
        "generator": "io_three",
        "uvs": 0,
        "type": "Geometry",
        "faces": 86,
        "version": 3
    },
    "vertices": [-1.9049999713897705,17.462499618530273,-2.8516159057617188,-1.9049999713897705,-17.462499618530273,-2.851611614227295,-2.3122336864471436,-17.462499618530273,-2.4874331951141357,-2.3122336864471436,17.462499618530273,-2.4874374866485596,-2.6510074138641357,-17.462499618530273,-2.058833599090576,-2.6510074138641357,17.462499618530273,-2.058837890625,-2.911290407180786,-17.462499618530273,-1.5785027742385864,-2.911290407180786,17.462499618530273,-1.5785068273544312,-3.085376739501953,-17.462499618530273,-1.0606619119644165,-3.085376739501953,17.462499618530273,-1.0606659650802612,-3.168111562728882,-17.462499618530273,-0.5206430554389954,-3.168111562728882,17.462499618530273,-0.5206472277641296,-3.157045602798462,-17.462499618530273,0.025564368814229965,-3.157045602798462,17.462499618530273,0.025560203939676285,-3.052506685256958,-17.462499618530273,0.5617889761924744,-3.052506685256958,17.462499618530273,0.5617848038673401,-2.8575894832611084,-17.462499618530273,1.07215416431427,-2.8575894832611084,17.462499618530273,1.0721501111984253,-2.5780653953552246,-17.462499618530273,1.5415486097335815,-2.5780653953552246,17.462499618530273,1.5415445566177368,-2.22221040725708,-17.462499618530273,1.9560755491256714,-2.22221040725708,17.462499618530273,1.9560714960098267,-1.800560712814331,-17.462499618530273,2.3034610748291016,-1.800560712814331,17.462499618530273,2.3034567832946777,-1.325600266456604,-17.462499618530273,2.5734200477600098,-1.325600266456604,17.462499618530273,2.573415756225586,-0.8113918304443359,-17.462499618530273,2.7579598426818848,-0.8113918304443359,17.462499618530273,2.757955551147461,-0.2731599807739258,-17.462499618530273,2.8516159057617188,-0.2731599807739258,17.462499618530273,2.851611614227295,0.2731599807739258,-17.462499618530273,2.8516159057617188,0.2731599807739258,17.462499618530273,2.851611614227295,0.8113918304443359,-17.462499618530273,2.7579598426818848,0.8113918304443359,17.462499618530273,2.757955551147461,1.3256003856658936,-17.462499618530273,2.5734200477600098,1.3256003856658936,17.462499618530273,2.573415756225586,1.800560712814331,-17.462499618530273,2.3034610748291016,1.800560712814331,17.462499618530273,2.3034567832946777,2.222210645675659,-17.462499618530273,1.9560755491256714,2.222210645675659,17.462499618530273,1.9560714960098267,2.5780656337738037,-17.462499618530273,1.5415486097335815,2.5780656337738037,17.462499618530273,1.5415445566177368,2.8575894832611084,-17.462499618530273,1.07215416431427,2.8575894832611084,17.462499618530273,1.0721501111984253,3.0525062084198,-17.462499618530273,0.5617889761924744,3.0525062084198,17.462499618530273,0.5617848038673401,3.157045602798462,-17.462499618530273,0.025564368814229965,3.157045602798462,17.462499618530273,0.025560203939676285,3.168111562728882,-17.462499618530273,-0.5206430554389954,3.168111562728882,17.462499618530273,-0.5206472277641296,3.085376501083374,-17.462499618530273,-1.0606619119644165,3.085376501083374,17.462499618530273,-1.0606659650802612,2.911290407180786,-17.462499618530273,-1.5785027742385864,2.911290407180786,17.462499618530273,-1.5785068273544312,2.6510074138641357,-17.462499618530273,-2.058833599090576,2.6510074138641357,17.462499618530273,-2.058837890625,2.3122332096099854,-17.462499618530273,-2.4874331951141357,2.3122332096099854,17.462499618530273,-2.4874374866485596,1.9049999713897705,-17.462499618530273,-2.851611614227295,1.9049999713897705,17.462499618530273,-2.8516159057617188],
    "uvs": [],
    "name": "ROB-12340Geometry",
    "faces": [3,20,21,19,18,0,3,28,29,27,26,0,3,34,35,33,32,0,3,12,13,11,10,0,3,30,31,29,28,0,3,38,39,37,36,0,3,44,45,43,42,0,3,4,5,3,2,0,3,16,17,15,14,0,3,52,53,51,50,0,3,36,37,35,34,0,3,8,9,7,6,0,3,24,25,23,22,0,3,32,33,31,30,0,3,40,41,39,38,0,3,46,47,45,44,0,3,42,43,41,40,0,3,48,49,47,46,0,3,54,55,53,52,0,3,22,23,21,20,0,3,6,7,5,4,0,3,0,1,2,3,0,2,39,35,37,0,2,31,33,35,0,2,27,29,31,0,2,23,25,27,0,2,19,21,23,0,2,15,17,19,0,2,11,13,15,0,2,7,9,11,0,2,3,5,7,0,2,59,0,3,0,2,55,57,59,0,2,51,53,55,0,2,47,49,51,0,2,43,45,47,0,2,39,41,43,0,2,39,31,35,0,2,23,27,31,0,2,15,19,23,0,2,7,11,15,0,2,59,3,7,0,2,51,55,59,0,2,43,47,51,0,2,39,43,31,0,2,15,23,31,0,2,59,7,15,0,2,43,51,59,0,2,43,15,31,0,2,43,59,15,0,3,18,19,17,16,0,3,58,59,57,56,0,3,14,15,13,12,0,3,10,11,9,8,0,3,50,51,49,48,0,3,26,27,25,24,0,2,46,50,48,0,2,54,52,50,0,2,58,56,54,0,2,2,1,58,0,2,6,4,2,0,2,10,8,6,0,2,14,12,10,0,2,18,16,14,0,2,22,20,18,0,2,26,24,22,0,2,30,28,26,0,2,34,32,30,0,2,38,36,34,0,2,42,40,38,0,2,46,44,42,0,2,46,54,50,0,2,2,58,54,0,2,10,6,2,0,2,18,14,10,0,2,26,22,18,0,2,34,30,26,0,2,42,38,34,0,2,46,42,54,0,2,10,2,54,0,2,26,18,10,0,2,42,34,26,0,2,42,10,54,0,2,42,26,10,0,3,1,0,59,58,0,3,56,57,55,54,0]
}