{
    "normals": [0,1,0,0.514664,-0.68569,-0.514695,0.40434,-0.68569,-0.605243,0.40434,0.685659,-0.605274,0.514664,0.68569,-0.514695,0.605213,-0.68569,-0.40437,0.605213,0.68569,-0.40437,0.672475,-0.68569,-0.278542,0.672475,0.68569,-0.278542,0.713889,-0.68569,-0.142003,0.713889,0.68569,-0.142003,0.727866,-0.68569,0,0.727866,0.68569,0,0.713889,-0.68569,0.142003,0.713889,0.68569,0.142003,0.672475,-0.68569,0.278542,0.672475,0.68569,0.278542,0.605213,-0.68569,0.40437,0.605213,0.68569,0.40437,0.514695,-0.68569,0.514664,0.514695,0.68569,0.514664,0.40437,-0.68569,0.605213,0.40437,0.68569,0.605213,0.183325,-0.65627,0.731895,0.183325,0.65627,0.731895,-0.183325,0.65627,0.731895,-0.183325,-0.65627,0.731895,0,0.707144,0.707053,-0.40437,0.68569,0.605213,-0.40437,-0.68569,0.605213,-0.514664,-0.68569,0.514664,-0.514664,0.68569,0.514664,-0.605213,-0.68569,0.40437,-0.605213,0.68569,0.40437,-0.672475,-0.68569,0.278542,-0.672475,0.68569,0.278542,-0.713889,-0.68569,0.142003,-0.713889,0.68569,0.142003,-0.727866,-0.68569,0,-0.727866,0.68569,0,-0.713889,-0.68569,-0.142003,-0.713889,0.68569,-0.142003,-0.672475,-0.68569,-0.278542,-0.672475,0.68569,-0.278542,-0.605213,-0.68569,-0.40437,-0.605213,0.68569,-0.40437,-0.514664,-0.68569,-0.514695,-0.514664,0.68569,-0.514695,-0.40437,-0.68569,-0.605182,-0.40437,0.68569,-0.605182,0,-0.804163,-0.594348,0,-0.630238,-0.77636,-0.548967,-0.630238,-0.548967,0.77636,-0.630238,0,0.548967,-0.630238,-0.548967,0,-0.804163,0.594348,0,-0.630238,0.77636,0.548967,-0.630238,0.548967,-0.77636,-0.630238,0,-0.548967,-0.630238,0.548967,0,0.630238,0.77636,0,0.804163,0.594348,0.548967,0.630238,0.548967,0.548967,0.630238,-0.548967,0,0.804163,-0.594348,0,0.630238,-0.77636,-0.77636,0.630238,0,-0.548967,0.630238,0.548967,0.77636,0.630238,0,-0.548967,0.630238,-0.548967,-0.183325,-0.65627,-0.731895,0.183264,-0.65627,-0.731895,-0.183325,0.65627,-0.731895,0,0.999969,0,0.183264,0.656301,-0.731864,0,0.707083,-0.707083],
    "vertices": [1.36104,-0,-2.15,1.4167,-0,-2.12025,1.80312,-0,-1.80313,2.12025,-0,-1.41671,2.35589,-0,-0.975845,2.501,-0,-0.497483,2.55,-0,-2e-06,2.501,0,0.497478,2.35589,0,0.975841,2.12025,0,1.4167,1.80312,0,1.80312,1.41671,0,2.12025,1.36104,0,2.15,-1.36104,0,2.15,-1.4167,0,2.12025,-1.80312,0,1.80312,-2.12025,0,1.4167,-2.35589,0,0.975842,-2.501,0,0.49748,-2.55,-0,-0,-2.501,-0,-0.49748,-2.35589,-0,-0.975842,-2.12025,-0,-1.4167,-1.80312,-0,-1.80312,-1.4167,-0,-2.12025,-1.36104,-0,-2.15,1.4167,2.3,-2.12025,1.80312,2.3,-1.80313,2.12025,2.3,-1.41671,2.35589,2.3,-0.975846,2.501,2.3,-0.497483,2.55,2.3,-3e-06,2.501,2.3,0.497478,2.35589,2.3,0.975841,2.12025,2.3,1.4167,1.80312,2.3,1.80312,1.41671,2.3,2.12025,1.36104,2.3,2.15,-1.36104,2.3,2.15,-1.4167,2.3,2.12025,-1.80312,2.3,1.80312,-2.12025,2.3,1.4167,-2.35589,2.3,0.975842,-2.501,2.3,0.49748,-2.55,2.3,-0,-2.501,2.3,-0.49748,-2.35589,2.3,-0.975843,-2.12025,2.3,-1.4167,-1.80312,2.3,-1.80312,-1.4167,2.3,-2.12025,1.7,-0,-0.25,1.52322,-0,-0.176777,1.45,0,0,1.52322,0,0.176777,1.7,0,0.25,1.87678,0,0.176777,1.95,-0,-0,1.87678,-0,-0.176777,-1.7,-0,-0.25,-1.87678,-0,-0.176777,-1.95,0,0,-1.87678,0,0.176777,-1.7,0,0.25,-1.52322,0,0.176777,-1.45,-0,-0,-1.52322,-0,-0.176777,1.7,-33.6,-0.249999,1.52322,-33.6,-0.176775,1.45,-33.6,1e-06,1.52322,-33.6,0.176778,1.7,-33.6,0.250002,1.87678,-33.6,0.176778,1.95,-33.6,1e-06,1.87678,-33.6,-0.176775,-1.7,-33.6,-0.249999,-1.87678,-33.6,-0.176775,-1.95,-33.6,1e-06,-1.87678,-33.6,0.176778,-1.7,-33.6,0.250002,-1.52322,-33.6,0.176778,-1.45,-33.6,1e-06,-1.52322,-33.6,-0.176775,1.7,2.4,-0.25,1.52322,2.4,-0.176777,1.45,2.4,-0,1.52322,2.4,0.176777,1.7,2.4,0.25,1.87678,2.4,0.176777,1.95,2.4,-0,1.87678,2.4,-0.176777,-1.7,2.4,-0.25,-1.87678,2.4,-0.176777,-1.95,2.4,-0,-1.87678,2.4,0.176777,-1.7,2.4,0.25,-1.52322,2.4,0.176777,-1.45,2.4,-0,-1.52322,2.4,-0.176777,1.7,2.3,-0.25,1.52322,2.3,-0.176777,1.45,2.3,-0,1.52322,2.3,0.176777,1.7,2.3,0.25,1.87678,2.3,0.176777,1.95,2.3,-0,1.87678,2.3,-0.176777,-1.7,2.3,-0.25,-1.87678,2.3,-0.176777,-1.95,2.3,-0,-1.87678,2.3,0.176777,-1.7,2.3,0.25,-1.52322,2.3,0.176777,-1.45,2.3,-0,-1.52322,2.3,-0.176777,-1.06104,2.3,2.15,-1.36104,2.3,-2.15,-1.35193,2.3,2.05044,-1.05648,2.3,2.10021,-1.32485,2.3,1.95389,-1.04295,2.3,2.05194,-1.28065,2.3,1.86331,-1.02084,2.3,2.00665,-1.22066,2.3,1.78144,-0.990845,2.3,1.96571,-1.1467,2.3,1.71077,-0.953863,2.3,1.93037,-1.06102,2.3,1.65345,-0.911021,2.3,1.9017,-0.966226,2.3,1.6112,-0.863621,2.3,1.88058,-0.865195,2.3,1.58534,-0.813102,2.3,1.86765,-0.760999,2.3,1.57667,-0.761001,2.3,1.86333,0.761001,2.3,1.57667,0.760999,2.3,1.86333,0.812303,2.3,1.56802,0.914909,2.3,1.8374,0.857418,2.3,1.54313,1.05025,2.3,1.76273,0.890904,2.3,1.505,1.15071,2.3,1.64833,0.908721,2.3,1.45822,1.20416,2.3,1.508,0.90872,2.3,1.40844,1.20416,2.3,1.35867,0.890903,2.3,1.36167,1.15071,2.3,1.21833,0.857417,2.3,1.32353,1.05025,2.3,1.10394,0.812302,2.3,1.29864,0.914909,2.3,1.02927,0.760999,2.3,1.29,0.761,2.3,1.00333,-0.761001,2.3,1.29,-0.760999,2.3,1.00333,-0.914909,2.3,1.26407,-0.812303,2.3,0.994689,-1.05025,2.3,1.1894,-0.857418,2.3,0.9698,-1.15071,2.3,1.075,-0.890903,2.3,0.931667,-1.20416,2.3,0.934668,-0.908721,2.3,0.88489,-1.20416,2.3,0.78533,-0.908721,2.3,0.83511,-1.15071,2.3,0.645,-0.890904,2.3,0.788333,-1.05025,2.3,0.5306,-0.857418,2.3,0.750201,-0.914909,2.3,0.455932,-0.812303,2.3,0.725311,-0.760999,2.3,0.43,-0.761001,2.3,0.716666,0.761001,2.3,0.43,0.760999,2.3,0.716666,0.812303,2.3,0.421356,0.914909,2.3,0.690734,0.857418,2.3,0.396466,1.05025,2.3,0.616066,0.890904,2.3,0.358333,1.15071,2.3,0.501667,0.908721,2.3,0.311556,1.20416,2.3,0.361336,0.908721,2.3,0.261777,1.20416,2.3,0.211999,0.890903,2.3,0.215,1.15071,2.3,0.071667,0.857418,2.3,0.176867,1.05025,2.3,-0.042732,0.812302,2.3,0.151977,0.91491,2.3,-0.117401,0.760999,2.3,0.143333,0.761001,2.3,-0.143333,-0.761001,2.3,0.143333,-0.760999,2.3,-0.143333,-0.91491,2.3,0.117401,-0.812302,2.3,-0.151977,-1.05025,2.3,0.042732,-0.857418,2.3,-0.176867,-1.15071,2.3,-0.071667,-0.890903,2.3,-0.215,-1.20416,2.3,-0.211999,-0.908721,2.3,-0.261777,-1.20416,2.3,-0.361336,-0.908721,2.3,-0.311556,-1.15071,2.3,-0.501667,-0.890904,2.3,-0.358333,-1.05025,2.3,-0.616067,-0.857419,2.3,-0.396466,-0.914909,2.3,-0.690735,-0.812303,2.3,-0.421356,-0.760999,2.3,-0.716667,-0.761001,2.3,-0.43,0.761001,2.3,-0.716667,0.760999,2.3,-0.43,0.812303,2.3,-0.725311,0.914909,2.3,-0.455932,0.857418,2.3,-0.750201,1.05025,2.3,-0.530601,0.890904,2.3,-0.788334,1.15071,2.3,-0.645,0.908721,2.3,-0.835111,1.20416,2.3,-0.785331,0.908721,2.3,-0.88489,1.20416,2.3,-0.934668,0.890903,2.3,-0.931667,1.15071,2.3,-1.075,0.857418,2.3,-0.9698,1.05025,2.3,-1.1894,0.812303,2.3,-0.994689,0.91491,2.3,-1.26407,0.761,2.3,-1.00333,0.761001,2.3,-1.29,-0.761001,2.3,-1.00333,-0.760999,2.3,-1.29,-0.91491,2.3,-1.02927,-0.812302,2.3,-1.29864,-1.05025,2.3,-1.10393,-0.857418,2.3,-1.32353,-1.15071,2.3,-1.21833,-0.890903,2.3,-1.36167,-1.20416,2.3,-1.35867,-0.908721,2.3,-1.40844,-1.20416,2.3,-1.508,-0.908722,2.3,-1.45822,-1.15071,2.3,-1.64833,-0.890904,2.3,-1.505,-1.05025,2.3,-1.76273,-0.857419,2.3,-1.54313,-0.914909,2.3,-1.8374,-0.812304,2.3,-1.56802,-0.761,2.3,-1.86333,-0.761001,2.3,-1.57667,0.761001,2.3,-1.86333,0.760999,2.3,-1.57667,0.813095,2.3,-1.86769,0.865188,2.3,-1.58538,0.863606,2.3,-1.88062,0.966212,2.3,-1.61124,0.911,2.3,-1.90174,1.061,2.3,-1.65348,0.953837,2.3,-1.9304,1.14667,2.3,-1.7108,0.990814,2.3,-1.96573,1.22063,2.3,-1.78147,1.02081,2.3,-2.00667,1.28062,2.3,-1.86333,1.04291,2.3,-2.05195,1.32482,2.3,-1.95391,1.05644,2.3,-2.10022,1.35189,2.3,-2.05044,1.061,2.3,-2.15,1.361,2.3,-2.15],
    "metadata": {
        "vertices": 274,
        "version": 3,
        "normals": 76,
        "faces": 409,
        "generator": "io_three",
        "uvs": 0,
        "type": "Geometry"
    },