{
    "materials": [{
        "visible": true,
        "DbgName": "Material",
        "blending": "NormalBlending",
        "opacity": 0.0,
        "DbgColor": 15658734,
        "depthWrite": true,
        "DbgIndex": 0,
        "colorDiffuse": [0.800000011920929,0.800000011920929,0.800000011920929],
        "colorSpecular": [0.45098042488098145,0.45098042488098145,0.45098042488098145],
        "specularCoef": 100,
        "depthTest": true,
        "transparent": false,
        "colorEmissive": [0.0,0.0,0.0],
        "wireframe": false,
        "shading": "phong",
        "colorAmbient": [0.800000011920929,0.800000011920929,0.800000011920929]
    }],
    "faces": [3,18,137,136,16,0,3,81,7,5,80,0,3,107,59,57,106,0,2,87,112,113,0,2,116,114,85,0,2,88,87,113,0,2,116,85,84,0,2,89,88,113,0,2,116,84,83,0,2,90,89,113,0,2,116,83,82,0,2,91,90,113,0,2,116,82,81,0,2,92,91,113,0,2,116,81,80,0,2,93,92,113,0,2,115,116,80,0,2,93,113,111,0,2,115,80,79,0,2,94,93,111,0,2,115,79,78,0,2,95,94,111,0,2,115,78,77,0,2,96,95,111,0,2,115,77,76,0,2,97,96,111,0,2,115,76,75,0,2,98,97,111,0,2,115,75,74,0,2,99,98,111,0,2,115,74,111,0,2,74,110,109,0,2,109,108,107,0,2,107,106,105,0,2,105,104,103,0,2,103,102,101,0,2,101,100,99,0,2,74,99,111,0,2,74,109,107,0,2,107,105,103,0,2,103,101,99,0,2,74,107,99,0,2,107,103,99,0,3,98,41,39,97,0,3,8,132,131,6,0,3,10,133,132,8,0,3,58,157,156,56,0,2,114,86,85,0,2,112,87,86,0,2,114,112,86,0,3,72,127,126,70,0,3,6,131,130,4,0,3,77,73,71,76,0,3,40,148,147,38,0,2,138,136,137,0,2,134,135,136,0,2,132,133,134,0,2,130,131,132,0,2,128,129,130,0,2,126,127,128,0,2,161,125,126,0,2,159,160,161,0,2,157,158,159,0,2,155,156,157,0,2,153,154,155,0,2,151,152,153,0,2,149,150,151,0,2,147,148,149,0,2,145,146,147,0,2,143,144,145,0,2,141,142,143,0,2,139,140,141,0,2,138,139,136,0,2,132,134,136,0,2,128,130,132,0,2,161,126,128,0,2,157,159,161,0,2,153,155,157,0,2,149,151,153,0,2,145,147,149,0,2,141,143,145,0,2,139,141,136,0,2,128,132,136,0,2,157,161,128,0,2,149,153,157,0,2,141,145,149,0,2,141,128,136,0,2,149,157,128,0,2,141,149,128,0,3,56,156,155,54,0,3,95,35,33,94,0,3,83,11,9,82,0,3,80,5,3,79,0,3,42,149,148,40,0,3,119,113,112,118,0,3,36,146,145,34,0,3,12,134,133,10,0,3,30,143,142,28,0,3,74,67,65,110,0,3,14,135,134,12,0,3,44,150,149,42,0,3,96,37,35,95,0,3,66,161,160,64,0,3,102,49,47,101,0,3,52,154,153,50,0,3,104,53,51,103,0,3,106,57,55,105,0,3,118,112,114,117,0,3,48,152,151,46,0,3,124,116,115,123,0,3,99,43,41,98,0,3,97,39,37,96,0,2,11,8,9,0,2,11,12,10,0,2,11,10,8,0,3,105,55,53,104,0,2,119,123,120,0,2,117,124,123,0,2,119,118,117,0,2,119,117,123,0,3,90,25,23,89,0,3,68,125,161,66,0,3,26,141,140,24,0,3,128,0,2,129,0,3,38,147,146,36,0,3,92,29,27,91,0,3,62,159,158,60,0,3,94,33,31,93,0,3,4,130,129,2,0,3,46,151,150,44,0,3,28,142,141,26,0,3,78,1,73,77,0,3,84,13,11,83,0,3,64,160,159,62,0,3,34,145,144,32,0,3,22,139,138,20,0,3,110,65,63,109,0,3,20,138,137,18,0,3,85,15,13,84,0,3,91,27,25,90,0,3,89,23,21,88,0,3,87,19,17,86,0,2,67,63,65,0,2,59,61,63,0,2,55,57,59,0,2,51,53,55,0,2,47,49,51,0,2,43,45,47,0,2,39,41,43,0,2,35,37,39,0,2,31,33,35,0,2,27,29,31,0,2,23,25,27,0,2,19,21,23,0,2,15,17,19,0,2,11,13,15,0,2,14,12,11,0,2,9,8,6,0,2,16,14,11,0,2,9,6,4,0,2,18,16,11,0,2,9,4,2,0,2,20,18,11,0,2,9,2,0,0,2,20,11,15,0,2,9,0,72,0,2,22,20,15,0,2,7,9,72,0,2,24,22,15,0,2,7,72,70,0,2,24,15,19,0,2,5,7,70,0,2,26,24,19,0,2,5,70,68,0,2,28,26,19,0,2,3,5,68,0,2,28,19,23,0,2,3,68,66,0,2,30,28,23,0,2,1,3,66,0,2,32,30,23,0,2,1,66,64,0,2,32,23,27,0,2,73,1,64,0,2,34,32,27,0,2,73,64,62,0,2,36,34,27,0,2,71,73,62,0,2,36,27,31,0,2,71,62,60,0,2,38,36,31,0,2,69,71,60,0,2,40,38,31,0,2,69,60,58,0,2,40,31,35,0,2,67,69,58,0,2,42,40,35,0,2,67,58,56,0,2,44,42,35,0,2,67,56,63,0,2,44,35,39,0,2,56,54,63,0,2,46,44,39,0,2,54,52,63,0,2,48,46,39,0,2,52,59,63,0,2,48,39,43,0,2,52,50,59,0,2,50,48,43,0,2,43,47,51,0,2,51,55,59,0,2,50,43,59,0,2,43,51,59,0,3,76,71,69,75,0,3,54,155,154,52,0,3,108,61,59,107,0,3,88,21,19,87,0,3,120,122,121,119,0,3,82,9,7,81,0,3,100,45,43,99,0,3,93,31,29,92,0,3,67,74,75,69,0,3,32,144,143,30,0,3,101,47,45,100,0,3,70,126,125,68,0,3,16,136,135,14,0,3,79,3,1,78,0,3,123,115,111,120,0,3,24,140,139,22,0,3,103,51,49,102,0,3,60,158,157,58,0,3,117,114,116,124,0,3,109,63,61,108,0,3,50,153,152,48,0,3,0,128,127,72,0,3,86,17,15,85,0],
    "name": "ROB-12313Geometry",
    "metadata": {
        "materials": 1,
        "version": 3,
        "type": "Geometry",
        "generator": "io_three",
        "vertices": 162,
        "faces": 236,
        "uvs": 0
    },