{
    "metadata": {
        "vertices": 74,
        "uvs": 0,
        "materials": 1,
        "generator": "io_three",
        "type": "Geometry",
        "faces": 107,
        "version": 3
    },
    "name": "ROB-12160Geometry",
    "materials": [{
        "colorAmbient": [0.800000011920929,0.800000011920929,0.800000011920929],
        "shading": "phong",
        "colorDiffuse": [0.800000011920929,0.800000011920929,0.800000011920929],
        "visible": true,
        "transparent": false,
        "depthWrite": true,
        "specularCoef": 100,
        "depthTest": true,
        "blending": "NormalBlending",
        "colorSpecular": [0.45098042488098145,0.45098042488098145,0.45098042488098145],
        "DbgIndex": 0,
        "wireframe": false,
        "DbgName": "Material",
        "DbgColor": 15658734,
        "colorEmissive": [0.0,0.0,0.0],
        "opacity": 0.0
    }],
    "faces": [3,1,73,72,71,0,3,21,22,20,19,0,3,0,2,3,4,0,3,69,70,68,67,0,3,43,44,42,41,0,3,49,50,48,47,0,3,39,40,38,37,0,3,37,38,36,35,0,3,67,68,66,65,0,3,11,12,10,9,0,3,25,26,24,23,0,3,13,14,12,11,0,3,45,46,44,43,0,3,27,28,26,25,0,2,23,27,25,0,2,31,29,27,0,2,35,33,31,0,2,39,37,35,0,2,43,41,39,0,2,47,45,43,0,2,51,49,47,0,2,55,53,51,0,2,59,57,55,0,2,63,61,59,0,2,67,65,63,0,2,71,69,67,0,2,2,1,71,0,2,5,3,2,0,2,9,7,5,0,2,13,11,9,0,2,17,15,13,0,2,21,19,17,0,2,23,21,27,0,2,35,31,27,0,2,43,39,35,0,2,51,47,43,0,2,59,55,51,0,2,67,63,59,0,2,2,71,67,0,2,9,5,2,0,2,17,13,9,0,2,21,17,27,0,2,43,35,27,0,2,59,51,43,0,2,2,67,59,0,2,17,9,2,0,2,17,43,27,0,2,2,59,43,0,2,17,2,43,0,3,23,24,22,21,0,3,5,6,4,3,0,3,47,48,46,45,0,3,61,62,60,59,0,3,31,32,30,29,0,3,51,52,50,49,0,3,7,8,6,5,0,3,9,10,8,7,0,3,53,54,52,51,0,3,59,60,58,57,0,3,55,56,54,53,0,3,33,34,32,31,0,3,29,30,28,27,0,3,35,36,34,33,0,3,2,0,73,1,0,3,19,20,18,17,0,2,42,38,40,0,2,34,36,38,0,2,30,32,34,0,2,26,28,30,0,2,22,24,26,0,2,18,20,22,0,2,14,16,18,0,2,10,12,14,0,2,6,8,10,0,2,0,4,6,0,2,72,73,0,0,2,68,70,72,0,2,64,66,68,0,2,60,62,64,0,2,56,58,60,0,2,52,54,56,0,2,48,50,52,0,2,44,46,48,0,2,42,44,38,0,2,30,34,38,0,2,22,26,30,0,2,14,18,22,0,2,6,10,14,0,2,72,0,6,0,2,64,68,72,0,2,56,60,64,0,2,48,52,56,0,2,44,48,38,0,2,22,30,38,0,2,6,14,22,0,2,64,72,6,0,2,48,56,64,0,2,48,22,38,0,2,64,6,22,0,2,48,64,22,0,3,65,66,64,63,0,3,57,58,56,55,0,3,17,18,16,15,0,3,71,72,70,69,0,3,63,64,62,61,0,3,41,42,40,39,0,3,15,16,14,13,0],
    "vertices": [0.2692587375640869,127.00000762939453,3.1635468006134033,-0.269258975982666,-127.00000762939453,3.1635773181915283,0.2692587375640869,-127.00000762939453,3.1635773181915283,0.8000302314758301,-127.00000762939453,3.0725672245025635,0.8000302314758301,127.00000762939453,3.0725367069244385,1.307785987854004,-127.00000762939453,2.8931658267974854,1.307785987854004,127.00000762939453,2.8931353092193604,1.7779192924499512,-127.00000762939453,2.630533456802368,1.7779192924499512,127.00000762939453,2.630502939224243,2.1969056129455566,-127.00000762939453,2.2922260761260986,2.1969056129455566,127.00000762939453,2.2921955585479736,2.5526905059814453,-127.00000762939453,1.8879753351211548,2.5526905059814453,127.00000762939453,1.8879450559616089,2.8350396156311035,-127.00000762939453,1.4294120073318481,2.8350396156311035,127.00000762939453,1.4293817281723022,3.0358290672302246,-127.00000762939453,0.9297271966934204,3.0358290672302246,127.00000762939453,0.9296969175338745,3.1492834091186523,-127.00000762939453,0.4032965898513794,3.1492834091186523,127.00000762939453,0.4032663106918335,3.1721391677856445,-127.00000762939453,-0.13473570346832275,3.1721391677856445,127.00000762939453,-0.13476598262786865,3.1037378311157227,-127.00000762939453,-0.6688915491104126,3.1037378311157227,127.00000762939453,-0.6689218282699585,2.946047782897949,-127.00000762939453,-1.1838041543960571,2.946047782897949,127.00000762939453,-1.183834433555603,2.7036046981811523,-127.00000762939453,-1.6646604537963867,2.7036046981811523,127.00000762939453,-1.6646907329559326,2.3833842277526855,-127.00000762939453,-2.0976271629333496,2.3833842277526855,127.00000762939453,-2.0976576805114746,1.994598388671875,-127.00000762939453,-2.470248222351074,1.994598388671875,127.00000762939453,-2.470278739929199,1.548431396484375,-127.00000762939453,-2.7718043327331543,1.548431396484375,127.00000762939453,-2.7718348503112793,1.057718276977539,-127.00000762939453,-2.9936206340789795,1.057718276977539,127.00000762939453,-2.9936511516571045,0.5365772247314453,-127.00000762939453,-3.129315137863159,0.5365772247314453,127.00000762939453,-3.129345655441284,-2.384185791015625e-07,-127.00000762939453,-3.1749846935272217,-2.384185791015625e-07,127.00000762939453,-3.1750152111053467,-0.5365777015686035,-127.00000762939453,-3.129315137863159,-0.5365777015686035,127.00000762939453,-3.129345655441284,-1.0577189922332764,-127.00000762939453,-2.9936206340789795,-1.0577189922332764,127.00000762939453,-2.9936511516571045,-1.548431634902954,-127.00000762939453,-2.7718043327331543,-1.548431634902954,127.00000762939453,-2.7718348503112793,-1.994598627090454,-127.00000762939453,-2.470248222351074,-1.994598627090454,127.00000762939453,-2.470278739929199,-2.3833847045898438,-127.00000762939453,-2.0976271629333496,-2.3833847045898438,127.00000762939453,-2.0976576805114746,-2.7036051750183105,-127.00000762939453,-1.6646604537963867,-2.7036051750183105,127.00000762939453,-1.6646907329559326,-2.946047782897949,-127.00000762939453,-1.1838041543960571,-2.946047782897949,127.00000762939453,-1.183834433555603,-3.1037380695343018,-127.00000762939453,-0.6688915491104126,-3.1037380695343018,127.00000762939453,-0.6689218282699585,-3.1721394062042236,-127.00000762939453,-0.13473570346832275,-3.1721394062042236,127.00000762939453,-0.13476598262786865,-3.1492841243743896,-127.00000762939453,0.4032965898513794,-3.1492841243743896,127.00000762939453,0.4032663106918335,-3.035829544067383,-127.00000762939453,0.9297271966934204,-3.035829544067383,127.00000762939453,0.9296969175338745,-2.8350396156311035,-127.00000762939453,1.4294120073318481,-2.8350396156311035,127.00000762939453,1.4293817281723022,-2.5526912212371826,-127.00000762939453,1.8879753351211548,-2.5526912212371826,127.00000762939453,1.8879450559616089,-2.196906089782715,-127.00000762939453,2.2922260761260986,-2.196906089782715,127.00000762939453,2.2921955585479736,-1.777920126914978,-127.00000762939453,2.630533456802368,-1.777920126914978,127.00000762939453,2.630502939224243,-1.3077867031097412,-127.00000762939453,2.8931658267974854,-1.3077867031097412,127.00000762939453,2.8931353092193604,-0.8000304698944092,-127.00000762939453,3.0725672245025635,-0.8000304698944092,127.00000762939453,3.0725367069244385,-0.269258975982666,127.00000762939453,3.1635468006134033],
    "uvs": []
}