{
    "faces": [3,44,45,43,42,0,3,28,29,27,26,0,3,42,43,41,40,0,3,1,0,59,58,0,3,10,11,9,8,0,3,26,27,25,24,0,3,0,1,2,3,0,3,16,17,15,14,0,3,46,47,45,44,0,3,12,13,11,10,0,3,24,25,23,22,0,3,6,7,5,4,0,3,58,59,57,56,0,3,32,33,31,30,0,3,22,23,21,20,0,3,52,53,51,50,0,3,34,35,33,32,0,3,14,15,13,12,0,3,20,21,19,18,0,3,40,41,39,38,0,3,4,5,3,2,0,2,7,3,5,0,2,59,0,3,0,2,55,57,59,0,2,51,53,55,0,2,47,49,51,0,2,43,45,47,0,2,39,41,43,0,2,35,37,39,0,2,31,33,35,0,2,27,29,31,0,2,23,25,27,0,2,19,21,23,0,2,15,17,19,0,2,11,13,15,0,2,7,9,11,0,2,7,59,3,0,2,51,55,59,0,2,43,47,51,0,2,35,39,43,0,2,27,31,35,0,2,19,23,27,0,2,11,15,19,0,2,7,11,59,0,2,43,51,59,0,2,27,35,43,0,2,11,19,27,0,2,11,43,59,0,2,11,27,43,0,3,38,39,37,36,0,3,8,9,7,6,0,3,48,49,47,46,0,3,30,31,29,28,0,3,18,19,17,16,0,2,42,46,44,0,2,50,48,46,0,2,54,52,50,0,2,58,56,54,0,2,2,1,58,0,2,6,4,2,0,2,10,8,6,0,2,14,12,10,0,2,18,16,14,0,2,22,20,18,0,2,26,24,22,0,2,30,28,26,0,2,34,32,30,0,2,38,36,34,0,2,42,40,38,0,2,42,50,46,0,2,58,54,50,0,2,6,2,58,0,2,14,10,6,0,2,22,18,14,0,2,30,26,22,0,2,38,34,30,0,2,42,38,50,0,2,6,58,50,0,2,22,14,6,0,2,38,30,22,0,2,38,6,50,0,2,38,22,6,0,3,50,51,49,48,0,3,36,37,35,34,0,3,54,55,53,52,0,3,56,57,55,54,0],
    "name": "ROB-12344Geometry",
    "metadata": {
        "faces": 86,
        "type": "Geometry",
        "materials": 1,
        "vertices": 60,
        "version": 3,
        "uvs": 0,
        "generator": "io_three"
    },
    "vertices": [-1.9049999713897705,28.57499885559082,-2.8516170978546143,-1.9049999713897705,-28.57499885559082,-2.8516104221343994,-2.3122336864471436,-28.57499885559082,-2.4874320030212402,-2.3122336864471436,28.57499885559082,-2.487438678741455,-2.6510074138641357,-28.57499885559082,-2.0588324069976807,-2.6510074138641357,28.57499885559082,-2.0588390827178955,-2.911290407180786,-28.57499885559082,-1.5785013437271118,-2.911290407180786,28.57499885559082,-1.5785082578659058,-3.085376739501953,-28.57499885559082,-1.060660481452942,-3.085376739501953,28.57499885559082,-1.0606673955917358,-3.168111562728882,-28.57499885559082,-0.5206417441368103,-3.168111562728882,28.57499885559082,-0.5206485390663147,-3.157045602798462,-28.57499885559082,0.02556569315493107,-3.157045602798462,28.57499885559082,0.02555887959897518,-3.052506685256958,-28.57499885559082,0.5617902874946594,-3.052506685256958,28.57499885559082,0.561783492565155,-2.8575894832611084,-28.57499885559082,1.0721555948257446,-2.8575894832611084,28.57499885559082,1.0721486806869507,-2.5780653953552246,-28.57499885559082,1.5415500402450562,-2.5780653953552246,28.57499885559082,1.5415431261062622,-2.22221040725708,-28.57499885559082,1.956076979637146,-2.22221040725708,28.57499885559082,1.956070065498352,-1.800560712814331,-28.57499885559082,2.303462266921997,-1.800560712814331,28.57499885559082,2.3034555912017822,-1.325600266456604,-28.57499885559082,2.5734212398529053,-1.325600266456604,28.57499885559082,2.5734145641326904,-0.8113918304443359,-28.57499885559082,2.7579610347747803,-0.8113918304443359,28.57499885559082,2.7579543590545654,-0.2731599807739258,-28.57499885559082,2.8516170978546143,-0.2731599807739258,28.57499885559082,2.8516104221343994,0.2731599807739258,-28.57499885559082,2.8516170978546143,0.2731599807739258,28.57499885559082,2.8516104221343994,0.8113918304443359,-28.57499885559082,2.7579610347747803,0.8113918304443359,28.57499885559082,2.7579543590545654,1.3256003856658936,-28.57499885559082,2.5734212398529053,1.3256003856658936,28.57499885559082,2.5734145641326904,1.800560712814331,-28.57499885559082,2.303462266921997,1.800560712814331,28.57499885559082,2.3034555912017822,2.222210645675659,-28.57499885559082,1.956076979637146,2.222210645675659,28.57499885559082,1.956070065498352,2.5780656337738037,-28.57499885559082,1.5415500402450562,2.5780656337738037,28.57499885559082,1.5415431261062622,2.8575894832611084,-28.57499885559082,1.0721555948257446,2.8575894832611084,28.57499885559082,1.0721486806869507,3.0525062084198,-28.57499885559082,0.5617902874946594,3.0525062084198,28.57499885559082,0.561783492565155,3.157045602798462,-28.57499885559082,0.02556569315493107,3.157045602798462,28.57499885559082,0.02555887959897518,3.168111562728882,-28.57499885559082,-0.5206417441368103,3.168111562728882,28.57499885559082,-0.5206485390663147,3.085376501083374,-28.57499885559082,-1.060660481452942,3.085376501083374,28.57499885559082,-1.0606673955917358,2.911290407180786,-28.57499885559082,-1.5785013437271118,2.911290407180786,28.57499885559082,-1.5785082578659058,2.6510074138641357,-28.57499885559082,-2.0588324069976807,2.6510074138641357,28.57499885559082,-2.0588390827178955,2.3122332096099854,-28.57499885559082,-2.4874320030212402,2.3122332096099854,28.57499885559082,-2.487438678741455,1.9049999713897705,-28.57499885559082,-2.8516104221343994,1.9049999713897705,28.57499885559082,-2.8516170978546143],
    "materials": [{
        "depthTest": true,
        "DbgColor": 15658734,
        "wireframe": false,
        "transparent": false,
        "colorEmissive": [0.0,0.0,0.0],
        "DbgIndex": 0,
        "blending": "NormalBlending",
        "shading": "phong",
        "colorAmbient": [0.800000011920929,0.800000011920929,0.800000011920929],
        "colorDiffuse": [0.800000011920929,0.800000011920929,0.800000011920929],
        "visible": true,
        "DbgName": "Material",
        "colorSpecular": [0.45098042488098145,0.45098042488098145,0.45098042488098145],
        "depthWrite": true,
        "opacity": 0.0,
        "specularCoef": 100
    }],
    "uvs": []
}