{
    "faces": [3,31,32,30,29,0,3,43,44,42,41,0,3,39,40,38,37,0,3,21,22,20,19,0,3,51,52,50,49,0,3,35,36,34,33,0,3,1,73,72,71,0,3,53,54,52,51,0,3,37,38,36,35,0,3,55,56,54,53,0,3,47,48,46,45,0,3,23,24,22,21,0,3,49,50,48,47,0,3,17,18,16,15,0,3,45,46,44,43,0,3,33,34,32,31,0,3,25,26,24,23,0,3,11,12,10,9,0,3,57,58,56,55,0,3,0,73,1,2,0,3,19,20,18,17,0,3,61,62,60,59,0,3,69,70,68,67,0,3,15,16,14,13,0,3,63,64,62,61,0,3,13,14,12,11,0,3,71,72,70,69,0,3,41,42,40,39,0,3,0,2,3,4,0,3,59,60,58,57,0,3,7,8,6,5,0,3,27,28,26,25,0,3,5,6,4,3,0,3,29,30,28,27,0,3,67,68,66,65,0,2,41,45,43,0,2,49,47,45,0,2,53,51,49,0,2,57,55,53,0,2,61,59,57,0,2,65,63,61,0,2,69,67,65,0,2,1,71,69,0,2,3,2,1,0,2,7,5,3,0,2,11,9,7,0,2,15,13,11,0,2,19,17,15,0,2,23,21,19,0,2,27,25,23,0,2,31,29,27,0,2,35,33,31,0,2,39,37,35,0,2,41,39,45,0,2,53,49,45,0,2,61,57,53,0,2,69,65,61,0,2,3,1,69,0,2,11,7,3,0,2,19,15,11,0,2,27,23,19,0,2,35,31,27,0,2,39,35,45,0,2,61,53,45,0,2,3,69,61,0,2,19,11,3,0,2,35,27,19,0,2,35,61,45,0,2,19,3,61,0,2,35,19,61,0,2,14,10,12,0,2,6,8,10,0,2,0,4,6,0,2,72,73,0,0,2,68,70,72,0,2,64,66,68,0,2,60,62,64,0,2,56,58,60,0,2,52,54,56,0,2,48,50,52,0,2,44,46,48,0,2,40,42,44,0,2,36,38,40,0,2,32,34,36,0,2,28,30,32,0,2,24,26,28,0,2,20,22,24,0,2,16,18,20,0,2,14,16,10,0,2,0,6,10,0,2,68,72,0,0,2,60,64,68,0,2,52,56,60,0,2,44,48,52,0,2,36,40,44,0,2,28,32,36,0,2,20,24,28,0,2,16,20,10,0,2,68,0,10,0,2,52,60,68,0,2,36,44,52,0,2,20,28,36,0,2,20,68,10,0,2,36,52,68,0,2,20,36,68,0,3,9,10,8,7,0,3,65,66,64,63,0],
    "name": "ROB-12131Geometry",
    "materials": [{
        "depthTest": true,
        "shading": "phong",
        "colorAmbient": [0.800000011920929,0.800000011920929,0.800000011920929],
        "opacity": 0.0,
        "blending": "NormalBlending",
        "DbgIndex": 0,
        "DbgColor": 15658734,
        "colorEmissive": [0.0,0.0,0.0],
        "depthWrite": true,
        "specularCoef": 100,
        "colorDiffuse": [0.800000011920929,0.800000011920929,0.800000011920929],
        "DbgName": "Material",
        "colorSpecular": [0.45098042488098145,0.45098042488098145,0.45098042488098145],
        "visible": true,
        "transparent": false,
        "wireframe": false
    }],
    "uvs": [],
    "vertices": [0.4038872718811035,25.399999618530273,4.745339870452881,-0.4038887023925781,-25.399999618530273,4.745345592498779,0.4038872718811035,-25.399999618530273,4.745345592498779,1.2000446319580078,-25.399999618530273,4.60883092880249,1.2000446319580078,25.399999618530273,4.608825206756592,1.9616789817810059,-25.399999618530273,4.339727878570557,1.9616789817810059,25.399999618530273,4.339722156524658,2.666879177093506,-25.399999618530273,3.9457805156707764,2.666879177093506,25.399999618530273,3.9457743167877197,3.2953577041625977,-25.399999618530273,3.438318967819214,3.2953577041625977,25.399999618530273,3.4383127689361572,3.829035758972168,-25.399999618530273,2.8319432735443115,3.829035758972168,25.399999618530273,2.831937074661255,4.252558708190918,-25.399999618530273,2.1440980434417725,4.252558708190918,25.399999618530273,2.144091844558716,4.553743362426758,-25.399999618530273,1.3945714235305786,4.553743362426758,25.399999618530273,1.394565463066101,4.72392463684082,-25.399999618530273,0.6049253344535828,4.72392463684082,25.399999618530273,0.6049192547798157,4.758209228515625,-25.399999618530273,-0.2021234780550003,4.758209228515625,25.399999618530273,-0.202129527926445,4.655607223510742,-25.399999618530273,-1.0033570528030396,4.655607223510742,25.399999618530273,-1.003363013267517,4.419071197509766,-25.399999618530273,-1.7757261991500854,4.419071197509766,25.399999618530273,-1.775732159614563,4.05540657043457,-25.399999618530273,-2.4970104694366455,4.05540657043457,25.399999618530273,-2.497016668319702,3.575076103210449,-25.399999618530273,-3.1464602947235107,3.575076103210449,25.399999618530273,-3.1464664936065674,2.991896629333496,-25.399999618530273,-3.705392599105835,2.991896629333496,25.399999618530273,-3.7053987979888916,2.3226466178894043,-25.399999618530273,-4.157727241516113,2.3226466178894043,25.399999618530273,-4.157732963562012,1.5865774154663086,-25.399999618530273,-4.490451335906982,1.5865774154663086,25.399999618530273,-4.490457057952881,0.8048653602600098,-25.399999618530273,-4.693993091583252,0.8048653602600098,25.399999618530273,-4.69399881362915,-4.76837158203125e-07,-25.399999618530273,-4.762497425079346,-4.76837158203125e-07,25.399999618530273,-4.762503147125244,-0.8048667907714844,-25.399999618530273,-4.693993091583252,-0.8048667907714844,25.399999618530273,-4.69399881362915,-1.5865790843963623,-25.399999618530273,-4.490451335906982,-1.5865790843963623,25.399999618530273,-4.490457057952881,-2.322648048400879,-25.399999618530273,-4.157727241516113,-2.322648048400879,25.399999618530273,-4.157732963562012,-2.991898536682129,-25.399999618530273,-3.705392599105835,-2.991898536682129,25.399999618530273,-3.7053987979888916,-3.575077533721924,-25.399999618530273,-3.1464602947235107,-3.575077533721924,25.399999618530273,-3.1464664936065674,-4.055408000946045,-25.399999618530273,-2.4970104694366455,-4.055408000946045,25.399999618530273,-2.497016668319702,-4.419072151184082,-25.399999618530273,-1.7757261991500854,-4.419072151184082,25.399999618530273,-1.775732159614563,-4.6556077003479,-25.399999618530273,-1.0033570528030396,-4.6556077003479,25.399999618530273,-1.003363013267517,-4.758209705352783,-25.399999618530273,-0.2021234780550003,-4.758209705352783,25.399999618530273,-0.202129527926445,-4.723926544189453,-25.399999618530273,0.6049253344535828,-4.723926544189453,25.399999618530273,0.6049192547798157,-4.553744792938232,-25.399999618530273,1.3945714235305786,-4.553744792938232,25.399999618530273,1.394565463066101,-4.252560138702393,-25.399999618530273,2.1440980434417725,-4.252560138702393,25.399999618530273,2.144091844558716,-3.8290371894836426,-25.399999618530273,2.8319432735443115,-3.8290371894836426,25.399999618530273,2.831937074661255,-3.2953596115112305,-25.399999618530273,3.438318967819214,-3.2953596115112305,25.399999618530273,3.4383127689361572,-2.6668806076049805,-25.399999618530273,3.9457805156707764,-2.6668806076049805,25.399999618530273,3.9457743167877197,-1.9616804122924805,-25.399999618530273,4.339727878570557,-1.9616804122924805,25.399999618530273,4.339722156524658,-1.2000460624694824,-25.399999618530273,4.60883092880249,-1.2000460624694824,25.399999618530273,4.608825206756592,-0.4038887023925781,25.399999618530273,4.745339870452881],
    "metadata": {
        "type": "Geometry",
        "faces": 107,
        "version": 3,
        "generator": "io_three",
        "materials": 1,
        "uvs": 0,
        "vertices": 74
    }
}