{
    "faces": [3,24,25,23,22,0,3,54,55,53,52,0,3,28,29,27,26,0,3,20,21,19,18,0,3,46,47,45,44,0,3,32,33,31,30,0,3,26,27,25,24,0,3,16,17,15,14,0,3,44,45,43,42,0,3,12,13,11,10,0,3,14,15,13,12,0,3,6,7,5,4,0,3,58,59,57,56,0,3,52,53,51,50,0,3,34,35,33,32,0,3,10,11,9,8,0,3,22,23,21,20,0,3,40,41,39,38,0,3,38,39,37,36,0,2,7,3,5,0,2,59,0,3,0,2,55,57,59,0,2,51,53,55,0,2,47,49,51,0,2,43,45,47,0,2,39,41,43,0,2,35,37,39,0,2,31,33,35,0,2,27,29,31,0,2,23,25,27,0,2,19,21,23,0,2,15,17,19,0,2,11,13,15,0,2,7,9,11,0,2,7,59,3,0,2,51,55,59,0,2,43,47,51,0,2,35,39,43,0,2,27,31,35,0,2,19,23,27,0,2,11,15,19,0,2,7,11,59,0,2,43,51,59,0,2,27,35,43,0,2,11,19,27,0,2,11,43,59,0,2,11,27,43,0,3,1,0,59,58,0,3,4,5,3,2,0,2,54,58,56,0,2,2,1,58,0,2,6,4,2,0,2,10,8,6,0,2,14,12,10,0,2,18,16,14,0,2,22,20,18,0,2,26,24,22,0,2,30,28,26,0,2,34,32,30,0,2,38,36,34,0,2,42,40,38,0,2,46,44,42,0,2,50,48,46,0,2,54,52,50,0,2,54,2,58,0,2,10,6,2,0,2,18,14,10,0,2,26,22,18,0,2,34,30,26,0,2,42,38,34,0,2,50,46,42,0,2,54,50,2,0,2,18,10,2,0,2,34,26,18,0,2,50,42,34,0,2,50,18,2,0,2,50,34,18,0,3,8,9,7,6,0,3,48,49,47,46,0,3,30,31,29,28,0,3,50,51,49,48,0,3,0,1,2,3,0,3,18,19,17,16,0,3,36,37,35,34,0,3,42,43,41,40,0,3,56,57,55,54,0],
    "vertices": [-1.9049999713897705,31.750001907348633,-2.8516175746917725,-1.9049999713897705,-31.750001907348633,-2.851609945297241,-2.3122336864471436,-31.750001907348633,-2.487431526184082,-2.3122336864471436,31.750001907348633,-2.4874391555786133,-2.6510074138641357,-31.750001907348633,-2.0588319301605225,-2.6510074138641357,31.750001907348633,-2.0588395595550537,-2.911290407180786,-31.750001907348633,-1.5785009860992432,-2.911290407180786,31.750001907348633,-1.5785086154937744,-3.085376739501953,-31.750001907348633,-1.0606601238250732,-3.085376739501953,31.750001907348633,-1.0606677532196045,-3.168111562728882,-31.750001907348633,-0.5206413269042969,-3.168111562728882,31.750001907348633,-0.5206489562988281,-3.157045602798462,-31.750001907348633,0.025566071271896362,-3.157045602798462,31.750001907348633,0.025558501482009888,-3.052506685256958,-31.750001907348633,0.5617907047271729,-3.052506685256958,31.750001907348633,0.5617830753326416,-2.8575894832611084,-31.750001907348633,1.0721559524536133,-2.8575894832611084,31.750001907348633,1.072148323059082,-2.5780653953552246,-31.750001907348633,1.5415503978729248,-2.5780653953552246,31.750001907348633,1.5415427684783936,-2.22221040725708,-31.750001907348633,1.9560773372650146,-2.22221040725708,31.750001907348633,1.9560697078704834,-1.800560712814331,-31.750001907348633,2.3034627437591553,-1.800560712814331,31.750001907348633,2.303455114364624,-1.325600266456604,-31.750001907348633,2.5734217166900635,-1.325600266456604,31.750001907348633,2.5734140872955322,-0.8113918304443359,-31.750001907348633,2.7579615116119385,-0.8113918304443359,31.750001907348633,2.7579538822174072,-0.2731599807739258,-31.750001907348633,2.8516175746917725,-0.2731599807739258,31.750001907348633,2.851609945297241,0.2731599807739258,-31.750001907348633,2.8516175746917725,0.2731599807739258,31.750001907348633,2.851609945297241,0.8113918304443359,-31.750001907348633,2.7579615116119385,0.8113918304443359,31.750001907348633,2.7579538822174072,1.3256003856658936,-31.750001907348633,2.5734217166900635,1.3256003856658936,31.750001907348633,2.5734140872955322,1.800560712814331,-31.750001907348633,2.3034627437591553,1.800560712814331,31.750001907348633,2.303455114364624,2.222210645675659,-31.750001907348633,1.9560773372650146,2.222210645675659,31.750001907348633,1.9560697078704834,2.5780656337738037,-31.750001907348633,1.5415503978729248,2.5780656337738037,31.750001907348633,1.5415427684783936,2.8575894832611084,-31.750001907348633,1.0721559524536133,2.8575894832611084,31.750001907348633,1.072148323059082,3.0525062084198,-31.750001907348633,0.5617907047271729,3.0525062084198,31.750001907348633,0.5617830753326416,3.157045602798462,-31.750001907348633,0.025566071271896362,3.157045602798462,31.750001907348633,0.025558501482009888,3.168111562728882,-31.750001907348633,-0.5206413269042969,3.168111562728882,31.750001907348633,-0.5206489562988281,3.085376501083374,-31.750001907348633,-1.0606601238250732,3.085376501083374,31.750001907348633,-1.0606677532196045,2.911290407180786,-31.750001907348633,-1.5785009860992432,2.911290407180786,31.750001907348633,-1.5785086154937744,2.6510074138641357,-31.750001907348633,-2.0588319301605225,2.6510074138641357,31.750001907348633,-2.0588395595550537,2.3122332096099854,-31.750001907348633,-2.487431526184082,2.3122332096099854,31.750001907348633,-2.4874391555786133,1.9049999713897705,-31.750001907348633,-2.851609945297241,1.9049999713897705,31.750001907348633,-2.8516175746917725],
    "materials": [{
        "DbgName": "Material",
        "colorSpecular": [0.45098042488098145,0.45098042488098145,0.45098042488098145],
        "visible": true,
        "DbgColor": 15658734,
        "transparent": false,
        "blending": "NormalBlending",
        "depthTest": true,
        "colorEmissive": [0.0,0.0,0.0],
        "wireframe": false,
        "opacity": 0.0,
        "specularCoef": 100,
        "shading": "phong",
        "depthWrite": true,
        "DbgIndex": 0,
        "colorAmbient": [0.800000011920929,0.800000011920929,0.800000011920929],
        "colorDiffuse": [0.800000011920929,0.800000011920929,0.800000011920929]
    }],
    "name": "ROB-12366Geometry",
    "uvs": [],
    "metadata": {
        "materials": 1,
        "vertices": 60,
        "type": "Geometry",
        "faces": 86,
        "generator": "io_three",
        "uvs": 0,
        "version": 3
    }
}