{
    "metadata": {
        "version": 3,
        "generator": "io_three",
        "materials": 1,
        "vertices": 148,
        "uvs": 0,
        "faces": 222,
        "type": "Geometry"
    },
    "uvs": [],
    "name": "ROB-12247Geometry",
    "vertices": [0.2692587375640869,15.875000953674316,3.163560152053833,-0.269258975982666,-15.875000953674316,3.1635639667510986,0.2692587375640869,-15.875000953674316,3.1635639667510986,0.8000302314758301,-15.875000953674316,3.072553873062134,0.8000302314758301,15.875000953674316,3.072550058364868,1.307785987854004,-15.875000953674316,2.8931524753570557,1.307785987854004,15.875000953674316,2.89314866065979,1.7779192924499512,-15.875000953674316,2.6305201053619385,1.7779192924499512,15.875000953674316,2.630516290664673,2.1969056129455566,-15.875000953674316,2.292212724685669,2.1969056129455566,15.875000953674316,2.2922089099884033,2.5526905059814453,-15.875000953674316,1.8879621028900146,2.5526905059814453,15.875000953674316,1.887958288192749,2.8350396156311035,-15.875000953674316,1.429398775100708,2.8350396156311035,15.875000953674316,1.4293949604034424,3.0358290672302246,-15.875000953674316,0.9297139644622803,3.0358290672302246,15.875000953674316,0.9297101497650146,3.1492834091186523,-15.875000953674316,0.40328335762023926,3.1492834091186523,15.875000953674316,0.40327954292297363,3.1721391677856445,-15.875000953674316,-0.13474895060062408,3.1721391677856445,15.875000953674316,-0.13475273549556732,3.1037378311157227,-15.875000953674316,-0.6689047813415527,3.1037378311157227,15.875000953674316,-0.6689085960388184,2.946047782897949,-15.875000953674316,-1.1838173866271973,2.946047782897949,15.875000953674316,-1.183821201324463,2.7036046981811523,-15.875000953674316,-1.6646736860275269,2.7036046981811523,15.875000953674316,-1.6646775007247925,2.3833842277526855,-15.875000953674316,-2.0976405143737793,2.3833842277526855,15.875000953674316,-2.097644329071045,1.994598388671875,-15.875000953674316,-2.470261573791504,1.994598388671875,15.875000953674316,-2.4702653884887695,1.548431396484375,-15.875000953674316,-2.771817684173584,1.548431396484375,15.875000953674316,-2.7718214988708496,1.057718276977539,-15.875000953674316,-2.993633985519409,1.057718276977539,15.875000953674316,-2.993637800216675,0.5365772247314453,-15.875000953674316,-3.129328489303589,0.5365772247314453,15.875000953674316,-3.1293323040008545,-2.384185791015625e-07,-15.875000953674316,-3.1749980449676514,-2.384185791015625e-07,15.875000953674316,-3.175001859664917,-0.5365777015686035,-15.875000953674316,-3.129328489303589,-0.5365777015686035,15.875000953674316,-3.1293323040008545,-1.0577189922332764,-15.875000953674316,-2.993633985519409,-1.0577189922332764,15.875000953674316,-2.993637800216675,-1.548431634902954,-15.875000953674316,-2.771817684173584,-1.548431634902954,15.875000953674316,-2.7718214988708496,-1.994598627090454,-15.875000953674316,-2.470261573791504,-1.994598627090454,15.875000953674316,-2.4702653884887695,-2.3833847045898438,-15.875000953674316,-2.0976405143737793,-2.3833847045898438,15.875000953674316,-2.097644329071045,-2.7036051750183105,-15.875000953674316,-1.6646736860275269,-2.7036051750183105,15.875000953674316,-1.6646775007247925,-2.946047782897949,-15.875000953674316,-1.1838173866271973,-2.946047782897949,15.875000953674316,-1.183821201324463,-3.1037380695343018,-15.875000953674316,-0.6689047813415527,-3.1037380695343018,15.875000953674316,-0.6689085960388184,-3.1721394062042236,-15.875000953674316,-0.13474895060062408,-3.1721394062042236,15.875000953674316,-0.13475273549556732,-3.1492841243743896,-15.875000953674316,0.40328335762023926,-3.1492841243743896,15.875000953674316,0.40327954292297363,-3.035829544067383,-15.875000953674316,0.9297139644622803,-3.035829544067383,15.875000953674316,0.9297101497650146,-2.8350396156311035,-15.875000953674316,1.429398775100708,-2.8350396156311035,15.875000953674316,1.4293949604034424,-2.5526912212371826,-15.875000953674316,1.8879621028900146,-2.5526912212371826,15.875000953674316,1.887958288192749,-2.196906089782715,-15.875000953674316,2.292212724685669,-2.196906089782715,15.875000953674316,2.2922089099884033,-1.777920126914978,-15.875000953674316,2.6305201053619385,-1.777920126914978,15.875000953674316,2.630516290664673,-1.3077867031097412,-15.875000953674316,2.8931524753570557,-1.3077867031097412,15.875000953674316,2.89314866065979,-0.8000304698944092,-15.875000953674316,3.072553873062134,-0.8000304698944092,15.875000953674316,3.072550058364868,-0.269258975982666,15.875000953674316,3.163560152053833,-0.34081315994262695,15.875000953674316,-1.3089090585708618,-0.22858238220214844,15.875000953674316,1.3330929279327393,-2.384185791015625e-07,15.875000953674316,1.352548360824585,-0.557117223739624,15.875000953674316,-1.232483983039856,-0.7573940753936768,15.875000953674316,-1.1206026077270508,-0.9358820915222168,15.875000953674316,-0.9764835834503174,-1.087446689605713,15.875000953674316,-0.8042728900909424,-1.2077269554138184,15.875000953674316,-0.6089251041412354,-0.11470437049865723,15.875000953674316,-1.3476793766021729,0.11470413208007812,15.875000953674316,-1.3476793766021729,0.34081268310546875,15.875000953674316,-1.3089090585708618,-1.151735782623291,15.875000953674316,0.7091498374938965,-1.255016565322876,15.875000953674316,0.5043051242828369,-1.3221925497055054,15.875000953674316,0.28495240211486816,-1.3513315916061401,15.875000953674316,0.057402148842811584,-0.4505884647369385,15.875000953674316,1.2752869129180908,-0.6596319675445557,15.875000953674316,1.1807935237884521,-0.8496990203857422,15.875000953674316,1.0523302555084229,-1.015321969985962,15.875000953674316,0.8935935497283936,0.5571167469024658,15.875000953674316,-1.232483983039856,0.7573938369750977,15.875000953674316,-1.1206026077270508,0.9358820915222168,15.875000953674316,-0.9764835834503174,1.0874462127685547,15.875000953674316,-0.8042728900909424,1.2077264785766602,15.875000953674316,-0.6089251041412354,1.2932629585266113,15.875000953674316,-0.396059513092041,-1.34159517288208,15.875000953674316,-0.17179988324642181,-1.293263554573059,15.875000953674316,-0.396059513092041,1.3415946960449219,15.875000953674316,-0.17179988324642181,1.3513307571411133,15.875000953674316,0.057402148842811584,1.3221921920776367,15.875000953674316,0.28495240211486816,0.22858190536499023,15.875000953674316,1.3330929279327393,0.4505879878997803,15.875000953674316,1.2752869129180908,0.6596314907073975,15.875000953674316,1.1807935237884521,0.849698543548584,15.875000953674316,1.0523302555084229,1.0153217315673828,15.875000953674316,0.8935935497283936,1.1517353057861328,15.875000953674316,0.7091498374938965,1.2550163269042969,15.875000953674316,0.5043051242828369,0.4505879878997803,-15.875000953674316,1.2752907276153564,0.22858190536499023,-15.875000953674316,1.3330967426300049,-2.384185791015625e-07,-15.875000953674316,1.3525521755218506,-0.22858238220214844,-15.875000953674316,1.3330967426300049,-0.4505884647369385,-15.875000953674316,1.2752907276153564,-0.6596319675445557,-15.875000953674316,1.1807973384857178,-0.8496990203857422,-15.875000953674316,1.0523340702056885,-1.015321969985962,-15.875000953674316,0.8935973644256592,-1.151735782623291,-15.875000953674316,0.7091536521911621,-1.255016565322876,-15.875000953674316,0.5043089389801025,-1.3221925497055054,-15.875000953674316,0.2849562168121338,-1.3513315916061401,-15.875000953674316,0.05740593373775482,-1.34159517288208,-15.875000953674316,-0.17179609835147858,-1.293263554573059,-15.875000953674316,-0.3960556983947754,-1.2077269554138184,-15.875000953674316,-0.6089212894439697,-1.087446689605713,-15.875000953674316,-0.8042690753936768,-0.9358820915222168,-15.875000953674316,-0.9764797687530518,-0.7573940753936768,-15.875000953674316,-1.1205987930297852,-0.557117223739624,-15.875000953674316,-1.2324801683425903,-0.34081315994262695,-15.875000953674316,-1.3089052438735962,-0.11470437049865723,-15.875000953674316,-1.3476755619049072,0.11470413208007812,-15.875000953674316,