{
    "faces": [3,24,25,23,22,0,3,44,45,43,42,0,3,28,29,27,26,0,3,32,33,31,30,0,3,46,47,45,44,0,3,10,11,9,8,0,3,26,27,25,24,0,3,14,15,13,12,0,3,16,17,15,14,0,3,12,13,11,10,0,3,20,21,19,18,0,3,6,7,5,4,0,3,22,23,21,20,0,3,52,53,51,50,0,3,34,35,33,32,0,3,38,39,37,36,0,3,40,41,39,38,0,3,4,5,3,2,0,2,37,33,35,0,2,29,31,33,0,2,25,27,29,0,2,21,23,25,0,2,17,19,21,0,2,13,15,17,0,2,9,11,13,0,2,5,7,9,0,2,0,3,5,0,2,57,59,0,0,2,53,55,57,0,2,49,51,53,0,2,45,47,49,0,2,41,43,45,0,2,37,39,41,0,2,37,29,33,0,2,21,25,29,0,2,13,17,21,0,2,5,9,13,0,2,57,0,5,0,2,49,53,57,0,2,41,45,49,0,2,37,41,29,0,2,13,21,29,0,2,57,5,13,0,2,41,49,57,0,2,41,13,29,0,2,41,57,13,0,3,1,0,59,58,0,3,58,59,57,56,0,3,8,9,7,6,0,3,48,49,47,46,0,3,30,31,29,28,0,3,50,51,49,48,0,3,0,1,2,3,0,3,18,19,17,16,0,2,4,8,6,0,2,12,10,8,0,2,16,14,12,0,2,20,18,16,0,2,24,22,20,0,2,28,26,24,0,2,32,30,28,0,2,36,34,32,0,2,40,38,36,0,2,44,42,40,0,2,48,46,44,0,2,52,50,48,0,2,56,54,52,0,2,1,58,56,0,2,4,2,1,0,2,4,12,8,0,2,20,16,12,0,2,28,24,20,0,2,36,32,28,0,2,44,40,36,0,2,52,48,44,0,2,1,56,52,0,2,4,1,12,0,2,28,20,12,0,2,44,36,28,0,2,1,52,44,0,2,1,28,12,0,2,1,44,28,0,3,36,37,35,34,0,3,42,43,41,40,0,3,54,55,53,52,0,3,56,57,55,54,0],
    "name": "ROB-12303Geometry",
    "uvs": [],
    "materials": [{
        "DbgColor": 15658734,
        "shading": "phong",
        "visible": true,
        "DbgIndex": 0,
        "blending": "NormalBlending",
        "depthWrite": true,
        "specularCoef": 100,
        "colorSpecular": [0.45098042488098145,0.45098042488098145,0.45098042488098145],
        "depthTest": true,
        "DbgName": "Material",
        "colorDiffuse": [0.800000011920929,0.800000011920929,0.800000011920929],
        "transparent": false,
        "colorAmbient": [0.800000011920929,0.800000011920929,0.800000011920929],
        "colorEmissive": [0.0,0.0,0.0],
        "wireframe": false,
        "opacity": 0.0
    }],
    "metadata": {
        "faces": 86,
        "type": "Geometry",
        "version": 3,
        "uvs": 0,
        "materials": 1,
        "generator": "io_three",
        "vertices": 60
    },
    "vertices": [-1.9049999713897705,22.225000381469727,-2.851616382598877,-1.9049999713897705,-22.225000381469727,-2.8516111373901367,-2.3122336864471436,-22.225000381469727,-2.4874327182769775,-2.3122336864471436,22.225000381469727,-2.4874379634857178,-2.6510074138641357,-22.225000381469727,-2.058833122253418,-2.6510074138641357,22.225000381469727,-2.058838367462158,-2.911290407180786,-22.225000381469727,-1.5785021781921387,-2.911290407180786,22.225000381469727,-1.578507423400879,-3.085376739501953,-22.225000381469727,-1.0606613159179688,-3.085376739501953,22.225000381469727,-1.060666561126709,-3.168111562728882,-22.225000381469727,-0.5206425189971924,-3.168111562728882,22.225000381469727,-0.5206477642059326,-3.157045602798462,-22.225000381469727,0.02556493505835533,-3.157045602798462,22.225000381469727,0.02555963769555092,-3.052506685256958,-22.225000381469727,0.5617895126342773,-3.052506685256958,22.225000381469727,0.5617842674255371,-2.8575894832611084,-22.225000381469727,1.0721547603607178,-2.8575894832611084,22.225000381469727,1.0721495151519775,-2.5780653953552246,-22.225000381469727,1.5415492057800293,-2.5780653953552246,22.225000381469727,1.541543960571289,-2.22221040725708,-22.225000381469727,1.9560761451721191,-2.22221040725708,22.225000381469727,1.956070899963379,-1.800560712814331,-22.225000381469727,2.3034615516662598,-1.800560712814331,22.225000381469727,2.3034563064575195,-1.325600266456604,-22.225000381469727,2.573420524597168,-1.325600266456604,22.225000381469727,2.5734152793884277,-0.8113918304443359,-22.225000381469727,2.757960319519043,-0.8113918304443359,22.225000381469727,2.7579550743103027,-0.2731599807739258,-22.225000381469727,2.851616382598877,-0.2731599807739258,22.225000381469727,2.8516111373901367,0.2731599807739258,-22.225000381469727,2.851616382598877,0.2731599807739258,22.225000381469727,2.8516111373901367,0.8113918304443359,-22.225000381469727,2.757960319519043,0.8113918304443359,22.225000381469727,2.7579550743103027,1.3256003856658936,-22.225000381469727,2.573420524597168,1.3256003856658936,22.225000381469727,2.5734152793884277,1.800560712814331,-22.225000381469727,2.3034615516662598,1.800560712814331,22.225000381469727,2.3034563064575195,2.222210645675659,-22.225000381469727,1.9560761451721191,2.222210645675659,22.225000381469727,1.956070899963379,2.5780656337738037,-22.225000381469727,1.5415492057800293,2.5780656337738037,22.225000381469727,1.541543960571289,2.8575894832611084,-22.225000381469727,1.0721547603607178,2.8575894832611084,22.225000381469727,1.0721495151519775,3.0525062084198,-22.225000381469727,0.5617895126342773,3.0525062084198,22.225000381469727,0.5617842674255371,3.157045602798462,-22.225000381469727,0.02556493505835533,3.157045602798462,22.225000381469727,0.02555963769555092,3.168111562728882,-22.225000381469727,-0.5206425189971924,3.168111562728882,22.225000381469727,-0.5206477642059326,3.085376501083374,-22.225000381469727,-1.0606613159179688,3.085376501083374,22.225000381469727,-1.060666561126709,2.911290407180786,-22.225000381469727,-1.5785021781921387,2.911290407180786,22.225000381469727,-1.578507423400879,2.6510074138641357,-22.225000381469727,-2.058833122253418,2.6510074138641357,22.225000381469727,-2.058838367462158,2.3122332096099854,-22.225000381469727,-2.4874327182769775,2.3122332096099854,22.225000381469727,-2.4874379634857178,1.9049999713897705,-22.225000381469727,-2.8516111373901367,1.9049999713897705,22.225000381469727,-2.851616382598877]
}