{
    "materials": [{
        "DbgColor": 15658734,
        "opacity": 0.0,
        "DbgName": "Material",
        "colorEmissive": [0.0,0.0,0.0],
        "colorSpecular": [0.45098042488098145,0.45098042488098145,0.45098042488098145],
        "colorDiffuse": [0.800000011920929,0.800000011920929,0.800000011920929],
        "wireframe": false,
        "visible": true,
        "colorAmbient": [0.800000011920929,0.800000011920929,0.800000011920929],
        "blending": "NormalBlending",
        "DbgIndex": 0,
        "shading": "phong",
        "specularCoef": 100,
        "transparent": false,
        "depthWrite": true,
        "depthTest": true
    }],
    "metadata": {
        "materials": 1,
        "generator": "io_three",
        "faces": 224,
        "uvs": 0,
        "vertices": 224,
        "version": 3,
        "type": "Geometry"
    },
    "uvs": [],
    "vertices": [2.750014305114746,76.20000457763672,-4.922760963439941,3.09686279296875,76.20000457763672,-5.5436482429504395,1.8785085678100586,76.20000457763672,-5.316706657409668,2.115436553955078,76.20000457763672,-5.98728084564209,0.9529614448547363,76.20000457763672,-5.557700157165527,1.0731544494628906,76.20000457763672,-6.258669853210449,-4.76837158203125e-07,76.20000457763672,-5.6388092041015625,-4.76837158203125e-07,76.20000457763672,-6.350008964538574,-0.9529623985290527,76.20000457763672,-5.557700157165527,-1.073155403137207,76.20000457763672,-6.258669853210449,-1.878509521484375,76.20000457763672,-5.316706657409668,-2.1154379844665527,76.20000457763672,-5.98728084564209,-2.750014543533325,76.20000457763672,-4.922760963439941,-3.096863269805908,76.20000457763672,-5.5436482429504395,-3.542407512664795,76.20000457763672,-4.387197017669678,-3.989197254180908,76.20000457763672,-4.940536022186279,-4.232891082763672,76.20000457763672,-3.725421667098999,-4.7667694091796875,76.20000457763672,-4.19529390335083,-4.801603317260742,76.20000457763672,-2.9564731121063232,-5.407210350036621,76.20000457763672,-3.329360246658325,-5.232181072235107,76.20000457763672,-2.1024723052978516,-5.892095565795898,76.20000457763672,-2.367647647857666,-5.5122389793396,76.20000457763672,-1.1879873275756836,-6.2074761390686035,76.20000457763672,-1.337822437286377,-5.6337199211120605,76.20000457763672,-0.23932650685310364,-6.344278812408447,76.20000457763672,-0.26951077580451965,-5.593128681182861,76.20000457763672,0.7162189483642578,-6.298568248748779,76.20000457763672,0.806553840637207,-5.3916335105896,76.20000457763672,1.6511602401733398,-6.071659088134766,76.20000457763672,1.859415054321289,-5.035030364990234,76.20000457763672,2.538599967956543,-5.670079231262207,76.20000457763672,2.8587846755981445,-4.5335798263549805,76.20000457763672,3.3530092239379883,-5.105382442474365,76.20000457763672,3.775911331176758,-3.901705265045166,76.20000457763672,4.070957183837891,-4.39381217956543,76.20000457763672,4.584412574768066,-3.1575863361358643,76.20000457763672,4.671791076660156,-3.555840253829956,76.20000457763672,5.2610273361206055,-2.322628974914551,76.20000457763672,5.138225555419922,-2.6155734062194824,76.20000457763672,5.78629207611084,-1.4208545684814453,76.20000457763672,5.456844329833984,-1.6000609397888184,76.20000457763672,6.145094871520996,-0.47820425033569336,76.20000457763672,5.618476867675781,-0.538517951965332,76.20000457763672,6.327115058898926,0.47820329666137695,76.20000457763672,5.618476867675781,0.5385174751281738,76.20000457763672,6.327115058898926,1.420853614807129,76.20000457763672,5.456844329833984,1.6000604629516602,76.20000457763672,6.145094871520996,2.3226280212402344,76.20000457763672,5.138225555419922,2.615571975708008,76.20000457763672,5.78629207611084,3.1575851440429688,76.20000457763672,4.671791076660156,3.5558385848999023,76.20000457763672,5.2610273361206055,3.9017038345336914,76.20000457763672,4.070957183837891,4.393811225891113,76.20000457763672,4.584412574768066,4.533578872680664,76.20000457763672,3.3530092239379883,5.105381011962891,76.20000457763672,3.775911331176758,5.035029411315918,76.20000457763672,2.538599967956543,5.670079231262207,76.20000457763672,2.8587846755981445,5.391632080078125,76.20000457763672,1.6511602401733398,6.071658134460449,76.20000457763672,1.859415054321289,5.593127250671387,76.20000457763672,0.7162189483642578,6.298566818237305,76.20000457763672,0.806553840637207,5.633718490600586,76.20000457763672,-0.23932650685310364,6.344278335571289,76.20000457763672,-0.26951077580451965,5.512238502502441,76.20000457763672,-1.1879873275756836,6.207475662231445,76.20000457763672,-1.337822437286377,5.232180595397949,76.20000457763672,-2.1024723052978516,5.892095565795898,76.20000457763672,-2.367647647857666,4.801602363586426,76.20000457763672,-2.9564731121063232,5.407209396362305,76.20000457763672,-3.329360246658325,4.2328901290893555,76.20000457763672,-3.725421667098999,4.766768455505371,76.20000457763672,-4.19529390335083,3.5424060821533203,76.20000457763672,-4.387197017669678,3.98919677734375,76.20000457763672,-4.940536022186279,-4.76837158203125e-07,-76.20000457763672,5.6388092041015625,-4.76837158203125e-07,-76.20000457763672,6.350008964538574,-0.47820425033569336,-76.20000457763672,5.618494987487793,-0.538517951965332,-76.20000457763672,6.3271331787109375,-1.4208545684814453,-76.20000457763672,5.456862449645996,-1.6000609397888184,-76.20000457763672,6.145112991333008,-2.322628974914551,-76.20000457763672,5.138243675231934,-2.6155734062194824,-76.20000457763672,5.786310195922852,-3.1575863361358643,-76.20000457763672,4.671809196472168,-3.555840253829956,-76.20000457763672,5.261045455932617,-3.901705265045166,-76.20000457763672,4.070975303649902,-4.39381217956543,-76.20000457763672,4.584430694580078,-4.5335798263549805,-76.20000457763672,3.35302734375,-5.105382442474365,-76.20000457763672,3.7759294509887695,-5.035030364990234,-76.20000457763672,2.5386180877685547,-5.670079231262207,-76.20000457763672,2.8588027954101562,-5.3916335105896,-76.20000457763672,1.6511783599853516,-6.071659088134766,-76.20000457763672,1.8594331741333008,-5.593128681182861,-76.20000457763672,0.7162370681762695,-6.298568248748779,-76.20000457763672,0.8065719604492188,-5.6337199211120605,-76.20000457763672,-0.23930832743644714,-6.344278812408447,-76.20000457763672,-0.26949259638786316,-5.5122389793396,-76.20000457763672,-1.1879692077636719,-6.2074761390686035,-76.20000457763672,-1.3378043174743652,-5.232181072235107,-76.20000457763672,-2.10245418548584,-5.892095565795898,-76.20000457763672,-2.3676295280456543,-4.801603317260742,-76.20000457763672,-2.9564549922943115,-5.407210350036621,-76.20000457763672,-3.3293421268463135,-4.232891082763672,-76.20000457763672,-3.7254035472869873,-4.7667694091796875,-76.20000457763672,-4.195275783538818,-3.542407512664795,-76.20000457763672,-4.387178897857666,-3.989197254180908,-76.20000457763672,-4.940517902374268,-2.750014543533325,-76.20000457763672,-4.92274284362793,-3.096863269805908,-76.20000457763672,-5.543630123138428,-1.878509521484375,-76.20000457763672,-5.316688537597656,-2.1154379844665527,-76.20000457763672,-5.987262725830078,-0.9529623985290527,-76.20000457763672,-5.557682037353516,-1.073155403137207,-76.20000457763672,-6.2586517333984375,-4.76837158203125e-07,-76.20000457763672,-5.638791084289551,-4.76837158203125e-07,-76.20000457763672,-6.3499908447265625,0.9529614448547363,-76.20000457763672,-5.557682037353516,1.0731544494628906,-76.20000457763672,-6.2586517333984375,1.8785085678100586,-76.20000457763672,-5.316688537597656,2.115436553955078,-76.20000457763672,-5.987262725830078,2.750014305114746,-76.20000457763672,-4.92274284362793,3.09686279296875,-76.20000457763672,-5.543630123138428,3.5424060821533203,-76.20000457763672,-4.387178897857666,3.98919677734375,-76.20000457763672,-4.940517902374268,4.2328901290893555,-76.20000457763672,-3.7254035472869873,4.766768455505371,-76.20000457763672,-4.195275783538818,4.801602363586426,-76.20000457763672,-2.9564549922943115,5.407209396362305,-76.20000457763672,