{
    "metadata": {
        "generator": "io_three",
        "faces": 236,
        "materials": 1,
        "version": 3,
        "vertices": 162,
        "type": "Geometry",
        "uvs": 0
    },
    "name": "ROB-12380Geometry",
    "materials": [{
        "specularCoef": 100,
        "colorSpecular": [0.45098042488098145,0.45098042488098145,0.45098042488098145],
        "visible": true,
        "DbgIndex": 0,
        "DbgColor": 15658734,
        "opacity": 0.0,
        "depthTest": true,
        "depthWrite": true,
        "wireframe": false,
        "shading": "phong",
        "colorEmissive": [0.0,0.0,0.0],
        "DbgName": "Material",
        "colorDiffuse": [0.800000011920929,0.800000011920929,0.800000011920929],
        "blending": "NormalBlending",
        "transparent": false,
        "colorAmbient": [0.800000011920929,0.800000011920929,0.800000011920929]
    }],
    "faces": [3,46,151,150,44,0,3,4,130,129,2,0,3,56,156,155,54,0,3,118,112,114,117,0,3,76,71,69,75,0,3,10,133,132,8,0,3,66,161,160,64,0,3,14,135,134,12,0,3,52,154,153,50,0,2,104,106,105,0,2,108,107,106,0,2,115,109,108,0,2,96,113,111,0,2,111,115,108,0,2,104,108,106,0,2,104,103,102,0,2,102,101,100,0,2,100,99,98,0,2,98,97,96,0,2,104,111,108,0,2,98,96,111,0,2,102,100,98,0,2,104,102,111,0,2,102,98,111,0,3,83,11,9,82,0,3,123,115,111,120,0,2,115,110,109,0,2,75,74,110,0,2,77,76,75,0,2,79,78,77,0,2,81,80,79,0,2,83,82,81,0,2,85,84,83,0,2,87,86,85,0,2,89,88,87,0,2,91,90,89,0,2,93,92,91,0,2,95,94,93,0,2,113,96,95,0,2,115,116,110,0,2,112,113,95,0,2,116,75,110,0,2,112,95,93,0,2,116,114,75,0,2,114,112,93,0,2,93,91,89,0,2,89,87,85,0,2,85,83,81,0,2,81,79,77,0,2,114,77,75,0,2,114,93,89,0,2,89,85,81,0,2,114,81,77,0,2,114,89,81,0,3,100,45,43,99,0,2,19,15,17,0,2,11,13,15,0,2,7,9,11,0,2,3,5,7,0,2,73,1,3,0,2,69,71,73,0,2,65,67,69,0,2,61,63,65,0,2,57,59,61,0,2,53,55,57,0,2,49,51,53,0,2,45,47,49,0,2,41,43,45,0,2,37,39,41,0,2,33,35,37,0,2,29,31,33,0,2,25,27,29,0,2,24,23,25,0,2,21,20,18,0,2,26,24,25,0,2,21,18,16,0,2,28,26,25,0,2,21,16,14,0,2,30,28,25,0,2,21,14,12,0,2,32,30,25,0,2,21,12,10,0,2,34,32,25,0,2,19,21,10,0,2,34,25,29,0,2,19,10,8,0,2,36,34,29,0,2,19,8,15,0,2,38,36,29,0,2,8,6,15,0,2,38,29,33,0,2,6,4,15,0,2,40,38,33,0,2,4,11,15,0,2,42,40,33,0,2,4,2,11,0,2,42,33,37,0,2,2,0,11,0,2,44,42,37,0,2,0,7,11,0,2,46,44,37,0,2,0,72,7,0,2,46,37,41,0,2,72,70,7,0,2,48,46,41,0,2,70,3,7,0,2,50,48,41,0,2,70,68,3,0,2,50,41,45,0,2,68,66,3,0,2,52,50,45,0,2,66,73,3,0,2,54,52,45,0,2,66,64,73,0,2,54,45,49,0,2,64,62,73,0,2,56,54,49,0,2,62,69,73,0,2,58,56,49,0,2,62,60,69,0,2,58,49,53,0,2,60,58,69,0,2,61,65,69,0,2,53,57,61,0,2,58,53,69,0,2,53,61,69,0,3,26,141,140,24,0,3,34,145,144,32,0,3,54,155,154,52,0,3,72,127,126,70,0,3,80,5,3,79,0,3,105,55,53,104,0,3,120,122,121,119,0,3,70,126,125,68,0,3,124,116,115,123,0,3,44,150,149,42,0,3,74,67,65,110,0,3,32,144,143,30,0,3,0,128,127,72,0,3,102,49,47,101,0,3,91,27,25,90,0,3,104,53,51,103,0,3,87,19,17,86,0,3,22,139,138,20,0,3,82,9,7,81,0,3,89,23,21,88,0,3,38,147,146,36,0,3,8,132,131,6,0,3,95,35,33,94,0,3,62,159,158,60,0,3,77,73,71,76,0,3,92,29,27,91,0,3,117,114,116,124,0,3,107,59,57,106,0,3,12,134,133,10,0,2,120,124,123,0,2,118,117,124,0,2,120,119,118,0,2,120,118,124,0,3,90,25,23,89,0,3,6,131,130,4,0,3,96,37,35,95,0,3,119,113,112,118,0,3,93,31,29,92,0,3,106,57,55,105,0,3,67,74,75,69,0,3,30,143,142,28,0,3,94,33,31,93,0,3,85,15,13,84,0,3,60,158,157,58,0,3,50,153,152,48,0,3,103,51,49,102,0,3,78,1,73,77,0,3,97,39,37,96,0,3,108,61,59,107,0,3,128,0,2,129,0,3,99,43,41,98,0,3,84,13,11,83,0,3,20,138,137,18,0,3,110,65,63,109,0,3,79,3,1,78,0,3,36,146,145,34,0,3,88,21,19,87,0,3,64,160,159,62,0,3,98,41,39,97,0,3,58,157,156,56,0,3,81,7,5,80,0,3,109,63,61,108,0,2,142,140,141,0,2,138,139,140,0,2,136,137,138,0,2,134,135,136,0,2,132,133,134,0,2,130,131,132,0,2,128,129,130,0,2,126,127,128,0,2,161,125,126,0,2,159,160,161,0,2,157,158,159,0,2,155,156,157,0,2,153,154,155,0,2,151,152,153,0,2,149,150,151,0,2,147,148,149,0,2,145,146,147,0,2,143,144,145,0,2,142,143,140,0,2,136,138,140,0,2,132,134,136,0,2,128,130,132,0,2,161,126,128,0,2,157,159,161,0,2,153,155,157,0,2,149,151,153,0,2,145,147,149,0,2,143,145,140,0,2,132,136,140,0,2,161,128,132,0,2,153,157,161,0,2,145,149,153,0,2,145,132,140,0,2,153,161,132,0,2,145,153,132,0,2,23,20,21,0,2,23,24,22,0,2,23,22,20,0,3,28,142,141,26,0,3,42,149,148,40,0,3,40,148,147,38,0,3,16,136,135,14,0,3,18,137,136,16,0,3,48,152,151,46,0,3,101,47,45,100,0,3,24,140,139,22,0,3,161,66,68,125,0,3,86,17,15,85,0],