{
    "materials": [{
        "DbgIndex": 0,
        "colorAmbient": [0.800000011920929,0.800000011920929,0.800000011920929],
        "colorSpecular": [0.45098042488098145,0.45098042488098145,0.45098042488098145],
        "specularCoef": 100,
        "colorDiffuse": [0.800000011920929,0.800000011920929,0.800000011920929],
        "colorEmissive": [0.0,0.0,0.0],
        "DbgName": "Material",
        "depthTest": true,
        "shading": "phong",
        "blending": "NormalBlending",
        "transparent": false,
        "opacity": 0.0,
        "wireframe": false,
        "DbgColor": 15658734,
        "depthWrite": true,
        "visible": true
    }],
    "vertices": [9.663036346435547,127.00000762939453,-3.8829421997070312,11.784191131591797,127.00000762939453,-4.735292434692383,8.86782455444336,127.00000762939453,-5.460151195526123,10.81441879272461,127.00000762939453,-6.658717632293701,7.817501068115234,127.00000762939453,-6.880281925201416,9.533536911010742,127.00000762939453,-8.390584945678711,6.5422821044921875,127.00000762939453,-8.102479934692383,7.9783935546875,127.00000762939453,-9.88106918334961,5.078853607177734,127.00000762939453,-9.091584205627441,6.1937255859375,127.00000762939453,-11.08729362487793,3.4693164825439453,127.00000762939453,-9.819141387939453,4.230873107910156,127.00000762939453,-11.97455883026123,1.7599735260009766,127.00000762939453,-10.264219284057617,2.1463088989257812,127.00000762939453,-12.51733684539795,-9.5367431640625e-07,127.00000762939453,-10.41401481628418,-9.5367431640625e-07,127.00000762939453,-12.7000150680542,-1.7599754333496094,127.00000762939453,-10.264219284057617,-2.146310806274414,127.00000762939453,-12.51733684539795,-3.4693193435668945,127.00000762939453,-9.819141387939453,-4.2308759689331055,127.00000762939453,-11.97455883026123,-5.078855991363525,127.00000762939453,-9.091584205627441,-6.193726539611816,127.00000762939453,-11.08729362487793,-6.54228401184082,127.00000762939453,-8.102479934692383,-7.978394508361816,127.00000762939453,-9.88106918334961,-7.817502021789551,127.00000762939453,-6.880281925201416,-9.533538818359375,127.00000762939453,-8.390584945678711,-8.867825508117676,127.00000762939453,-5.460151195526123,-10.814420700073242,127.00000762939453,-6.658717632293701,-9.663037300109863,127.00000762939453,-3.8829421997070312,-11.784191131591797,127.00000762939453,-4.735292434692383,-10.18026065826416,127.00000762939453,-2.1940298080444336,-12.414952278137207,127.00000762939453,-2.6756420135498047,-10.404617309570312,127.00000762939453,-0.4419974088668823,-12.688557624816895,127.00000762939453,-0.5390185117721558,-10.329651832580566,127.00000762939453,1.3227492570877075,-12.597136497497559,127.00000762939453,1.6131106615066528,-9.957521438598633,127.00000762939453,3.049441337585449,-12.143318176269531,127.00000762939453,3.7188329696655273,-9.298931121826172,127.00000762939453,4.688406944274902,-11.340158462524414,127.00000762939453,5.717572212219238,-8.372827529907227,127.00000762939453,6.1924943923950195,-10.21076488494873,127.00000762939453,7.551825523376465,-7.205852508544922,127.00000762939453,7.518435478210449,-8.78762435913086,127.00000762939453,9.168828010559082,-5.831578254699707,127.00000762939453,8.628083229064941,-7.111680507659912,127.00000762939453,10.52205753326416,-4.2895402908325195,127.00000762939453,9.489518165588379,-5.231146812438965,127.00000762939453,11.572587013244629,-2.6240997314453125,127.00000762939453,10.077956199645996,-3.2001218795776367,127.00000762939453,12.290192604064941,-0.8831691741943359,127.00000762939453,10.37646770477295,-1.077035903930664,127.00000762939453,12.6542329788208,0.8831672668457031,127.00000762939453,10.37646770477295,1.0770349502563477,127.00000762939453,12.6542329788208,2.6240978240966797,127.00000762939453,10.077956199645996,3.2001209259033203,127.00000762939453,12.290192604064941,4.289539337158203,127.00000762939453,9.489518165588379,5.231143951416016,127.00000762939453,11.572587013244629,5.831577301025391,127.00000762939453,8.628083229064941,7.111677169799805,127.00000762939453,10.52205753326416,7.205848693847656,127.00000762939453,7.518435478210449,8.787622451782227,127.00000762939453,9.168828010559082,8.372825622558594,127.00000762939453,6.1924943923950195,10.210762023925781,127.00000762939453,7.551825523376465,9.298929214477539,127.00000762939453,4.688406944274902,11.340158462524414,127.00000762939453,5.717572212219238,9.95751953125,127.00000762939453,3.049441337585449,12.143316268920898,127.00000762939453,3.7188329696655273,10.32965087890625,127.00000762939453,1.3227492570877075,12.59713363647461,127.00000762939453,1.6131106615066528,10.40461540222168,127.00000762939453,-0.4419974088668823,12.688556671142578,127.00000762939453,-0.5390185117721558,10.180259704589844,127.00000762939453,-2.1940298080444336,12.41495132446289,127.00000762939453,-2.6756420135498047,-0.8831691741943359,-127.00000762939453,10.376498222351074,-1.077035903930664,-127.00000762939453,12.654263496398926,-2.6240997314453125,-127.00000762939453,10.077986717224121,-3.2001218795776367,-127.00000762939453,12.290223121643066,-4.2895402908325195,-127.00000762939453,9.489548683166504,-5.231146812438965,-127.00000762939453,11.572617530822754,-5.831578254699707,-127.00000762939453,8.628113746643066,-7.111680507659912,-127.00000762939453,10.522088050842285,-7.205852508544922,-127.00000762939453,7.518465995788574,-8.78762435913086,-127.00000762939453,9.168858528137207,-8.372827529907227,-127.00000762939453,6.1925249099731445,-10.21076488494873,-127.00000762939453,7.55185604095459,-9.298931121826172,-127.00000762939453,4.688437461853027,-11.340158462524414,-127.00000762939453,5.717602729797363,-9.957521438598633,-127.00000762939453,3.049471855163574,-12.143318176269531,-127.00000762939453,3.7188634872436523,-10.329651832580566,-127.00000762939453,1.3227795362472534,-12.597136497497559,-127.00000762939453,1.6131409406661987,-10.404617309570312,-127.00000762939453,-0.4419671297073364,-12.688557624816895,-127.00000762939453,-0.5389882326126099,-10.18026065826416,-127.00000762939453,-2.1939992904663086,-12.414952278137207,-127.00000762939453,-2.6756114959716797,-9.663037300109863,-127.00000762939453,-3.8829116821289062,-11.784191131591797,-127.00000762939453,-4.735261917114258,-8.867825508117676,-127.00000762939453,-5.460120677947998,-10.814420700073242,-127.00000762939453,-6.658687114715576,-7.817502021789551,-127.00000762939453,-6.880251407623291,-9.533538818359375,-127.00000762939453,-8.390554428100586,-6.54228401184082,-127.00000762939453,-8.102449417114258,-7.978394508361816,-127.00000762939453,-9.881038665771484,-5.078855991363525,-127.00000762939453,-9.091553688049316,-6.193726539611816,-127.00000762939453,-11.087263107299805,-3.4693193435668945,-127.00000762939453,-9.819110870361328,-4.2308759689331055,-127.00000762939453,-11.974528312683105,-1.7599754333496094,-127.00000762939453,-10.264188766479492,-2.146310806274414,-127.00000762939453,-12.517306327819824,-9.5367431640625e-07,-127.00000762939453,-10.413984298706055,-9.5367431640625e-07,-127.00000762939453,-12.699984550476074,1.7599735260009766,-127.00000762939453,-10.264188766479492,2.1463088989257812,-127.00000762939453,-12.517306327819824,3.4693164825439453,-127.00000762939453,-9.819110870361328,4.230873107910156,-127.00000762939453,-11.974528312683105,5.078853607177734,-127.00000762939453,-9.091553688049316,6.1937255859375,-127.00000762939453,-11.087263107299805,6.5422821044921875,-127.00000762939453,-8.102449417114258,7.9783935546875,-127.00000762939453,-9.881038665771484,7.817501068115234,-127.00000762939453,-6.880251407623291,9.533536911010742,-127.00000762939453,-8.390554428100586,8.86782455444336,-127.00000762939453,-5.460120677947998,10.81441879272461,-127.00000762939453,-6.658687114715576,9.663036346435547,-127.00000762939453,-3.8829116821289062,11.784191131591797,-127.00000762939453,-4.735261917114258,10.180259704589844,-127.00000762939453,-2.1939992904663086,12.41495132446289,