{
    "name": "ROB-12377Geometry",
    "uvs": [],
    "faces": [3,9,10,8,7,0,3,59,60,58,57,0,3,61,62,60,59,0,3,1,73,72,71,0,3,5,6,4,3,0,3,65,66,64,63,0,3,37,38,36,35,0,3,2,0,73,1,0,3,31,32,30,29,0,3,45,46,44,43,0,3,71,72,70,69,0,3,53,54,52,51,0,3,67,68,66,65,0,3,69,70,68,67,0,3,51,52,50,49,0,3,15,16,14,13,0,3,17,18,16,15,0,3,55,56,54,53,0,3,13,14,12,11,0,3,47,48,46,45,0,3,57,58,56,55,0,3,27,28,26,25,0,3,0,2,3,4,0,3,39,40,38,37,0,3,7,8,6,5,0,3,35,36,34,33,0,3,63,64,62,61,0,3,23,24,22,21,0,3,49,50,48,47,0,3,11,12,10,9,0,3,25,26,24,23,0,2,85,81,84,0,2,79,80,81,0,2,77,78,79,0,2,88,89,77,0,2,82,83,88,0,2,102,103,82,0,2,86,87,102,0,2,101,93,86,0,2,99,100,101,0,2,97,98,99,0,2,95,96,97,0,2,75,94,95,0,2,110,74,75,0,2,105,109,110,0,2,90,104,105,0,2,107,108,90,0,2,92,106,107,0,2,76,91,92,0,2,85,76,81,0,2,77,79,81,0,2,82,88,77,0,2,86,102,82,0,2,99,101,86,0,2,95,97,99,0,2,110,75,95,0,2,90,105,110,0,2,92,107,90,0,2,76,92,81,0,2,82,77,81,0,2,99,86,82,0,2,110,95,99,0,2,92,90,110,0,2,92,82,81,0,2,110,99,82,0,2,92,110,82,0,3,33,34,32,31,0,3,29,30,28,27,0,3,19,20,18,17,0,2,32,28,30,0,2,24,26,28,0,2,20,22,24,0,2,16,18,20,0,2,12,14,16,0,2,8,10,12,0,2,4,6,8,0,2,73,0,4,0,2,70,72,73,0,2,66,68,70,0,2,62,64,66,0,2,58,60,62,0,2,54,56,58,0,2,50,52,54,0,2,46,48,50,0,2,42,44,46,0,2,38,40,42,0,2,34,36,38,0,2,32,34,28,0,2,20,24,28,0,2,12,16,20,0,2,4,8,12,0,2,70,73,4,0,2,62,66,70,0,2,54,58,62,0,2,46,50,54,0,2,38,42,46,0,2,34,38,28,0,2,12,20,28,0,2,70,4,12,0,2,54,62,70,0,2,38,46,54,0,2,38,12,28,0,2,54,70,12,0,2,38,54,12,0,3,41,42,40,39,0,3,21,22,20,19,0,3,43,44,42,41,0],
    "materials": [{
        "colorSpecular": [0.45098042488098145,0.45098042488098145,0.45098042488098145],
        "DbgIndex": 0,
        "shading": "phong",
        "depthWrite": true,
        "DbgColor": 15658734,
        "depthTest": true,
        "specularCoef": 100,
        "opacity": 0.0,
        "transparent": false,
        "DbgName": "Material",
        "wireframe": false,
        "colorEmissive": [0.0,0.0,0.0],
        "colorAmbient": [0.800000011920929,0.800000011920929,0.800000011920929],
        "blending": "NormalBlending",
        "colorDiffuse": [0.800000011920929,0.800000011920929,0.800000011920929],
        "visible": true
    }],
    "metadata": {
        "version": 3,
        "generator": "io_three",
        "materials": 1,
        "uvs": 0,
        "faces": 107,
        "type": "Geometry",
        "vertices": 111
    },
    "vertices": [0.20194363594055176,38.10000228881836,2.372666835784912,-0.20194435119628906,-38.10000228881836,2.372675895690918,0.20194363594055176,-38.10000228881836,2.372675895690918,0.6000223159790039,-38.10000228881836,2.3044185638427734,0.6000223159790039,38.10000228881836,2.3044095039367676,0.9808394908905029,-38.10000228881836,2.1698670387268066,0.9808394908905029,38.10000228881836,2.169857978820801,1.333439588546753,-38.10000228881836,1.972893238067627,1.333439588546753,38.10000228881836,1.972884178161621,1.6476788520812988,-38.10000228881836,1.7191624641418457,1.6476788520812988,38.10000228881836,1.7191534042358398,1.914517879486084,-38.10000228881836,1.4159746170043945,1.914517879486084,38.10000228881836,1.4159655570983887,2.126279354095459,-38.10000228881836,1.072052001953125,2.126279354095459,38.10000228881836,1.0720429420471191,2.276871681213379,-38.10000228881836,0.6972887516021729,2.276871681213379,38.10000228881836,0.697279691696167,2.36196231842041,-38.10000228881836,0.30246567726135254,2.36196231842041,38.10000228881836,0.3024566173553467,2.3791046142578125,-38.10000228881836,-0.1010587066411972,2.3791046142578125,38.10000228881836,-0.10106779634952545,2.327803611755371,-38.10000228881836,-0.5016754865646362,2.327803611755371,38.10000228881836,-0.5016845464706421,2.209535598754883,-38.10000228881836,-0.8878600597381592,2.209535598754883,38.10000228881836,-0.887869119644165,2.027703285217285,-38.10000228881836,-1.248502254486084,2.027703285217285,38.10000228881836,-1.2485113143920898,1.7875380516052246,-38.10000228881836,-1.5732271671295166,1.7875380516052246,38.10000228881836,-1.5732362270355225,1.495948314666748,-38.10000228881836,-1.8526933193206787,1.495948314666748,38.10000228881836,-1.8527023792266846,1.1613233089447021,-38.10000228881836,-2.0788605213165283,1.1613233089447021,38.10000228881836,-2.078869581222534,0.7932887077331543,-38.10000228881836,-2.245222568511963,0.7932887077331543,38.10000228881836,-2.2452316284179688,0.4024326801300049,-38.10000228881836,-2.3469934463500977,0.4024326801300049,38.10000228881836,-2.3470025062561035,-2.384185791015625e-07,-38.10000228881836,-2.3812456130981445,-2.384185791015625e-07,38.10000228881836,-2.3812546730041504,-0.4024333953857422,-38.10000228881836,-2.3469934463500977,-0.4024333953857422,38.10000228881836,-2.3470025062561035,-0.7932895421981812,-38.10000228881836,-2.245222568511963,-0.7932895421981812,38.10000228881836,-2.2452316284179688,-1.1613240242004395,-38.10000228881836,-2.0788605213165283,-1.1613240242004395,38.10000228881836,-2.078869581222534,-1.4959492683410645,-38.10000228881836,-1.8526933193206787,-1.4959492683410645,38.10000228881836,-1.8527023792266846,-1.787538766860962,-38.10000228881836,-1.5732271671295166,-1.787538766860962,38.10000228881836,-1.5732362270355225,-2.0277040004730225,-38.10000228881836,-1.248502254486084,-2.0277040004730225,38.10000228881836,-1.2485113143920898,-2.209536075592041,-38.10000228881836,-0.8878600597381592,-2.209536075592041,38.10000228881836,-0.887869119644165,-2.32780385017395,-38.10000228881836,-0.5016754865646362,-2.32780385017395,38.10000228881836,-0.5016845464706421,-2.3791048526763916,-38.10000228881836,-0.1010587066411972,-2.3791048526763916,38.10000228881836,-0.10106779634952545,-2.3619632720947266,-38.10000228881836,0.30246567726135254,-2.3619632720947266,38.10000228881836,0.3024566173553467,-2.276872396469116,-38.10000228881836,0.6972887516021729,-2.276872396469116,38.10000228881836,0.697279691696167,-2.1262800693511963,-38.10000228881836,1.072052001953125,-2.1262800693511963,38.10000228881836,1.0720429420471191,-1.9145185947418213,-38.10000228881836,1.4159746170043945,-1.9145185947418213,38.10000228881836,1.4159655570983887,-1.6476798057556152,-38.10000228881836,1.7191624641418457,-1.6476798057556152,38.10000228881836,1.7191534042358398,-1.3334403038024902,-38.10000228881836,1.972893238067627,-1.3334403038024902,38.10000228881836,1.972884178161621,-0.9808402061462402,-38.10000228881836,2.1698670387268066,-0.9808402061462402,38.10000228881836,2.169857978820801,-0.6000230312347412,-38.10000228881836,2.3044185638427734,-0.6000230312347412,38.10000228881836,2.3044095039367676,-0.20194435119628906,38.10000228881836,2.372666835784912,-0.4024333953857422,-38.10000228881836,-2.3469934463500977,-2.384185791015625e-07,-38.10000228881836,-2.3812456130981445,-2.1262800693511963,-38.10000228881836,1.072052001953125,0.20194363594055176,-38.10000228881836,2.372675895690918,-0.20194435119628906,-38.10000228881836,2.372675895690918,-0.6000230312347412,-38.10000228881836,2.3044185638427734,-0.9808402061462402,-38.10000228881836,2.1698670387268066,-1.3334403038024902,-38.10000228881836,1.972893238067627,1.6476788520812988,-38.10000228881836,1.7191624641418457,1.333439588546753,-38.10000228881836,1.972893238067627,-1.6476798057556152,-38.10000228881836,1.7191624641418457,-1.9145185947418213,-38.10000228881836,1.4159746170043945,2.36196231842041,-38.10000228881836,0.30246567726135254,2.276871681213379,-38.10000228881836,0.6972887516021729,0.9808394908905029,-38.10000228881836,2.1698670387268066,0.6000223159790039,-38.10000228881836,2.3044185638427734,-2.0277040004730225,-38.10000228881836,-1.248502254486084,-2.276872396469116,-38.10000228881836,0.6972887516021729,-2.3619632720947266,-38.10000228881836,0.30246567726135254,2.3791046142578125,-38.10000228881836,-0.1010587066411972,0.4024326801300049,-38.10000228881836,-2.3469934463500977,0.7932887077331543,-38.10000228881836,-2.245222568511963,1.1613233089447021,-38.10000228881836,