{
    "metadata": {
        "generator": "io_three",
        "uvs": 0,
        "type": "Geometry",
        "faces": 107,
        "vertices": 74,
        "materials": 1,
        "version": 3
    },
    "name": "ROB-12354Geometry",
    "uvs": [],
    "faces": [3,31,32,30,29,0,3,43,44,42,41,0,3,39,40,38,37,0,3,21,22,20,19,0,3,51,52,50,49,0,3,35,36,34,33,0,3,1,73,72,71,0,3,53,54,52,51,0,3,37,38,36,35,0,3,55,56,54,53,0,3,47,48,46,45,0,3,23,24,22,21,0,3,49,50,48,47,0,3,17,18,16,15,0,3,45,46,44,43,0,3,33,34,32,31,0,3,25,26,24,23,0,3,11,12,10,9,0,3,57,58,56,55,0,3,19,20,18,17,0,3,61,62,60,59,0,3,69,70,68,67,0,3,15,16,14,13,0,3,63,64,62,61,0,3,13,14,12,11,0,3,71,72,70,69,0,3,41,42,40,39,0,3,0,2,3,4,0,3,59,60,58,57,0,3,7,8,6,5,0,3,27,28,26,25,0,3,0,73,1,2,0,3,5,6,4,3,0,3,29,30,28,27,0,3,67,68,66,65,0,2,41,45,43,0,2,49,47,45,0,2,53,51,49,0,2,57,55,53,0,2,61,59,57,0,2,65,63,61,0,2,69,67,65,0,2,1,71,69,0,2,3,2,1,0,2,7,5,3,0,2,11,9,7,0,2,15,13,11,0,2,19,17,15,0,2,23,21,19,0,2,27,25,23,0,2,31,29,27,0,2,35,33,31,0,2,39,37,35,0,2,41,39,45,0,2,53,49,45,0,2,61,57,53,0,2,69,65,61,0,2,3,1,69,0,2,11,7,3,0,2,19,15,11,0,2,27,23,19,0,2,35,31,27,0,2,39,35,45,0,2,61,53,45,0,2,3,69,61,0,2,19,11,3,0,2,35,27,19,0,2,35,61,45,0,2,19,3,61,0,2,35,19,61,0,2,14,10,12,0,2,6,8,10,0,2,0,4,6,0,2,72,73,0,0,2,68,70,72,0,2,64,66,68,0,2,60,62,64,0,2,56,58,60,0,2,52,54,56,0,2,48,50,52,0,2,44,46,48,0,2,40,42,44,0,2,36,38,40,0,2,32,34,36,0,2,28,30,32,0,2,24,26,28,0,2,20,22,24,0,2,16,18,20,0,2,14,16,10,0,2,0,6,10,0,2,68,72,0,0,2,60,64,68,0,2,52,56,60,0,2,44,48,52,0,2,36,40,44,0,2,28,32,36,0,2,20,24,28,0,2,16,20,10,0,2,68,0,10,0,2,52,60,68,0,2,36,44,52,0,2,20,28,36,0,2,20,68,10,0,2,36,52,68,0,2,20,36,68,0,3,9,10,8,7,0,3,65,66,64,63,0],
    "vertices": [0.20194363594055176,101.5999984741211,2.372659206390381,-0.20194435119628906,-101.5999984741211,2.372683525085449,0.20194363594055176,-101.5999984741211,2.372683525085449,0.6000223159790039,-101.5999984741211,2.3044261932373047,0.6000223159790039,101.5999984741211,2.3044018745422363,0.9808394908905029,-101.5999984741211,2.169874668121338,0.9808394908905029,101.5999984741211,2.1698503494262695,1.333439588546753,-101.5999984741211,1.9729008674621582,1.333439588546753,101.5999984741211,1.9728765487670898,1.6476788520812988,-101.5999984741211,1.719170093536377,1.6476788520812988,101.5999984741211,1.7191457748413086,1.914517879486084,-101.5999984741211,1.4159822463989258,1.914517879486084,101.5999984741211,1.4159579277038574,2.126279354095459,-101.5999984741211,1.0720596313476562,2.126279354095459,101.5999984741211,1.072035312652588,2.276871681213379,-101.5999984741211,0.6972963213920593,2.276871681213379,101.5999984741211,0.6972721219062805,2.36196231842041,-101.5999984741211,0.302473247051239,2.36196231842041,101.5999984741211,0.3024490475654602,2.3791046142578125,-101.5999984741211,-0.10105113685131073,2.3791046142578125,101.5999984741211,-0.10107536613941193,2.327803611755371,-101.5999984741211,-0.5016679167747498,2.327803611755371,101.5999984741211,-0.5016921162605286,2.209535598754883,-101.5999984741211,-0.8878524899482727,2.209535598754883,101.5999984741211,-0.8878766894340515,2.027703285217285,-101.5999984741211,-1.2484946250915527,2.027703285217285,101.5999984741211,-1.248518943786621,1.7875380516052246,-101.5999984741211,-1.5732195377349854,1.7875380516052246,101.5999984741211,-1.5732438564300537,1.495948314666748,-101.5999984741211,-1.8526856899261475,1.495948314666748,101.5999984741211,-1.8527100086212158,1.1613233089447021,-101.5999984741211,-2.078852891921997,1.1613233089447021,101.5999984741211,-2.0788772106170654,0.7932887077331543,-101.5999984741211,-2.2452149391174316,0.7932887077331543,101.5999984741211,-2.2452392578125,0.4024326801300049,-101.5999984741211,-2.3469858169555664,0.4024326801300049,101.5999984741211,-2.3470101356506348,-2.384185791015625e-07,-101.5999984741211,-2.3812379837036133,-2.384185791015625e-07,101.5999984741211,-2.3812623023986816,-0.4024333953857422,-101.5999984741211,-2.3469858169555664,-0.4024333953857422,101.5999984741211,-2.3470101356506348,-0.7932895421981812,-101.5999984741211,-2.2452149391174316,-0.7932895421981812,101.5999984741211,-2.2452392578125,-1.1613240242004395,-101.5999984741211,-2.078852891921997,-1.1613240242004395,101.5999984741211,-2.0788772106170654,-1.4959492683410645,-101.5999984741211,-1.8526856899261475,-1.4959492683410645,101.5999984741211,-1.8527100086212158,-1.787538766860962,-101.5999984741211,-1.5732195377349854,-1.787538766860962,101.5999984741211,-1.5732438564300537,-2.0277040004730225,-101.5999984741211,-1.2484946250915527,-2.0277040004730225,101.5999984741211,-1.248518943786621,-2.209536075592041,-101.5999984741211,-0.8878524899482727,-2.209536075592041,101.5999984741211,-0.8878766894340515,-2.32780385017395,-101.5999984741211,-0.5016679167747498,-2.32780385017395,101.5999984741211,-0.5016921162605286,-2.3791048526763916,-101.5999984741211,-0.10105113685131073,-2.3791048526763916,101.5999984741211,-0.10107536613941193,-2.3619632720947266,-101.5999984741211,0.302473247051239,-2.3619632720947266,101.5999984741211,0.3024490475654602,-2.276872396469116,-101.5999984741211,0.6972963213920593,-2.276872396469116,101.5999984741211,0.6972721219062805,-2.1262800693511963,-101.5999984741211,1.0720596313476562,-2.1262800693511963,101.5999984741211,1.072035312652588,-1.9145185947418213,-101.5999984741211,1.4159822463989258,-1.9145185947418213,101.5999984741211,1.4159579277038574,-1.6476798057556152,-101.5999984741211,1.719170093536377,-1.6476798057556152,101.5999984741211,1.7191457748413086,-1.3334403038024902,-101.5999984741211,1.9729008674621582,-1.3334403038024902,101.5999984741211,1.9728765487670898,-0.9808402061462402,-101.5999984741211,2.169874668121338,-0.9808402061462402,101.5999984741211,2.1698503494262695,-0.6000230312347412,-101.5999984741211,2.3044261932373047,-0.6000230312347412,101.5999984741211,2.3044018745422363,-0.20194435119628906,101.5999984741211,2.372659206390381],
    "materials": [{
        "visible": true,
        "blending": "NormalBlending",
        "colorAmbient": [0.800000011920929,0.800000011920929,0.800000011920929],
        "colorSpecular": [0.45098042488098145,0.45098042488098145,0.45098042488098145],
        "shading": "phong",
        "wireframe": false,
        "specularCoef": 100,
        "colorDiffuse": [0.800000011920929,0.800000011920929,0.800000011920929],
        "depthTest": true,
        "opacity": 0.0,
        "DbgName": "Material",
        "colorEmissive": [0.0,0.0,0.0],
        "transparent": false,
        "DbgColor": 15658734,
        "DbgIndex": 0,
        "depthWrite": true
    }]
}