{
    "uvs": [],
    "faces": [3,7,8,6,5,0,3,47,48,46,45,0,3,59,60,58,57,0,3,23,24,22,21,0,3,1,73,72,71,0,3,9,10,8,7,0,3,57,58,56,55,0,3,2,0,73,1,0,3,43,44,42,41,0,3,51,52,50,49,0,3,13,14,12,11,0,3,5,6,4,3,0,3,41,42,40,39,0,3,17,18,16,15,0,3,65,66,64,63,0,3,0,2,3,4,0,3,71,72,70,69,0,3,61,62,60,59,0,3,39,40,38,37,0,3,25,26,24,23,0,3,31,32,30,29,0,3,37,38,36,35,0,3,69,70,68,67,0,3,45,46,44,43,0,3,53,54,52,51,0,3,35,36,34,33,0,3,55,56,54,53,0,3,49,50,48,47,0,3,67,68,66,65,0,2,45,49,47,0,2,53,51,49,0,2,57,55,53,0,2,61,59,57,0,2,65,63,61,0,2,69,67,65,0,2,1,71,69,0,2,3,2,1,0,2,7,5,3,0,2,11,9,7,0,2,15,13,11,0,2,19,17,15,0,2,23,21,19,0,2,27,25,23,0,2,31,29,27,0,2,35,33,31,0,2,39,37,35,0,2,43,41,39,0,2,45,43,49,0,2,57,53,49,0,2,65,61,57,0,2,1,69,65,0,2,7,3,1,0,2,15,11,7,0,2,23,19,15,0,2,31,27,23,0,2,39,35,31,0,2,43,39,49,0,2,65,57,49,0,2,7,1,65,0,2,23,15,7,0,2,39,31,23,0,2,39,65,49,0,2,23,7,65,0,2,39,23,65,0,3,27,28,26,25,0,3,33,34,32,31,0,3,15,16,14,13,0,3,29,30,28,27,0,2,34,30,32,0,2,26,28,30,0,2,22,24,26,0,2,18,20,22,0,2,14,16,18,0,2,10,12,14,0,2,6,8,10,0,2,0,4,6,0,2,72,73,0,0,2,68,70,72,0,2,64,66,68,0,2,60,62,64,0,2,56,58,60,0,2,52,54,56,0,2,48,50,52,0,2,44,46,48,0,2,40,42,44,0,2,36,38,40,0,2,34,36,30,0,2,22,26,30,0,2,14,18,22,0,2,6,10,14,0,2,72,0,6,0,2,64,68,72,0,2,56,60,64,0,2,48,52,56,0,2,40,44,48,0,2,36,40,30,0,2,14,22,30,0,2,72,6,14,0,2,56,64,72,0,2,40,48,56,0,2,40,14,30,0,2,56,72,14,0,2,40,56,14,0,3,63,64,62,61,0,3,21,22,20,19,0,3,19,20,18,17,0,3,11,12,10,9,0],
    "metadata": {
        "uvs": 0,
        "faces": 107,
        "version": 3,
        "vertices": 74,
        "type": "Geometry",
        "generator": "io_three",
        "materials": 1
    },
    "vertices": [0.33657336235046387,114.29999542236328,3.9544386863708496,-0.33657360076904297,-114.29999542236328,3.954465866088867,0.33657336235046387,-114.29999542236328,3.954465866088867,1.0000379085540771,-114.29999542236328,3.8407039642333984,1.0000379085540771,114.29999542236328,3.840676784515381,1.6347324848175049,-114.29999542236328,3.6164517402648926,1.6347324848175049,114.29999542236328,3.616424560546875,2.222399950027466,-114.29999542236328,3.288161277770996,2.222399950027466,114.29999542236328,3.2881340980529785,2.7461321353912354,-114.29999542236328,2.86527681350708,2.7461321353912354,114.29999542236328,2.8652496337890625,3.190863847732544,-114.29999542236328,2.359963893890381,3.190863847732544,114.29999542236328,2.3599367141723633,3.543799638748169,-114.29999542236328,1.786759376525879,3.543799638748169,114.29999542236328,1.7867321968078613,3.794786214828491,-114.29999542236328,1.162154197692871,3.794786214828491,114.29999542236328,1.1621270179748535,3.9366042613983154,-114.29999542236328,0.504115641117096,3.9366042613983154,114.29999542236328,0.5040883421897888,3.9651739597320557,-114.29999542236328,-0.168425053358078,3.9651739597320557,114.29999542236328,-0.16845229268074036,3.8796727657318115,-114.29999542236328,-0.836120069026947,3.8796727657318115,114.29999542236328,-0.8361473679542542,3.6825592517852783,-114.29999542236328,-1.4797608852386475,3.6825592517852783,114.29999542236328,-1.479788064956665,3.3795058727264404,-114.29999542236328,-2.0808310508728027,3.3795058727264404,114.29999542236328,-2.0808582305908203,2.9792306423187256,-114.29999542236328,-2.622039318084717,2.9792306423187256,114.29999542236328,-2.6220664978027344,2.493248224258423,-114.29999542236328,-3.087815999984741,2.493248224258423,114.29999542236328,-3.087843179702759,1.9355390071868896,-114.29999542236328,-3.464761257171631,1.9355390071868896,114.29999542236328,-3.4647884368896484,1.322148084640503,-114.29999542236328,-3.7420313358306885,1.322148084640503,114.29999542236328,-3.742058515548706,0.6707217693328857,-114.29999542236328,-3.9116499423980713,0.6707217693328857,114.29999542236328,-3.911677122116089,0.0,-114.29999542236328,-3.9687366485595703,0.0,114.29999542236328,-3.968763828277588,-0.6707220077514648,-114.29999542236328,-3.9116499423980713,-0.6707220077514648,114.29999542236328,-3.911677122116089,-1.3221487998962402,-114.29999542236328,-3.7420313358306885,-1.3221487998962402,114.29999542236328,-3.742058515548706,-1.9355394840240479,-114.29999542236328,-3.464761257171631,-1.9355394840240479,114.29999542236328,-3.4647884368896484,-2.493248224258423,-114.29999542236328,-3.087815999984741,-2.493248224258423,114.29999542236328,-3.087843179702759,-2.9792306423187256,-114.29999542236328,-2.622039318084717,-2.9792306423187256,114.29999542236328,-2.6220664978027344,-3.3795063495635986,-114.29999542236328,-2.0808310508728027,-3.3795063495635986,114.29999542236328,-2.0808582305908203,-3.6825597286224365,-114.29999542236328,-1.4797608852386475,-3.6825597286224365,114.29999542236328,-1.479788064956665,-3.8796725273132324,-114.29999542236328,-0.836120069026947,-3.8796725273132324,114.29999542236328,-0.8361473679542542,-3.9651739597320557,-114.29999542236328,-0.168425053358078,-3.9651739597320557,114.29999542236328,-0.16845229268074036,-3.936605215072632,-114.29999542236328,0.504115641117096,-3.936605215072632,114.29999542236328,0.5040883421897888,-3.7947869300842285,-114.29999542236328,1.162154197692871,-3.7947869300842285,114.29999542236328,1.1621270179748535,-3.543799638748169,-114.29999542236328,1.786759376525879,-3.543799638748169,114.29999542236328,1.7867321968078613,-3.190863609313965,-114.29999542236328,2.359963893890381,-3.190863609313965,114.29999542236328,2.3599367141723633,-2.7461323738098145,-114.29999542236328,2.86527681350708,-2.7461323738098145,114.29999542236328,2.8652496337890625,-2.222400188446045,-114.29999542236328,3.288161277770996,-2.222400188446045,114.29999542236328,3.2881340980529785,-1.6347332000732422,-114.29999542236328,3.6164517402648926,-1.6347332000732422,114.29999542236328,3.616424560546875,-1.0000379085540771,-114.29999542236328,3.8407039642333984,-1.0000379085540771,114.29999542236328,3.840676784515381,-0.33657360076904297,114.29999542236328,3.9544386863708496],
    "name": "ROB-12302Geometry",
    "materials": [{
        "shading": "phong",
        "colorEmissive": [0.0,0.0,0.0],
        "opacity": 0.0,
        "DbgIndex": 0,
        "depthWrite": true,
        "wireframe": false,
        "specularCoef": 100,
        "DbgColor": 15658734,
        "colorSpecular": [0.45098042488098145,0.45098042488098145,0.45098042488098145],
        "colorAmbient": [0.800000011920929,0.800000011920929,0.800000011920929],
        "DbgName": "Material",
        "visible": true,
        "blending": "NormalBlending",
        "depthTest": true,
        "colorDiffuse": [0.800000011920929,0.800000011920929,0.800000011920929],
        "transparent": false
    }]
}