{
    "faces": [3,31,32,30,29,0,3,51,52,50,49,0,3,35,36,34,33,0,3,21,22,20,19,0,2,80,90,79,0,2,88,89,90,0,2,74,77,88,0,2,103,84,74,0,2,95,102,103,0,2,87,94,95,0,2,97,101,87,0,2,98,96,97,0,2,100,99,98,0,2,85,86,100,0,2,82,83,85,0,2,75,76,82,0,2,81,78,75,0,2,110,109,81,0,2,107,108,110,0,2,105,106,107,0,2,93,104,105,0,2,91,92,93,0,2,80,91,90,0,2,74,88,90,0,2,95,103,74,0,2,97,87,95,0,2,100,98,97,0,2,82,85,100,0,2,81,75,82,0,2,107,110,81,0,2,93,105,107,0,2,91,93,90,0,2,95,74,90,0,2,100,97,95,0,2,81,82,100,0,2,93,107,81,0,2,93,95,90,0,2,81,100,95,0,2,93,81,95,0,3,0,2,3,4,0,3,27,28,26,25,0,3,1,73,72,71,0,3,11,12,10,9,0,3,59,60,58,57,0,3,63,64,62,61,0,3,25,26,24,23,0,3,5,6,4,3,0,3,9,10,8,7,0,3,0,73,1,2,0,3,41,42,40,39,0,3,13,14,12,11,0,3,55,56,54,53,0,3,17,18,16,15,0,3,39,40,38,37,0,3,61,62,60,59,0,3,49,50,48,47,0,3,53,54,52,51,0,2,24,20,22,0,2,16,18,20,0,2,12,14,16,0,2,8,10,12,0,2,4,6,8,0,2,73,0,4,0,2,70,72,73,0,2,66,68,70,0,2,62,64,66,0,2,58,60,62,0,2,54,56,58,0,2,50,52,54,0,2,46,48,50,0,2,42,44,46,0,2,38,40,42,0,2,34,36,38,0,2,30,32,34,0,2,26,28,30,0,2,24,26,20,0,2,12,16,20,0,2,4,8,12,0,2,70,73,4,0,2,62,66,70,0,2,54,58,62,0,2,46,50,54,0,2,38,42,46,0,2,30,34,38,0,2,26,30,20,0,2,4,12,20,0,2,62,70,4,0,2,46,54,62,0,2,30,38,46,0,2,30,4,20,0,2,46,62,4,0,2,30,46,4,0,3,57,58,56,55,0,3,15,16,14,13,0,3,65,66,64,63,0,3,19,20,18,17,0,3,7,8,6,5,0,3,23,24,22,21,0,3,37,38,36,35,0,3,43,44,42,41,0,3,29,30,28,27,0,3,71,72,70,69,0,3,69,70,68,67,0,3,67,68,66,65,0,3,45,46,44,43,0,3,33,34,32,31,0,3,47,48,46,45,0],
    "metadata": {
        "faces": 107,
        "version": 3,
        "vertices": 111,
        "materials": 1,
        "type": "Geometry",
        "uvs": 0,
        "generator": "io_three"
    },
    "vertices": [0.5385174751281738,76.20000457763672,6.327115058898926,-0.538517951965332,-76.20000457763672,6.3271331787109375,0.5385174751281738,-76.20000457763672,6.3271331787109375,1.6000604629516602,-76.20000457763672,6.145112991333008,1.6000604629516602,76.20000457763672,6.145094871520996,2.615571975708008,-76.20000457763672,5.786310195922852,2.615571975708008,76.20000457763672,5.78629207611084,3.5558385848999023,-76.20000457763672,5.261045455932617,3.5558385848999023,76.20000457763672,5.2610273361206055,4.393811225891113,-76.20000457763672,4.584430694580078,4.393811225891113,76.20000457763672,4.584412574768066,5.105381011962891,-76.20000457763672,3.7759294509887695,5.105381011962891,76.20000457763672,3.775911331176758,5.670079231262207,-76.20000457763672,2.8588027954101562,5.670079231262207,76.20000457763672,2.8587846755981445,6.071658134460449,-76.20000457763672,1.8594331741333008,6.071658134460449,76.20000457763672,1.859415054321289,6.298566818237305,-76.20000457763672,0.8065719604492188,6.298566818237305,76.20000457763672,0.806553840637207,6.344278335571289,-76.20000457763672,-0.26949259638786316,6.344278335571289,76.20000457763672,-0.26951077580451965,6.207475662231445,-76.20000457763672,-1.3378043174743652,6.207475662231445,76.20000457763672,-1.337822437286377,5.892095565795898,-76.20000457763672,-2.3676295280456543,5.892095565795898,76.20000457763672,-2.367647647857666,5.407209396362305,-76.20000457763672,-3.3293421268463135,5.407209396362305,76.20000457763672,-3.329360246658325,4.766768455505371,-76.20000457763672,-4.195275783538818,4.766768455505371,76.20000457763672,-4.19529390335083,3.98919677734375,-76.20000457763672,-4.940517902374268,3.98919677734375,76.20000457763672,-4.940536022186279,3.09686279296875,-76.20000457763672,-5.543630123138428,3.09686279296875,76.20000457763672,-5.5436482429504395,2.115436553955078,-76.20000457763672,-5.987262725830078,2.115436553955078,76.20000457763672,-5.98728084564209,1.0731544494628906,-76.20000457763672,-6.2586517333984375,1.0731544494628906,76.20000457763672,-6.258669853210449,-4.76837158203125e-07,-76.20000457763672,-6.3499908447265625,-4.76837158203125e-07,76.20000457763672,-6.350008964538574,-1.073155403137207,-76.20000457763672,-6.2586517333984375,-1.073155403137207,76.20000457763672,-6.258669853210449,-2.1154379844665527,-76.20000457763672,-5.987262725830078,-2.1154379844665527,76.20000457763672,-5.98728084564209,-3.096863269805908,-76.20000457763672,-5.543630123138428,-3.096863269805908,76.20000457763672,-5.5436482429504395,-3.989197254180908,-76.20000457763672,-4.940517902374268,-3.989197254180908,76.20000457763672,-4.940536022186279,-4.7667694091796875,-76.20000457763672,-4.195275783538818,-4.7667694091796875,76.20000457763672,-4.19529390335083,-5.407210350036621,-76.20000457763672,-3.3293421268463135,-5.407210350036621,76.20000457763672,-3.329360246658325,-5.892095565795898,-76.20000457763672,-2.3676295280456543,-5.892095565795898,76.20000457763672,-2.367647647857666,-6.2074761390686035,-76.20000457763672,-1.3378043174743652,-6.2074761390686035,76.20000457763672,-1.337822437286377,-6.344278812408447,-76.20000457763672,-0.26949259638786316,-6.344278812408447,76.20000457763672,-0.26951077580451965,-6.298568248748779,-76.20000457763672,0.8065719604492188,-6.298568248748779,76.20000457763672,0.806553840637207,-6.071659088134766,-76.20000457763672,1.8594331741333008,-6.071659088134766,76.20000457763672,1.859415054321289,-5.670079231262207,-76.20000457763672,2.8588027954101562,-5.670079231262207,76.20000457763672,2.8587846755981445,-5.105382442474365,-76.20000457763672,3.7759294509887695,-5.105382442474365,76.20000457763672,3.775911331176758,-4.39381217956543,-76.20000457763672,4.584430694580078,-4.39381217956543,76.20000457763672,4.584412574768066,-3.555840253829956,-76.20000457763672,5.261045455932617,-3.555840253829956,76.20000457763672,5.2610273361206055,-2.6155734062194824,-76.20000457763672,5.786310195922852,-2.6155734062194824,76.20000457763672,5.78629207611084,-1.6000609397888184,-76.20000457763672,6.145112991333008,-1.6000609397888184,76.20000457763672,6.145094871520996,-0.538517951965332,76.20000457763672,6.327115058898926,-4.76837158203125e-07,-76.20000457763672,-6.3499908447265625,-0.538517951965332,-76.20000457763672,6.3271331787109375,-1.6000609397888184,-76.20000457763672,6.145112991333008,1.0731544494628906,-76.20000457763672,-6.2586517333984375,0.5385174751281738,-76.20000457763672,6.3271331787109375,4.766768455505371,-76.20000457763672,-4.195275783538818,5.407209396362305,-76.20000457763672,-3.3293421268463135,1.6000604629516602,-76.20000457763672,6.145112991333008,-2.6155734062194824,-76.20000457763672,5.786310195922852,-3.555840253829956,-76.20000457763672,5.261045455932617,-1.073155403137207,-76.20000457763672,-6.2586517333984375,-4.39381217956543,-76.20000457763672,4.584430694580078,-5.105382442474365,-76.20000457763672,3.7759294509887695,-5.407210350036621,-76.20000457763672,-3.3293421268463135,2.115436553955078,-76.20000457763672,-5.987262725830078,3.09686279296875,-76.20000457763672,-5.543630123138428,3.98919677734375,-76.20000457763672,-4.940517902374268,5.892095565795898,-76.20000457763672,-2.3676295280456543,6.207475662231445,-76.20000457763672,-1.3378043174743652,6.344278335571289,-76.20000457763672,-0.26949259638786316,-4.7667694091796875,-76.20000457763672,-4.195275783538818,-3.989197254180908,-76.20000457763672,-4.940517902374268,-6.344278812408447,-76.20000457763672,-0.26949259638786316,-6.2074761390686035,-76.20000457763672,-1.3378043174743652,-6.298568248748779,-76.20000457763672,0.8065719604492188,-6.071659088134766,-76.20000457763672,1.8594331741333008,-5.670079231262207,-76.20000457763672,2.8588027954101562,-5.892095565795898,-76.20000457763672,-2.3676295280456543,-3.096863269805908,-76.20000457763672,-5.543630123138428,-2.1154379844665527,-76.20000457763672,-5.987262725830078,6.298566818237305,-76.20000457763672,0.8065719604492188,6.071658134460449,-76.20000457763672,1.8594331741333008,5.670079231262207,-76.20000457763672,2.8588027954101562,5.105381011962891,-76.20000457763672,3.7759294509887695,4.393811225891113,-76.20000457763672,4.584430694580078,2.615571975708008,-76.20000457763672,5.786310195922852,3.5558385848999023,-76.20000457763672,5.261045455932617],