{
    "faces": [3,52,53,51,50,0,3,16,17,15,14,0,3,24,25,23,22,0,3,44,45,43,42,0,3,18,19,17,16,0,3,36,37,35,34,0,3,50,51,49,48,0,3,46,47,45,44,0,3,42,43,41,40,0,3,54,55,53,52,0,3,48,49,47,46,0,3,8,9,7,6,0,3,20,21,19,18,0,3,4,5,3,2,0,3,40,41,39,38,0,3,22,23,21,20,0,3,28,29,27,26,0,3,14,15,13,12,0,3,12,13,11,10,0,3,0,1,2,3,0,3,58,59,57,56,0,3,6,7,5,4,0,2,53,49,51,0,2,45,47,49,0,2,41,43,45,0,2,37,39,41,0,2,33,35,37,0,2,29,31,33,0,2,25,27,29,0,2,21,23,25,0,2,17,19,21,0,2,13,15,17,0,2,9,11,13,0,2,5,7,9,0,2,0,3,5,0,2,57,59,0,0,2,53,55,57,0,2,53,45,49,0,2,37,41,45,0,2,29,33,37,0,2,21,25,29,0,2,13,17,21,0,2,5,9,13,0,2,57,0,5,0,2,53,57,45,0,2,29,37,45,0,2,13,21,29,0,2,57,5,13,0,2,57,29,45,0,2,57,13,29,0,3,30,31,29,28,0,3,1,0,59,58,0,3,10,11,9,8,0,3,26,27,25,24,0,3,34,35,33,32,0,3,32,33,31,30,0,2,32,36,34,0,2,40,38,36,0,2,44,42,40,0,2,48,46,44,0,2,52,50,48,0,2,56,54,52,0,2,1,58,56,0,2,4,2,1,0,2,8,6,4,0,2,12,10,8,0,2,16,14,12,0,2,20,18,16,0,2,24,22,20,0,2,28,26,24,0,2,32,30,28,0,2,32,40,36,0,2,48,44,40,0,2,56,52,48,0,2,4,1,56,0,2,12,8,4,0,2,20,16,12,0,2,28,24,20,0,2,32,28,40,0,2,56,48,40,0,2,12,4,56,0,2,28,20,12,0,2,28,56,40,0,2,28,12,56,0,3,38,39,37,36,0,3,56,57,55,54,0],
    "metadata": {
        "faces": 86,
        "type": "Geometry",
        "materials": 1,
        "version": 3,
        "vertices": 60,
        "uvs": 0,
        "generator": "io_three"
    },
    "name": "ROB-12118Geometry",
    "materials": [{
        "depthWrite": true,
        "colorAmbient": [0.800000011920929,0.800000011920929,0.800000011920929],
        "blending": "NormalBlending",
        "DbgColor": 15658734,
        "visible": true,
        "colorDiffuse": [0.800000011920929,0.800000011920929,0.800000011920929],
        "DbgIndex": 0,
        "colorEmissive": [0.0,0.0,0.0],
        "depthTest": true,
        "opacity": 0.0,
        "colorSpecular": [0.45098042488098145,0.45098042488098145,0.45098042488098145],
        "specularCoef": 100,
        "shading": "phong",
        "transparent": false,
        "wireframe": false,
        "DbgName": "Material"
    }],
    "vertices": [-1.9049999713897705,50.79999923706055,-2.8516197204589844,-1.9049999713897705,-50.79999923706055,-2.8516077995300293,-2.3122336864471436,-50.79999923706055,-2.48742938041687,-2.3122336864471436,50.79999923706055,-2.487441301345825,-2.6510074138641357,-50.79999923706055,-2.0588297843933105,-2.6510074138641357,50.79999923706055,-2.0588417053222656,-2.911290407180786,-50.79999923706055,-1.5784987211227417,-2.911290407180786,50.79999923706055,-1.5785108804702759,-3.085376739501953,-50.79999923706055,-1.0606578588485718,-3.085376739501953,50.79999923706055,-1.060670018196106,-3.168111562728882,-50.79999923706055,-0.5206390619277954,-3.168111562728882,50.79999923706055,-0.5206512212753296,-3.157045602798462,-50.79999923706055,0.025568341836333275,-3.157045602798462,50.79999923706055,0.025556230917572975,-3.052506685256958,-50.79999923706055,0.5617929697036743,-3.052506685256958,50.79999923706055,0.5617808103561401,-2.8575894832611084,-50.79999923706055,1.0721582174301147,-2.8575894832611084,50.79999923706055,1.0721460580825806,-2.5780653953552246,-50.79999923706055,1.5415526628494263,-2.5780653953552246,50.79999923706055,1.541540503501892,-2.22221040725708,-50.79999923706055,1.9560796022415161,-2.22221040725708,50.79999923706055,1.956067442893982,-1.800560712814331,-50.79999923706055,2.303464889526367,-1.800560712814331,50.79999923706055,2.303452968597412,-1.325600266456604,-50.79999923706055,2.5734238624572754,-1.325600266456604,50.79999923706055,2.5734119415283203,-0.8113918304443359,-50.79999923706055,2.7579636573791504,-0.8113918304443359,50.79999923706055,2.7579517364501953,-0.2731599807739258,-50.79999923706055,2.8516197204589844,-0.2731599807739258,50.79999923706055,2.8516077995300293,0.2731599807739258,-50.79999923706055,2.8516197204589844,0.2731599807739258,50.79999923706055,2.8516077995300293,0.8113918304443359,-50.79999923706055,2.7579636573791504,0.8113918304443359,50.79999923706055,2.7579517364501953,1.3256003856658936,-50.79999923706055,2.5734238624572754,1.3256003856658936,50.79999923706055,2.5734119415283203,1.800560712814331,-50.79999923706055,2.303464889526367,1.800560712814331,50.79999923706055,2.303452968597412,2.222210645675659,-50.79999923706055,1.9560796022415161,2.222210645675659,50.79999923706055,1.956067442893982,2.5780656337738037,-50.79999923706055,1.5415526628494263,2.5780656337738037,50.79999923706055,1.541540503501892,2.8575894832611084,-50.79999923706055,1.0721582174301147,2.8575894832611084,50.79999923706055,1.0721460580825806,3.0525062084198,-50.79999923706055,0.5617929697036743,3.0525062084198,50.79999923706055,0.5617808103561401,3.157045602798462,-50.79999923706055,0.025568341836333275,3.157045602798462,50.79999923706055,0.025556230917572975,3.168111562728882,-50.79999923706055,-0.5206390619277954,3.168111562728882,50.79999923706055,-0.5206512212753296,3.085376501083374,-50.79999923706055,-1.0606578588485718,3.085376501083374,50.79999923706055,-1.060670018196106,2.911290407180786,-50.79999923706055,-1.5784987211227417,2.911290407180786,50.79999923706055,-1.5785108804702759,2.6510074138641357,-50.79999923706055,-2.0588297843933105,2.6510074138641357,50.79999923706055,-2.0588417053222656,2.3122332096099854,-50.79999923706055,-2.48742938041687,2.3122332096099854,50.79999923706055,-2.487441301345825,1.9049999713897705,-50.79999923706055,-2.8516077995300293,1.9049999713897705,50.79999923706055,-2.8516197204589844],
    "uvs": []
}