{
    "vertices": [129.5399932861328,0.8000003099441528,-2.2860000133514404,129.5399932861328,0.8000003695487976,-2.7939999103546143,0.0,0.8000003695487976,-2.7939999103546143,0.0,0.8000003099441528,-2.2860000133514404,129.5399932861328,-0.7999997138977051,-2.2860000133514404,129.5399932861328,-0.7999996542930603,-2.7939999103546143,0.0,-0.7999997138977051,-2.2860000133514404,0.0,-0.7999996542930603,-2.7939999103546143],
    "uvs": [[1.0,0.0703703984618187,1.0,0.07777780294418335,0.0,0.07777780294418335,0.0,0.0703703984618187,210.0,62.99209976196289,190.0,62.99209976196289,190.0,0.0,210.0,0.0,5100.0,62.99209976196289,0.0,62.99209976196289,0.0,0.0,5100.0,0.0,-190.0,62.99209976196289,-210.0,62.99209976196289,-210.0,0.0,-190.0,0.0,-5100.0,62.99209976196289,-5100.0,0.0]],
    "materials": [{
        "DbgName": "SparkFun_Snappable_P_Board_bottom_board",
        "opacity": 0.0,
        "mapDiffuseAnisotropy": 1.0,
        "colorSpecular": [0.16500000655651093,0.16500000655651093,0.16500000655651093],
        "depthWrite": true,
        "colorDiffuse": [0.5176472264177683,0.20392160719516284,0.254117611857021],
        "wireframe": false,
        "blending": "NormalBlending",
        "colorAmbient": [0.5176472264177683,0.20392160719516284,0.254117611857021],
        "specularCoef": 50,
        "DbgColor": 15658734,
        "colorEmissive": [0.0,0.0,0.0],
        "mapDiffuse": "SparkFun_Snappable_P_Board_bottom_board.png",
        "mapDiffuseRepeat": [1,1],
        "shading": "phong",
        "depthTest": true,
        "mapDiffuseWrap": ["RepeatWrapping","RepeatWrapping"],
        "DbgIndex": 0,
        "transparent": false,
        "visible": true
    },{
        "DbgName": "mat_board",
        "opacity": 0.0,
        "colorSpecular": [0.16500000655651093,0.16500000655651093,0.16500000655651093],
        "depthWrite": true,
        "colorDiffuse": [0.4768623899945972,0.01254879999978542,0.08784319889311787],
        "wireframe": false,
        "blending": "NormalBlending",
        "colorAmbient": [0.4768623899945972,0.01254879999978542,0.08784319889311787],
        "specularCoef": 50,
        "DbgColor": 15597568,
        "colorEmissive": [0.0,0.0,0.0],
        "shading": "phong",
        "depthTest": true,
        "DbgIndex": 1,
        "transparent": false,
        "visible": true
    },{
        "DbgName": "SparkFun_Snappable_P_Board_top_board",
        "opacity": 0.0,
        "mapDiffuseAnisotropy": 1.0,
        "colorSpecular": [0.16500000655651093,0.16500000655651093,0.16500000655651093],
        "depthWrite": true,
        "colorDiffuse": [0.5176472264177683,0.20392160719516284,0.254117611857021],
        "wireframe": false,
        "blending": "NormalBlending",
        "colorAmbient": [0.5176472264177683,0.20392160719516284,0.254117611857021],
        "specularCoef": 50,
        "DbgColor": 60928,
        "colorEmissive": [0.0,0.0,0.0],
        "mapDiffuse": "SparkFun_Snappable_P_Board_top_board.png",
        "mapDiffuseRepeat": [1,1],
        "shading": "phong",
        "depthTest": true,
        "mapDiffuseWrap": ["RepeatWrapping","RepeatWrapping"],
        "DbgIndex": 2,
        "transparent": false,
        "visible": true
    }],
    "metadata": {
        "vertices": 8,
        "uvs": 1,
        "version": 3,
        "type": "Geometry",
        "materials": 3,
        "faces": 6,
        "generator": "io_three"
    },
    "name": "Mesh1 pcbgroup ModelGeometry",
    "faces": [11,0,1,2,3,2,0,1,2,3,11,1,0,4,5,1,4,5,6,7,11,0,3,6,4,1,8,9,10,11,11,3,2,7,6,1,12,13,14,15,11,2,1,5,7,1,9,16,17,10,11,5,4,6,7,0,2,3,0,1]
}