{
    "uvs": [[0.0,0.07777780294418335,0.0,0.0703703984618187,1.0,0.0703703984618187,1.0,0.07777780294418335,190.0,0.0,210.0,0.0,210.0,62.99209976196289,190.0,62.99209976196289,-5100.0,0.0,0.0,0.0,0.0,62.99209976196289,-5100.0,62.99209976196289,-190.0,62.99209976196289,-210.0,62.99209976196289,-210.0,0.0,-190.0,0.0,5100.0,62.99209976196289,5100.0,0.0]],
    "vertices": [129.5399932861328,-0.7999996542930603,-2.7939999103546143,129.5399932861328,-0.7999997138977051,-2.2860000133514404,0.0,-0.7999997138977051,-2.2860000133514404,0.0,-0.7999996542930603,-2.7939999103546143,129.5399932861328,0.8000003695487976,-2.7939999103546143,129.5399932861328,0.8000003099441528,-2.2860000133514404,0.0,0.8000003695487976,-2.7939999103546143,0.0,0.8000003099441528,-2.2860000133514404],
    "name": "Mesh1 pcbgroup ModelGeometry",
    "metadata": {
        "uvs": 1,
        "vertices": 8,
        "generator": "io_three",
        "materials": 3,
        "faces": 6,
        "type": "Geometry",
        "version": 3
    },
    "materials": [{
        "transparent": false,
        "visible": true,
        "depthTest": true,
        "DbgIndex": 0,
        "specularCoef": 50,
        "DbgColor": 15658734,
        "DbgName": "mat_board",
        "colorSpecular": [0.16500000655651093,0.16500000655651093,0.16500000655651093],
        "shading": "phong",
        "depthWrite": true,
        "wireframe": false,
        "colorAmbient": [0.4768623899945972,0.01254879999978542,0.08784319889311787],
        "opacity": 0.0,
        "blending": "NormalBlending",
        "colorEmissive": [0.0,0.0,0.0],
        "colorDiffuse": [0.4768623899945972,0.01254879999978542,0.08784319889311787]
    },{
        "transparent": false,
        "visible": true,
        "mapDiffuseWrap": ["RepeatWrapping","RepeatWrapping"],
        "mapDiffuseAnisotropy": 1.0,
        "depthTest": true,
        "DbgIndex": 1,
        "mapDiffuseRepeat": [1,1],
        "specularCoef": 50,
        "DbgColor": 15597568,
        "DbgName": "SparkFun_Snappable_P_Board_bottom_board",
        "colorSpecular": [0.16500000655651093,0.16500000655651093,0.16500000655651093],
        "shading": "phong",
        "depthWrite": true,
        "wireframe": false,
        "colorAmbient": [0.5176472264177683,0.20392160719516284,0.254117611857021],
        "opacity": 0.0,
        "mapDiffuse": "SparkFun_Snappable_P_Board_bottom_board.png",
        "blending": "NormalBlending",
        "colorEmissive": [0.0,0.0,0.0],
        "colorDiffuse": [0.5176472264177683,0.20392160719516284,0.254117611857021]
    },{
        "transparent": false,
        "visible": true,
        "mapDiffuseWrap": ["RepeatWrapping","RepeatWrapping"],
        "mapDiffuseAnisotropy": 1.0,
        "depthTest": true,
        "DbgIndex": 2,
        "mapDiffuseRepeat": [1,1],
        "specularCoef": 50,
        "DbgColor": 60928,
        "DbgName": "SparkFun_Snappable_P_Board_top_board",
        "colorSpecular": [0.16500000655651093,0.16500000655651093,0.16500000655651093],
        "shading": "phong",
        "depthWrite": true,
        "wireframe": false,
        "colorAmbient": [0.5207840043423175,0.21333360989888916,0.26039200217115877],
        "opacity": 0.0,
        "mapDiffuse": "SparkFun_Snappable_P_Board_top_board.png",
        "blending": "NormalBlending",
        "colorEmissive": [0.0,0.0,0.0],
        "colorDiffuse": [0.5207840043423175,0.21333360989888916,0.26039200217115877]
    }],
    "faces": [11,0,1,2,3,1,0,1,2,3,11,1,0,4,5,0,4,5,6,7,11,5,4,6,7,2,2,3,0,1,11,0,3,6,4,0,8,9,10,11,11,7,6,3,2,0,12,13,14,15,11,5,7,2,1,0,16,10,9,17]
}