{
    "uvs": [[19.684999465942383,-11.4173002243042,19.684999465942383,11.4173002243042,-19.684999465942383,11.4173002243042,-19.684999465942383,-11.4173002243042,11.4173002243042,0.0,11.4173002243042,17.71649932861328,-11.4173002243042,17.71649932861328,-11.4173002243042,0.0,-19.684999465942383,17.71649932861328,-19.684999465942383,0.0,19.684999465942383,0.0,19.684999465942383,17.71649932861328]],
    "materials": [{
        "colorEmissive": [0.0,0.0,0.0],
        "DbgColor": 15658734,
        "wireframe": false,
        "specularCoef": 50,
        "colorDiffuse": [0.800000011920929,0.800000011920929,0.800000011920929],
        "opacity": 0.0,
        "visible": true,
        "shading": "phong",
        "depthTest": true,
        "colorAmbient": [0.800000011920929,0.800000011920929,0.800000011920929],
        "blending": "NormalBlending",
        "DbgIndex": 0,
        "transparent": false,
        "DbgName": "M_0128_White",
        "colorSpecular": [0.16500000655651093,0.16500000655651093,0.16500000655651093],
        "depthWrite": true
    },{
        "colorEmissive": [0.0,0.0,0.0],
        "DbgColor": 15597568,
        "wireframe": false,
        "specularCoef": 50,
        "colorDiffuse": [0.10980400010651348,0.10980400010651348,0.10980400010651348],
        "opacity": 0.0,
        "visible": true,
        "shading": "phong",
        "depthTest": true,
        "colorAmbient": [0.10980400010651348,0.10980400010651348,0.10980400010651348],
        "blending": "NormalBlending",
        "DbgIndex": 1,
        "transparent": false,
        "DbgName": "M_0136_Charcoal",
        "colorSpecular": [0.16500000655651093,0.16500000655651093,0.16500000655651093],
        "depthWrite": true
    },{
        "colorEmissive": [0.0,0.0,0.0],
        "DbgColor": 60928,
        "wireframe": false,
        "specularCoef": 50,
        "colorDiffuse": [0.6023528188817622,0.6023528188817622,0.6023528188817622],
        "opacity": 0.0,
        "visible": true,
        "shading": "phong",
        "depthTest": true,
        "colorAmbient": [0.6023528188817622,0.6023528188817622,0.6023528188817622],
        "blending": "NormalBlending",
        "DbgIndex": 2,
        "transparent": false,
        "DbgName": "M_0131_Silver",
        "colorSpecular": [0.16500000655651093,0.16500000655651093,0.16500000655651093],
        "depthWrite": true
    },{
        "colorEmissive": [0.0,0.0,0.0],
        "DbgColor": 238,
        "wireframe": false,
        "specularCoef": 50,
        "colorDiffuse": [0.800000011920929,0.800000011920929,0.800000011920929],
        "opacity": 0.0,
        "visible": true,
        "shading": "phong",
        "depthTest": true,
        "colorAmbient": [0.800000011920929,0.800000011920929,0.800000011920929],
        "blending": "NormalBlending",
        "DbgIndex": 3,
        "transparent": false,
        "DbgName": "FrontColor",
        "colorSpecular": [0.16500000655651093,0.16500000655651093,0.16500000655651093],
        "depthWrite": true
    }],
    "faces": [11,2,0,5,3,1,2,3,0,1,11,6,1,7,4,2,3,0,1,2,11,4,3,5,6,2,4,5,6,7,11,0,2,7,1,2,5,6,7,4,11,3,4,7,2,3,8,9,10,11,11,5,0,1,6,0,11,8,9,10],
    "metadata": {
        "uvs": 1,
        "faces": 6,
        "materials": 4,
        "generator": "io_three",
        "version": 3,
        "vertices": 8,
        "type": "Geometry"
    },
    "name": "Mesh41 G_0402_RES3 ModelGeometry",
    "vertices": [23.360000610351562,-1.2500066757202148,14.894999504089355,23.360000610351562,-0.800006628036499,14.895000457763672,23.360000610351562,-1.2500063180923462,14.314998626708984,22.360000610351562,-1.2500063180923462,14.314998626708984,22.360000610351562,-0.8000063896179199,14.3149995803833,22.360000610351562,-1.2500066757202148,14.894999504089355,22.360000610351562,-0.800006628036499,14.895000457763672,23.360000610351562,-0.8000063896179199,14.3149995803833]
}