{
    "materials": [{
        "colorAmbient": [0.0,0.0,0.0],
        "depthWrite": true,
        "transparent": false,
        "colorSpecular": [0.3235294222831726,0.3235294222831726,0.3235294222831726],
        "specularCoef": 50,
        "colorEmissive": [0.0,0.0,0.0],
        "depthTest": true,
        "wireframe": false,
        "opacity": 0.0,
        "colorDiffuse": [0.0,0.0,0.0],
        "visible": true,
        "DbgColor": 15658734,
        "DbgName": "Black Plastic",
        "DbgIndex": 0,
        "blending": "NormalBlending",
        "shading": "phong"
    },{
        "colorAmbient": [0.6996079072297796,0.4423529690854693,0.17568629049787354],
        "depthWrite": true,
        "transparent": false,
        "colorSpecular": [0.5,0.3588235378265381,0.0941176563501358],
        "specularCoef": 50,
        "colorEmissive": [0.0,0.0,0.0],
        "depthTest": true,
        "wireframe": false,
        "opacity": 0.0,
        "colorDiffuse": [0.6996079072297796,0.4423529690854693,0.17568629049787354],
        "visible": true,
        "DbgColor": 15597568,
        "DbgName": "Copper",
        "DbgIndex": 1,
        "blending": "NormalBlending",
        "shading": "phong"
    }],
    "uvs": [],
    "faces": [3,188,182,181,187,0,3,212,206,205,211,0,3,166,168,167,165,0,2,2,10,11,1,2,4,6,10,1,2,2,3,4,1,2,2,4,10,1,3,13,15,14,12,0,3,88,89,91,90,0,3,9,11,10,8,1,3,32,34,30,31,1,3,8,10,6,7,1,2,23,18,22,1,2,15,16,18,1,2,23,14,15,1,2,23,15,18,1,3,40,41,43,42,0,3,154,156,155,153,0,2,19,21,20,1,2,13,12,21,1,2,19,17,13,1,2,19,13,21,1,3,33,35,34,32,1,3,186,188,187,185,0,3,73,75,74,72,0,3,178,176,174,180,0,3,182,184,183,181,0,2,26,34,35,1,2,28,30,34,1,2,26,27,28,1,2,26,28,34,1,3,186,184,182,188,0,3,192,194,193,191,0,3,4,5,7,6,0,2,43,45,44,1,2,37,36,45,1,2,43,41,37,1,2,43,37,45,1,3,160,162,161,159,0,3,85,87,86,84,0,3,27,25,29,28,0,3,199,201,144,143,0,3,61,63,62,60,0,2,1,7,5,1,2,9,8,7,1,2,1,0,9,1,2,1,9,7,1,2,64,62,63,1,2,70,71,62,1,2,64,66,70,1,2,64,70,62,1,2,49,55,53,1,2,57,56,55,1,2,49,48,57,1,2,49,57,55,1,3,165,167,131,130,0,3,206,208,207,205,0,3,200,202,201,199,0,3,174,176,175,173,0,3,76,77,79,78,0,3,64,65,67,66,0,3,80,82,78,79,1,3,16,17,19,18,0,3,109,101,100,110,0,3,20,22,18,19,1,3,168,170,169,167,0,3,72,74,83,81,1,3,142,117,203,197,0,3,162,164,163,161,0,2,76,74,75,1,2,82,83,74,1,2,76,78,82,1,2,76,82,74,1,3,170,172,171,169,0,3,204,198,197,203,0,3,184,186,185,183,0,2,42,39,40,1,2,47,38,39,1,2,42,46,47,1,2,42,47,39,1,3,194,192,190,196,0,3,0,2,11,9,1,3,60,62,71,69,1,3,69,71,70,68,1,3,198,200,199,197,0,2,88,86,87,1,2,94,95,86,1,2,88,90,94,1,2,88,94,86,1,2,80,72,81,1,2,77,73,72,1,2,80,79,77,1,2,80,77,72,1,2,92,84,93,1,2,89,85,84,1,2,92,91,89,1,2,92,89,84,1,2,105,102,104,0,2,100,101,102,0,2,96,98,103,0,2,105,100,102,0,2,105,96,103,0,2,105,103,100,0,3,196,190,189,195,0,3,172,166,165,171,0,3,106,104,102,107,0,3,57,59,58,56,1,3,24,26,35,33,1,3,164,158,157,163,0,3,2,0,1,3,0,3,84,86,95,93,1,3,44,46,42,43,1,3,56,58,54,55,1,2,112,96,105,0,2,111,97,96,0,2,115,116,111,0,2,113,114,115,0,2,112,113,96,0,2,115,111,96,0,2,113,115,96,0,3,36,38,47,45,1,3,170,168,166,172,0,2,122,121,130,0,2,113,134,135,0,2,122,120,121,0,2,113,135,120,0,2,136,137,113,0,2,118,119,136,0,2,114,140,141,0,2,136,113,120,0,2,114,141,118,0,2,118,136,120,0,2,122,127,120,0,2,127,128,112,0,2,124,125,105,0,2,127,112,123,0,2,124,105,104,0,2,127,123,124,0,2,127,118,120,0,2,144,115,114,0,2,127,124,118,0,2,143,144,114,0,2,124,104,118,0,2,143,114,118,0,2,146,117,142,0,2,142,143,118,0,2,104,106,118,0,2,106,111,116,0,2,116,147,148,0,2,145,146,142,0,2,116,148,145,0,2,106,142,118,0,2,106,116,145,0,2,106,145,142,0,3,202,204,203,201,0,3,49,51,50,48,0,3,156,150,149,155,0,3,202,200,198,204,0,3,210,212,211,209,0,3,39,37,41,40,0,2,129,112,128,0,2,134,113,112,0,2,121,120,133,0,2,129,122,130,0,2,121,133,134,0,2,129,130,131,0,2,132,121,134,0,2,129,131,112,0,2,132,134,112,0,2,131,132,112,0,3,181,183,137,136,0,2,126,105,125,0,2,126,123,112,0,2,126,112,105,0,3,154,152,150,156,0,3,102,101,109,107,0,2,119,118,139,0,2,114,113,140,0,2,119,139,140,0,2,113,137,138,0,2,138,119,140,0,2,113,138,140,0,3,180,174,173,179,0,3,37,39,38,36,0,3,194,196,195,193,0,3,176,178,177,175,0,3,127,122,163,157,0,3,51,49,53,52,0,3,110,100,103,108,0,2,115,147,116,0,2,117,146,147,0,2,115,144,117,0,2,115,117,147,0,2,106,97,111,0,2,108,99,97,0,2,107,109,110,0,2,106,108,97,0,2,106,107,110,0,2,106,110,108,0,3,3,1,5,4,0,3,151,153,126,125,0,3,157,159,128,127,0,3,130,121,171,165,0,3,177,179,120,135,0,3,68,70,66,67,1,3,87,85,89,88,0,3,21,23,22,20,1,3,210,208,206,212,0,3,93,95,94,92,1,3,48,50,59,57,1,3,52,53,55,54,0,3,15,13,17,16,0,3,45,47,46,44,1,3,152,154,153,151,0,3,28,29,31,30,0,3,158,160,159,157,0,3,97,99,98,96,0,2,67,69,68,1,2,61,60,69,1,2,67,65,61,1,2,67,61,69,1,3,108,103,98,99,0,3,190,192,191,189,0,3,178,180,179,177,0,2,24,29,25,1,2,32,31,29,1,2,24,33,32,1,2,24,32,29,1,3,162,160,158,164,0,3,81,83,82,80,1,3,150,152,151,149,0,3,25,27,26,24,0,3,92,94,90,91,1,3,75,73,77,76,0,3,208,210,209,207,0,3,185,187,119,138,0,3,159,161,129,128,0,3,167,169,132,131,0,3,189,191,140,139,0,3,149,151,125,124,0,3,139,118,195,189,0,2,52,50,51,1,2,58,59,50,1,2,52,54,58,1,2,52,58,50,1,3,191,193,141,140,0,3,136,119,187,181,0,3,175,177,135,134,0,3,169,171,121,132,0,3,146,145,211,205,0,3,205,207,147,146,0,3,197,199,143,142,0,3,124,123,155,149,0,3,207,209,148,147,0,3,173,175,134,133,0,3,161,163,122,129,0,3,133,120,179,173,0,3,193,195,118,141,0,3,12,14,23,21,1,3,183,185,138,137,0,3,153,155,123,126,0,3,201,203,117,144,0,3,209,211,145,148,0,3,63,61,65,64,0],