{
    "faces": [3,30,31,29,28,0,3,24,25,23,22,0,3,32,33,31,30,0,3,10,11,9,8,0,3,38,39,37,36,0,3,34,35,33,32,0,3,52,53,51,50,0,3,4,5,3,2,0,3,44,45,43,42,0,3,36,37,35,34,0,3,18,19,17,16,0,3,20,21,19,18,0,3,28,29,27,26,0,3,46,47,45,44,0,3,12,13,11,10,0,3,14,15,13,12,0,3,0,1,2,3,0,3,16,17,15,14,0,3,60,0,59,61,0,3,50,51,49,48,0,3,6,7,5,4,0,3,54,55,53,52,0,2,21,17,19,0,2,13,15,17,0,2,9,11,13,0,2,5,7,9,0,2,0,3,5,0,2,57,59,0,0,2,53,55,57,0,2,49,51,53,0,2,45,47,49,0,2,41,43,45,0,2,37,39,41,0,2,33,35,37,0,2,29,31,33,0,2,25,27,29,0,2,21,23,25,0,2,21,13,17,0,2,5,9,13,0,2,57,0,5,0,2,49,53,57,0,2,41,45,49,0,2,33,37,41,0,2,25,29,33,0,2,21,25,13,0,2,57,5,13,0,2,41,49,57,0,2,25,33,41,0,2,25,57,13,0,2,25,41,57,0,3,26,27,25,24,0,2,87,85,86,0,2,79,78,85,0,2,84,80,79,0,2,77,83,84,0,2,75,76,77,0,2,65,66,75,0,2,73,74,65,0,2,71,70,73,0,2,82,72,71,0,2,69,81,82,0,2,67,68,69,0,2,63,64,67,0,2,90,62,63,0,2,89,91,90,0,2,87,88,89,0,2,87,79,85,0,2,77,84,79,0,2,65,75,77,0,2,71,73,65,0,2,69,82,71,0,2,63,67,69,0,2,89,90,63,0,2,87,89,79,0,2,65,77,79,0,2,69,71,65,0,2,89,63,69,0,2,89,65,79,0,2,89,69,65,0,3,8,9,7,6,0,3,56,57,55,54,0,3,42,43,41,40,0,3,58,59,57,56,0,3,22,23,21,20,0,3,40,41,39,38,0,3,48,49,47,46,0],
    "uvs": [],
    "metadata": {
        "uvs": 0,
        "faces": 86,
        "type": "Geometry",
        "version": 3,
        "materials": 1,
        "vertices": 92,
        "generator": "io_three"
    },
    "vertices": [-1.9049999713897705,19.05000114440918,-2.851616144180298,-1.9049999713897705,-19.05000114440918,-2.851611375808716,-2.3122336864471436,-19.05000114440918,-2.4874329566955566,-2.3122336864471436,19.05000114440918,-2.4874377250671387,-2.6510074138641357,-19.05000114440918,-2.058833360671997,-2.6510074138641357,19.05000114440918,-2.058838129043579,-2.911290407180786,-19.05000114440918,-1.5785025358200073,-2.911290407180786,19.05000114440918,-1.5785070657730103,-3.085376739501953,-19.05000114440918,-1.0606616735458374,-3.085376739501953,19.05000114440918,-1.0606662034988403,-3.168111562728882,-19.05000114440918,-0.520642876625061,-3.168111562728882,19.05000114440918,-0.520647406578064,-3.157045602798462,-19.05000114440918,0.025564556941390038,-3.157045602798462,19.05000114440918,0.025560015812516212,-3.052506685256958,-19.05000114440918,0.5617891550064087,-3.052506685256958,19.05000114440918,0.5617846250534058,-2.8575894832611084,-19.05000114440918,1.0721544027328491,-2.8575894832611084,19.05000114440918,1.0721498727798462,-2.5780653953552246,-19.05000114440918,1.5415488481521606,-2.5780653953552246,19.05000114440918,1.5415443181991577,-2.22221040725708,-19.05000114440918,1.9560757875442505,-2.22221040725708,19.05000114440918,1.9560712575912476,-1.800560712814331,-19.05000114440918,2.3034613132476807,-1.800560712814331,19.05000114440918,2.3034565448760986,-1.325600266456604,-19.05000114440918,2.573420286178589,-1.325600266456604,19.05000114440918,2.573415517807007,-0.8113918304443359,-19.05000114440918,2.757960081100464,-0.8113918304443359,19.05000114440918,2.757955312728882,-0.2731599807739258,-19.05000114440918,2.851616144180298,-0.2731599807739258,19.05000114440918,2.851611375808716,0.2731599807739258,-19.05000114440918,2.851616144180298,0.2731599807739258,19.05000114440918,2.851611375808716,0.8113918304443359,-19.05000114440918,2.757960081100464,0.8113918304443359,19.05000114440918,2.757955312728882,1.3256003856658936,-19.05000114440918,2.573420286178589,1.3256003856658936,19.05000114440918,2.573415517807007,1.800560712814331,-19.05000114440918,2.3034613132476807,1.800560712814331,19.05000114440918,2.3034565448760986,2.222210645675659,-19.05000114440918,1.9560757875442505,2.222210645675659,19.05000114440918,1.9560712575912476,2.5780656337738037,-19.05000114440918,1.5415488481521606,2.5780656337738037,19.05000114440918,1.5415443181991577,2.8575894832611084,-19.05000114440918,1.0721544027328491,2.8575894832611084,19.05000114440918,1.0721498727798462,3.0525062084198,-19.05000114440918,0.5617891550064087,3.0525062084198,19.05000114440918,0.5617846250534058,3.157045602798462,-19.05000114440918,0.025564556941390038,3.157045602798462,19.05000114440918,0.025560015812516212,3.168111562728882,-19.05000114440918,-0.520642876625061,3.168111562728882,19.05000114440918,-0.520647406578064,3.085376501083374,-19.05000114440918,-1.0606616735458374,3.085376501083374,19.05000114440918,-1.0606662034988403,2.911290407180786,-19.05000114440918,-1.5785025358200073,2.911290407180786,19.05000114440918,-1.5785070657730103,2.6510074138641357,-19.05000114440918,-2.058833360671997,2.6510074138641357,19.05000114440918,-2.058838129043579,2.3122332096099854,-19.05000114440918,-2.4874329566955566,2.3122332096099854,19.05000114440918,-2.4874377250671387,1.9049999713897705,-19.05000114440918,-2.851611375808716,1.9049999713897705,19.05000114440918,-2.851616144180298,-1.9049999713897705,-19.05000114440918,-2.851611375808716,1.9049999713897705,-19.05000114440918,-2.851611375808716,-2.3122336864471436,-19.05000114440918,-2.4874329566955566,-1.9049999713897705,-19.05000114440918,-2.851611375808716,1.9049999713897705,-19.05000114440918,-2.851611375808716,1.800560712814331,-19.05000114440918,2.3034613132476807,1.3256003856658936,-19.05000114440918,2.573420286178589,2.3122332096099854,-19.05000114440918,-2.4874329566955566,2.6510074138641357,-19.05000114440918,-2.058833360671997,2.911290407180786,-19.05000114440918,-1.5785025358200073,2.8575894832611084,-19.05000114440918,1.0721544027328491,3.0525062084198,-19.05000114440918,0.5617891550064087,3.157045602798462,-19.05000114440918,0.025564556941390038,2.5780656337738037,-19.05000114440918,1.5415488481521606,2.222210645675659,-19.05000114440918,1.9560757875442505,0.8113918304443359,-19.05000114440918,2.757960081100464,0.2731599807739258,-19.05000114440918,2.851616144180298,-0.2731599807739258,-19.05000114440918,2.851616144180298,-2.5780653953552246,-19.05000114440918,1.5415488481521606,-2.22221040725708,-19.05000114440918,1.9560757875442505,-1.800560712814331,-19.05000114440918,2.3034613132476807,3.085376501083374,-19.05000114440918,-1.0606616735458374,3.168111562728882,-19.05000114440918,-0.520642876625061,-0.8113918304443359,-19.05000114440918,2.757960081100464,-1.325600266456604,-19.05000114440918,2.573420286178589,-2.8575894832611084,-19.05000114440918,1.0721544027328491,-3.052506685256958,-19.05000114440918,0.5617891550064087,-3.157045602798462,-19.05000114440918,0.025564556941390038,-3.168111562728882,-19.05000114440918,-0.520642876625061,-3.085376739501953,-19.05000114440918,-1.0606616735458374,-2.6510074138641357,-19.05000114440918,-2.058833360671997,-2.911290407180786,-19.05000114440918,-1.5785025358200073],
    "materials": [{
        "wireframe": false,
        "depthTest": true,
        "depthWrite": true,
        "shading": "phong",
        "colorSpecular": [0.45098042488098145,0.45098042488098145,0.45098042488098145],
        "DbgIndex": 0,
        "DbgName": "Material",
        "visible": true,
        "transparent": false,
        "DbgColor": 15658734,
        "blending": "NormalBlending",
        "specularCoef": 100,
        "colorDiffuse": [0.800000011920929,0.800000011920929,0.800000011920929],
        "colorAmbient": [0.800000011920929,0.800000011920929,0.800000011920929],
        "colorEmissive": [0.0,0.0,0.0],
        "opacity": 0.0
    }],
    "name": "ROB-12296Geometry"
}