{
    "uvs": [],
    "materials": [{
        "DbgColor": 15658734,
        "colorEmissive": [0.0,0.0,0.0],
        "colorAmbient": [0.800000011920929,0.800000011920929,0.800000011920929],
        "colorSpecular": [0.45098042488098145,0.45098042488098145,0.45098042488098145],
        "colorDiffuse": [0.800000011920929,0.800000011920929,0.800000011920929],
        "wireframe": false,
        "specularCoef": 100,
        "opacity": 0.0,
        "DbgName": "Material",
        "shading": "phong",
        "DbgIndex": 0,
        "depthTest": true,
        "depthWrite": true,
        "visible": true,
        "blending": "NormalBlending",
        "transparent": false
    }],
    "name": "ROB-12886Geometry",
    "vertices": [0.2692587375640869,11.112500190734863,3.163560628890991,-0.269258975982666,-11.112500190734863,3.1635634899139404,0.2692587375640869,-11.112500190734863,3.1635634899139404,0.8000302314758301,-11.112500190734863,3.0725533962249756,0.8000302314758301,11.112500190734863,3.0725505352020264,1.307785987854004,-11.112500190734863,2.8931519985198975,1.307785987854004,11.112500190734863,2.8931491374969482,1.7779192924499512,-11.112500190734863,2.6305196285247803,1.7779192924499512,11.112500190734863,2.630516767501831,2.1969056129455566,-11.112500190734863,2.2922122478485107,2.1969056129455566,11.112500190734863,2.2922093868255615,2.5526905059814453,-11.112500190734863,1.887961506843567,2.5526905059814453,11.112500190734863,1.8879588842391968,2.8350396156311035,-11.112500190734863,1.4293981790542603,2.8350396156311035,11.112500190734863,1.4293955564498901,3.0358290672302246,-11.112500190734863,0.9297133684158325,3.0358290672302246,11.112500190734863,0.9297107458114624,3.1492834091186523,-11.112500190734863,0.4032827615737915,3.1492834091186523,11.112500190734863,0.4032801389694214,3.1721391677856445,-11.112500190734863,-0.13474951684474945,3.1721391677856445,11.112500190734863,-0.13475216925144196,3.1037378311157227,-11.112500190734863,-0.6689053773880005,3.1037378311157227,11.112500190734863,-0.6689079999923706,2.946047782897949,-11.112500190734863,-1.183817982673645,2.946047782897949,11.112500190734863,-1.1838206052780151,2.7036046981811523,-11.112500190734863,-1.6646742820739746,2.7036046981811523,11.112500190734863,-1.6646769046783447,2.3833842277526855,-11.112500190734863,-2.0976409912109375,2.3833842277526855,11.112500190734863,-2.0976438522338867,1.994598388671875,-11.112500190734863,-2.470262050628662,1.994598388671875,11.112500190734863,-2.4702649116516113,1.548431396484375,-11.112500190734863,-2.771818161010742,1.548431396484375,11.112500190734863,-2.7718210220336914,1.057718276977539,-11.112500190734863,-2.9936344623565674,1.057718276977539,11.112500190734863,-2.9936373233795166,0.5365772247314453,-11.112500190734863,-3.129328966140747,0.5365772247314453,11.112500190734863,-3.1293318271636963,-2.384185791015625e-07,-11.112500190734863,-3.1749985218048096,-2.384185791015625e-07,11.112500190734863,-3.175001382827759,-0.5365777015686035,-11.112500190734863,-3.129328966140747,-0.5365777015686035,11.112500190734863,-3.1293318271636963,-1.0577189922332764,-11.112500190734863,-2.9936344623565674,-1.0577189922332764,11.112500190734863,-2.9936373233795166,-1.548431634902954,-11.112500190734863,-2.771818161010742,-1.548431634902954,11.112500190734863,-2.7718210220336914,-1.994598627090454,-11.112500190734863,-2.470262050628662,-1.994598627090454,11.112500190734863,-2.4702649116516113,-2.3833847045898438,-11.112500190734863,-2.0976409912109375,-2.3833847045898438,11.112500190734863,-2.0976438522338867,-2.7036051750183105,-11.112500190734863,-1.6646742820739746,-2.7036051750183105,11.112500190734863,-1.6646769046783447,-2.946047782897949,-11.112500190734863,-1.183817982673645,-2.946047782897949,11.112500190734863,-1.1838206052780151,-3.1037380695343018,-11.112500190734863,-0.6689053773880005,-3.1037380695343018,11.112500190734863,-0.6689079999923706,-3.1721394062042236,-11.112500190734863,-0.13474951684474945,-3.1721394062042236,11.112500190734863,-0.13475216925144196,-3.1492841243743896,-11.112500190734863,0.4032827615737915,-3.1492841243743896,11.112500190734863,0.4032801389694214,-3.035829544067383,-11.112500190734863,0.9297133684158325,-3.035829544067383,11.112500190734863,0.9297107458114624,-2.8350396156311035,-11.112500190734863,1.4293981790542603,-2.8350396156311035,11.112500190734863,1.4293955564498901,-2.5526912212371826,-11.112500190734863,1.887961506843567,-2.5526912212371826,11.112500190734863,1.8879588842391968,-2.196906089782715,-11.112500190734863,2.2922122478485107,-2.196906089782715,11.112500190734863,2.2922093868255615,-1.777920126914978,-11.112500190734863,2.6305196285247803,-1.777920126914978,11.112500190734863,2.630516767501831,-1.3077867031097412,-11.112500190734863,2.8931519985198975,-1.3077867031097412,11.112500190734863,2.8931491374969482,-0.8000304698944092,-11.112500190734863,3.0725533962249756,-0.8000304698944092,11.112500190734863,3.0725505352020264,-0.269258975982666,11.112500190734863,3.163560628890991,-0.22858238220214844,11.112500190734863,1.333093523979187,-2.384185791015625e-07,11.112500190734863,1.3525489568710327,-1.2077269554138184,11.112500190734863,-0.6089245080947876,-1.087446689605713,11.112500190734863,-0.8042722940444946,-0.9358820915222168,11.112500190734863,-0.9764829874038696,-0.7573940753936768,11.112500190734863,-1.120602011680603,-0.557117223739624,11.112500190734863,-1.2324833869934082,-0.34081315994262695,11.112500190734863,-1.308908462524414,1.3513307571411133,11.112500190734863,0.05740271508693695,-1.151735782623291,11.112500190734863,0.7091504335403442,-1.255016565322876,11.112500190734863,0.5043057203292847,-1.3221925497055054,11.112500190734863,0.2849529981613159,-1.3513315916061401,11.112500190734863,0.05740271508693695,-0.4505884647369385,11.112500190734863,1.2752875089645386,-0.6596319675445557,11.112500190734863,1.1807941198349,-0.8496990203857422,11.112500190734863,1.0523308515548706,-1.015321969985962,11.112500190734863,0.8935941457748413,-1.34159517288208,11.112500190734863,-0.17179931700229645,-1.293263554573059,11.112500190734863,-0.39605891704559326,1.2077264785766602,11.112500190734863,-0.6089245080947876,1.0874462127685547,11.112500190734863,-0.8042722940444946,0.9358820915222168,11.112500190734863,-0.9764829874038696,0.7573938369750977,11.112500190734863,-1.120602011680603,0.5571167469024658,11.112500190734863,-1.2324833869934082,0.34081268310546875,11.112500190734863,-1.308908462524414,0.11470413208007812,11.112500190734863,-1.347678780555725,-0.11470437049865723,11.112500190734863,-1.347678780555725,1.3415946960449219,11.112500190734863,-0.17179931700229645,1.2932629585266113,11.112500190734863,-0.39605891704559326,0.22858190536499023,11.112500190734863,1.333093523979187,0.4505879878997803,11.112500190734863,1.2752875089645386,0.6596314907073975,11.112500190734863,1.1807941198349,0.849698543548584,11.112500190734863,1.0523308515548706,1.0153217315673828,11.112500190734863,0.8935941457748413,1.1517353057861328,11.112500190734863,0.7091504335403442,1.2550163269042969,11.112500190734863,0.5043057203292847,1.3221921920776367,11.112500190734863,0.2849529981613159,1.0153217315673828,-11.112500190734863,0.8935967683792114,1.1517353057861328,-11.112500190734863,0.7091530561447144,0.34081268310546875,-11.112500190734863,-1.308905839920044,1.2550163269042969,-11.112500190734863,0.5043083429336548,1.3221921920776367,-11.112500190734863,0.28495562076568604,1.3513307571411133,-11.112500190734863,0.057405367493629456,1.3415946960449219,-11.112500190734863,-0.17179666459560394,1.2932629585266113,-11.112500190734863,-0.39605629444122314,1.2077264785766602,-11.112500190734863,-0.6089218854904175,1.0874462127685547,-11.112500190734863,-0.8042696714401245,0.9358820915222168,-11.112500190734863,-0.9764803647994995,0.5571167469024658,-11.112500190734863,-1.232480764389038,0.7573938369750977,-11.112500190734863,-1.120599389076233,0.22858190536499023,-11.112500190734863,