{
    "materials": [{
        "depthWrite": true,
        "wireframe": false,
        "DbgIndex": 0,
        "depthTest": true,
        "DbgName": "Material",
        "colorSpecular": [0.45098042488098145,0.45098042488098145,0.45098042488098145],
        "blending": "NormalBlending",
        "colorAmbient": [0.800000011920929,0.800000011920929,0.800000011920929],
        "specularCoef": 100,
        "visible": true,
        "colorDiffuse": [0.800000011920929,0.800000011920929,0.800000011920929],
        "opacity": 0.0,
        "transparent": false,
        "colorEmissive": [0.0,0.0,0.0],
        "shading": "phong",
        "DbgColor": 15658734
    }],
    "faces": [3,9,10,8,7,0,3,59,60,58,57,0,3,61,62,60,59,0,3,1,73,72,71,0,3,5,6,4,3,0,3,65,66,64,63,0,3,37,38,36,35,0,3,2,0,73,1,0,3,31,32,30,29,0,3,45,46,44,43,0,3,71,72,70,69,0,3,53,54,52,51,0,3,67,68,66,65,0,3,69,70,68,67,0,3,51,52,50,49,0,3,15,16,14,13,0,3,17,18,16,15,0,3,55,56,54,53,0,3,13,14,12,11,0,3,47,48,46,45,0,3,57,58,56,55,0,3,27,28,26,25,0,3,0,2,3,4,0,3,39,40,38,37,0,3,7,8,6,5,0,3,35,36,34,33,0,3,63,64,62,61,0,3,23,24,22,21,0,3,49,50,48,47,0,3,11,12,10,9,0,3,25,26,24,23,0,2,85,81,84,0,2,79,80,81,0,2,77,78,79,0,2,88,89,77,0,2,82,83,88,0,2,102,103,82,0,2,86,87,102,0,2,101,93,86,0,2,99,100,101,0,2,97,98,99,0,2,95,96,97,0,2,75,94,95,0,2,110,74,75,0,2,105,109,110,0,2,90,104,105,0,2,107,108,90,0,2,92,106,107,0,2,76,91,92,0,2,85,76,81,0,2,77,79,81,0,2,82,88,77,0,2,86,102,82,0,2,99,101,86,0,2,95,97,99,0,2,110,75,95,0,2,90,105,110,0,2,92,107,90,0,2,76,92,81,0,2,82,77,81,0,2,99,86,82,0,2,110,95,99,0,2,92,90,110,0,2,92,82,81,0,2,110,99,82,0,2,92,110,82,0,3,33,34,32,31,0,3,29,30,28,27,0,3,19,20,18,17,0,2,32,28,30,0,2,24,26,28,0,2,20,22,24,0,2,16,18,20,0,2,12,14,16,0,2,8,10,12,0,2,4,6,8,0,2,73,0,4,0,2,70,72,73,0,2,66,68,70,0,2,62,64,66,0,2,58,60,62,0,2,54,56,58,0,2,50,52,54,0,2,46,48,50,0,2,42,44,46,0,2,38,40,42,0,2,34,36,38,0,2,32,34,28,0,2,20,24,28,0,2,12,16,20,0,2,4,8,12,0,2,70,73,4,0,2,62,66,70,0,2,54,58,62,0,2,46,50,54,0,2,38,42,46,0,2,34,38,28,0,2,12,20,28,0,2,70,4,12,0,2,54,62,70,0,2,38,46,54,0,2,38,12,28,0,2,54,70,12,0,2,38,54,12,0,3,41,42,40,39,0,3,21,22,20,19,0,3,43,44,42,41,0],
    "uvs": [],
    "name": "ROB-12141Geometry",
    "vertices": [0.4038872718811035,152.40000915527344,4.745324611663818,-0.4038887023925781,-152.40000915527344,4.745360851287842,0.4038872718811035,-152.40000915527344,4.745360851287842,1.2000446319580078,-152.40000915527344,4.608846187591553,1.2000446319580078,152.40000915527344,4.608809947967529,1.9616789817810059,-152.40000915527344,4.339743137359619,1.9616789817810059,152.40000915527344,4.339706897735596,2.666879177093506,-152.40000915527344,3.9457955360412598,2.666879177093506,152.40000915527344,3.9457592964172363,3.2953577041625977,-152.40000915527344,3.4383339881896973,3.2953577041625977,152.40000915527344,3.438297748565674,3.829035758972168,-152.40000915527344,2.831958293914795,3.829035758972168,152.40000915527344,2.8319220542907715,4.252558708190918,-152.40000915527344,2.144113063812256,4.252558708190918,152.40000915527344,2.1440768241882324,4.553743362426758,-152.40000915527344,1.3945865631103516,4.553743362426758,152.40000915527344,1.3945503234863281,4.72392463684082,-152.40000915527344,0.6049404740333557,4.72392463684082,152.40000915527344,0.6049041152000427,4.758209228515625,-152.40000915527344,-0.20210833847522736,4.758209228515625,152.40000915527344,-0.20214466750621796,4.655607223510742,-152.40000915527344,-1.0033419132232666,4.655607223510742,152.40000915527344,-1.00337815284729,4.419071197509766,-152.40000915527344,-1.7757110595703125,4.419071197509766,152.40000915527344,-1.775747299194336,4.05540657043457,-152.40000915527344,-2.496995449066162,4.05540657043457,152.40000915527344,-2.4970316886901855,3.575076103210449,-152.40000915527344,-3.1464452743530273,3.575076103210449,152.40000915527344,-3.146481513977051,2.991896629333496,-152.40000915527344,-3.7053775787353516,2.991896629333496,152.40000915527344,-3.705413818359375,2.3226466178894043,-152.40000915527344,-4.157711982727051,2.3226466178894043,152.40000915527344,-4.157748222351074,1.5865774154663086,-152.40000915527344,-4.49043607711792,1.5865774154663086,152.40000915527344,-4.490472316741943,0.8048653602600098,-152.40000915527344,-4.6939778327941895,0.8048653602600098,152.40000915527344,-4.694014072418213,-4.76837158203125e-07,-152.40000915527344,-4.762482166290283,-4.76837158203125e-07,152.40000915527344,-4.762518405914307,-0.8048667907714844,-152.40000915527344,-4.6939778327941895,-0.8048667907714844,152.40000915527344,-4.694014072418213,-1.5865790843963623,-152.40000915527344,-4.49043607711792,-1.5865790843963623,152.40000915527344,-4.490472316741943,-2.322648048400879,-152.40000915527344,-4.157711982727051,-2.322648048400879,152.40000915527344,-4.157748222351074,-2.991898536682129,-152.40000915527344,-3.7053775787353516,-2.991898536682129,152.40000915527344,-3.705413818359375,-3.575077533721924,-152.40000915527344,-3.1464452743530273,-3.575077533721924,152.40000915527344,-3.146481513977051,-4.055408000946045,-152.40000915527344,-2.496995449066162,-4.055408000946045,152.40000915527344,-2.4970316886901855,-4.419072151184082,-152.40000915527344,-1.7757110595703125,-4.419072151184082,152.40000915527344,-1.775747299194336,-4.6556077003479,-152.40000915527344,-1.0033419132232666,-4.6556077003479,152.40000915527344,-1.00337815284729,-4.758209705352783,-152.40000915527344,-0.20210833847522736,-4.758209705352783,152.40000915527344,-0.20214466750621796,-4.723926544189453,-152.40000915527344,0.6049404740333557,-4.723926544189453,152.40000915527344,0.6049041152000427,-4.553744792938232,-152.40000915527344,1.3945865631103516,-4.553744792938232,152.40000915527344,1.3945503234863281,-4.252560138702393,-152.40000915527344,2.144113063812256,-4.252560138702393,152.40000915527344,2.1440768241882324,-3.8290371894836426,-152.40000915527344,2.831958293914795,-3.8290371894836426,152.40000915527344,2.8319220542907715,-3.2953596115112305,-152.40000915527344,3.4383339881896973,-3.2953596115112305,152.40000915527344,3.438297748565674,-2.6668806076049805,-152.40000915527344,3.9457955360412598,-2.6668806076049805,152.40000915527344,3.9457592964172363,-1.9616804122924805,-152.40000915527344,4.339743137359619,-1.9616804122924805,152.40000915527344,4.339706897735596,-1.2000460624694824,-152.40000915527344,4.608846187591553,-1.2000460624694824,152.40000915527344,4.608809947967529,-0.4038887023925781,152.40000915527344,4.745324611663818,-0.8048667907714844,-152.40000915527344,-4.6939778327941895,-4.76837158203125e-07,-152.40000915527344,-4.762482166290283,-4.252560138702393,-152.40000915527344,2.144113063812256,0.4038872718811035,-152.40000915527344,4.745360851287842,-0.4038887023925781,-152.40000915527344,4.745360851287842,-1.2000460624694824,-152.40000915527344,4.608846187591553,-1.9616804122924805,-152.40000915527344,4.339743137359619,-2.6668806076049805,-152.40000915527344,3.9457955360412598,3.2953577041625977,-152.40000915527344,3.4383339881896973,2.666879177093506,-152.40000915527344,3.9457955360412598,-3.2953596115112305,-152.40000915527344,3.4383339881896973,-3.8290371894836426,-152.40000915527344,2.831958293914795,4.72392463684082,-152.40000915527344,0.6049404740333557,4.553743362426758,-152.40000915527344,1.3945865631103516,1.9616789817810059,-152.40000915527344,4.339743137359619,1.2000446319580078,-152.40000915527344,4.608846187591553,-4.055408000946045,-152.40000915527344,-2.496995449066162,-4.553744792938232,-152.40000915527344,1.3945865631103516,-4.723926544189453,-152.40000915527344,0.6049404740333557,4.758209228515625,-152.40000915527344,-0.20210833847522736,0.8048653602600098,-152.40000915527344,-4.6939778327941895,1.5865774154663086,-152.40000915527344,-4.49043607711792,2.3226466178894043,-152.40000915527344,-4.157711982727051,2.991896629333496,-152.40000915527344,-3.7053775787353516,3.575076103210449,-152.40000915527344,-3.1464452743530273,4.05540657043457,-152.40000915527344,