{
    "uvs": [],
    "faces": [3,31,32,30,29,0,3,51,52,50,49,0,3,35,36,34,33,0,3,21,22,20,19,0,2,80,90,79,0,2,88,89,90,0,2,74,77,88,0,2,103,84,74,0,2,95,102,103,0,2,87,94,95,0,2,97,101,87,0,2,98,96,97,0,2,100,99,98,0,2,85,86,100,0,2,82,83,85,0,2,75,76,82,0,2,81,78,75,0,2,110,109,81,0,2,107,108,110,0,2,105,106,107,0,2,93,104,105,0,2,91,92,93,0,2,80,91,90,0,2,74,88,90,0,2,95,103,74,0,2,97,87,95,0,2,100,98,97,0,2,82,85,100,0,2,81,75,82,0,2,107,110,81,0,2,93,105,107,0,2,91,93,90,0,2,95,74,90,0,2,100,97,95,0,2,81,82,100,0,2,93,107,81,0,2,93,95,90,0,2,81,100,95,0,2,93,81,95,0,3,0,2,3,4,0,3,27,28,26,25,0,3,1,73,72,71,0,3,11,12,10,9,0,3,59,60,58,57,0,3,63,64,62,61,0,3,25,26,24,23,0,3,5,6,4,3,0,3,9,10,8,7,0,3,0,73,1,2,0,3,41,42,40,39,0,3,13,14,12,11,0,3,55,56,54,53,0,3,17,18,16,15,0,3,39,40,38,37,0,3,61,62,60,59,0,3,49,50,48,47,0,3,53,54,52,51,0,2,24,20,22,0,2,16,18,20,0,2,12,14,16,0,2,8,10,12,0,2,4,6,8,0,2,73,0,4,0,2,70,72,73,0,2,66,68,70,0,2,62,64,66,0,2,58,60,62,0,2,54,56,58,0,2,50,52,54,0,2,46,48,50,0,2,42,44,46,0,2,38,40,42,0,2,34,36,38,0,2,30,32,34,0,2,26,28,30,0,2,24,26,20,0,2,12,16,20,0,2,4,8,12,0,2,70,73,4,0,2,62,66,70,0,2,54,58,62,0,2,46,50,54,0,2,38,42,46,0,2,30,34,38,0,2,26,30,20,0,2,4,12,20,0,2,62,70,4,0,2,46,54,62,0,2,30,38,46,0,2,30,4,20,0,2,46,62,4,0,2,30,46,4,0,3,57,58,56,55,0,3,15,16,14,13,0,3,65,66,64,63,0,3,19,20,18,17,0,3,7,8,6,5,0,3,23,24,22,21,0,3,37,38,36,35,0,3,43,44,42,41,0,3,29,30,28,27,0,3,71,72,70,69,0,3,69,70,68,67,0,3,67,68,66,65,0,3,45,46,44,43,0,3,33,34,32,31,0,3,47,48,46,45,0],
    "materials": [{
        "colorSpecular": [0.45098042488098145,0.45098042488098145,0.45098042488098145],
        "transparent": false,
        "specularCoef": 100,
        "DbgIndex": 0,
        "DbgName": "Material",
        "depthWrite": true,
        "colorAmbient": [0.800000011920929,0.800000011920929,0.800000011920929],
        "depthTest": true,
        "opacity": 0.0,
        "shading": "phong",
        "wireframe": false,
        "visible": true,
        "blending": "NormalBlending",
        "colorDiffuse": [0.800000011920929,0.800000011920929,0.800000011920929],
        "colorEmissive": [0.0,0.0,0.0],
        "DbgColor": 15658734
    }],
    "vertices": [0.2692587375640869,152.40000915527344,3.163543939590454,-0.269258975982666,-152.40000915527344,3.1635801792144775,0.2692587375640869,-152.40000915527344,3.1635801792144775,0.8000302314758301,-152.40000915527344,3.0725700855255127,0.8000302314758301,152.40000915527344,3.0725338459014893,1.307785987854004,-152.40000915527344,2.8931686878204346,1.307785987854004,152.40000915527344,2.893132448196411,1.7779192924499512,-152.40000915527344,2.6305363178253174,1.7779192924499512,152.40000915527344,2.630500078201294,2.1969056129455566,-152.40000915527344,2.292228937149048,2.1969056129455566,152.40000915527344,2.2921926975250244,2.5526905059814453,-152.40000915527344,1.8879783153533936,2.5526905059814453,152.40000915527344,1.8879420757293701,2.8350396156311035,-152.40000915527344,1.429414987564087,2.8350396156311035,152.40000915527344,1.4293787479400635,3.0358290672302246,-152.40000915527344,0.929730236530304,3.0358290672302246,152.40000915527344,0.929693877696991,3.1492834091186523,-152.40000915527344,0.40329962968826294,3.1492834091186523,152.40000915527344,0.40326327085494995,3.1721391677856445,-152.40000915527344,-0.1347326785326004,3.1721391677856445,152.40000915527344,-0.134769007563591,3.1037378311157227,-152.40000915527344,-0.668888509273529,3.1037378311157227,152.40000915527344,-0.668924868106842,2.946047782897949,-152.40000915527344,-1.1838011741638184,2.946047782897949,152.40000915527344,-1.1838374137878418,2.7036046981811523,-152.40000915527344,-1.664657473564148,2.7036046981811523,152.40000915527344,-1.6646937131881714,2.3833842277526855,-152.40000915527344,-2.0976243019104004,2.3833842277526855,152.40000915527344,-2.097660541534424,1.994598388671875,-152.40000915527344,-2.470245361328125,1.994598388671875,152.40000915527344,-2.4702816009521484,1.548431396484375,-152.40000915527344,-2.771801471710205,1.548431396484375,152.40000915527344,-2.7718377113342285,1.057718276977539,-152.40000915527344,-2.9936177730560303,1.057718276977539,152.40000915527344,-2.9936540126800537,0.5365772247314453,-152.40000915527344,-3.12931227684021,0.5365772247314453,152.40000915527344,-3.1293485164642334,-2.384185791015625e-07,-152.40000915527344,-3.1749818325042725,-2.384185791015625e-07,152.40000915527344,-3.175018072128296,-0.5365777015686035,-152.40000915527344,-3.12931227684021,-0.5365777015686035,152.40000915527344,-3.1293485164642334,-1.0577189922332764,-152.40000915527344,-2.9936177730560303,-1.0577189922332764,152.40000915527344,-2.9936540126800537,-1.548431634902954,-152.40000915527344,-2.771801471710205,-1.548431634902954,152.40000915527344,-2.7718377113342285,-1.994598627090454,-152.40000915527344,-2.470245361328125,-1.994598627090454,152.40000915527344,-2.4702816009521484,-2.3833847045898438,-152.40000915527344,-2.0976243019104004,-2.3833847045898438,152.40000915527344,-2.097660541534424,-2.7036051750183105,-152.40000915527344,-1.664657473564148,-2.7036051750183105,152.40000915527344,-1.6646937131881714,-2.946047782897949,-152.40000915527344,-1.1838011741638184,-2.946047782897949,152.40000915527344,-1.1838374137878418,-3.1037380695343018,-152.40000915527344,-0.668888509273529,-3.1037380695343018,152.40000915527344,-0.668924868106842,-3.1721394062042236,-152.40000915527344,-0.1347326785326004,-3.1721394062042236,152.40000915527344,-0.134769007563591,-3.1492841243743896,-152.40000915527344,0.40329962968826294,-3.1492841243743896,152.40000915527344,0.40326327085494995,-3.035829544067383,-152.40000915527344,0.929730236530304,-3.035829544067383,152.40000915527344,0.929693877696991,-2.8350396156311035,-152.40000915527344,1.429414987564087,-2.8350396156311035,152.40000915527344,1.4293787479400635,-2.5526912212371826,-152.40000915527344,1.8879783153533936,-2.5526912212371826,152.40000915527344,1.8879420757293701,-2.196906089782715,-152.40000915527344,2.292228937149048,-2.196906089782715,152.40000915527344,2.2921926975250244,-1.777920126914978,-152.40000915527344,2.6305363178253174,-1.777920126914978,152.40000915527344,2.630500078201294,-1.3077867031097412,-152.40000915527344,2.8931686878204346,-1.3077867031097412,152.40000915527344,2.893132448196411,-0.8000304698944092,-152.40000915527344,3.0725700855255127,-0.8000304698944092,152.40000915527344,3.0725338459014893,-0.269258975982666,152.40000915527344,3.163543939590454,-2.384185791015625e-07,-152.40000915527344,-3.1749818325042725,-0.269258975982666,-152.40000915527344,3.1635801792144775,-0.8000304698944092,-152.40000915527344,3.0725700855255127,0.5365772247314453,-152.40000915527344,-3.12931227684021,0.2692587375640869,-152.40000915527344,3.1635801792144775,2.3833842277526855,-152.40000915527344,-2.0976243019104004,2.7036046981811523,-152.40000915527344,-1.664657473564148,0.8000302314758301,-152.40000915527344,3.0725700855255127,-1.3077867031097412,-152.40000915527344,2.8931686878204346,-1.777920126914978,-152.40000915527344,2.6305363178253174,-0.5365777015686035,-152.40000915527344,-3.12931227684021,-2.196906089782715,-152.40000915527344,2.292228937149048,-2.5526912212371826,-152.40000915527344,1.8879783153533936,-2.7036051750183105,-152.40000915527344,-1.664657473564148,1.057718276977539,-152.40000915527344,-2.9936177730560303,1.548431396484375,-152.40000915527344,-2.771801471710205,1.994598388671875,-152.40000915527344,-2.470245361328125,2.946047782897949,-152.40000915527344,-1.1838011741638184,3.1037378311157227,-152.40000915527344,-0.668888509273529,3.1721391677856445,-152.40000915527344,-0.1347326785326004,-2.3833847045898438,-152.40000915527344,-2.0976243019104004,-1.994598627090454,-152.40000915527344,-2.470245361328125,-3.1721394062042236,-152.40000915527344,-0.1347326785326004,-3.1037380695343018,-152.40000915527344,-0.668888509273529,-3.1492841243743896,-152.40000915527344,0.40329962968826294,-3.035829544067383,