{
    "name": "ROB-12117Geometry",
    "materials": [{
        "transparent": false,
        "specularCoef": 100,
        "depthTest": true,
        "DbgIndex": 0,
        "blending": "NormalBlending",
        "wireframe": false,
        "colorSpecular": [0.45098042488098145,0.45098042488098145,0.45098042488098145],
        "colorDiffuse": [0.800000011920929,0.800000011920929,0.800000011920929],
        "visible": true,
        "colorEmissive": [0.0,0.0,0.0],
        "DbgName": "Material",
        "DbgColor": 15658734,
        "depthWrite": true,
        "colorAmbient": [0.800000011920929,0.800000011920929,0.800000011920929],
        "shading": "phong",
        "opacity": 0.0
    }],
    "faces": [3,192,34,36,191,0,3,173,15,13,172,0,3,169,7,5,168,0,3,197,24,26,196,0,3,201,16,18,200,0,3,186,41,39,185,0,3,44,187,188,42,0,3,155,53,51,154,0,3,177,23,21,176,0,3,214,64,66,213,0,3,167,3,1,166,0,3,222,48,50,221,0,3,164,71,69,163,0,3,202,14,16,201,0,3,170,9,7,169,0,3,221,50,52,220,0,3,213,66,68,212,0,3,156,55,53,155,0,3,154,51,49,153,0,2,11,12,10,0,2,54,52,53,0,2,11,10,8,0,2,56,54,53,0,2,11,8,6,0,2,58,56,53,0,2,11,6,4,0,2,58,53,55,0,2,9,11,4,0,2,58,55,60,0,2,9,4,2,0,2,55,57,60,0,2,7,9,2,0,2,57,62,60,0,2,7,2,0,0,2,57,59,62,0,2,5,7,0,0,2,59,64,62,0,2,5,0,72,0,2,59,61,64,0,2,3,5,72,0,2,61,66,64,0,2,3,72,70,0,2,61,63,66,0,2,1,3,70,0,2,63,68,66,0,2,1,70,68,0,2,71,73,1,0,2,67,69,71,0,2,63,65,67,0,2,71,1,68,0,2,63,67,68,0,2,67,71,68,0,3,172,13,11,171,0,3,174,17,15,173,0,3,179,27,25,178,0,2,123,119,121,0,2,122,120,119,0,2,75,74,148,0,2,124,122,119,0,2,75,148,146,0,2,123,124,119,0,2,75,146,144,0,2,123,126,124,0,2,149,75,144,0,2,123,128,126,0,2,149,144,142,0,2,123,125,128,0,2,147,149,142,0,2,125,130,128,0,2,147,142,140,0,2,125,127,130,0,2,145,147,140,0,2,127,132,130,0,2,145,140,138,0,2,127,129,132,0,2,143,145,138,0,2,129,134,132,0,2,143,138,136,0,2,129,131,134,0,2,141,143,136,0,2,131,136,134,0,2,131,133,135,0,2,135,137,139,0,2,139,141,136,0,2,131,135,136,0,2,135,139,136,0,3,180,29,27,179,0,3,218,56,58,217,0,3,160,63,61,159,0,3,152,47,45,151,0,3,166,1,73,165,0,3,191,36,38,190,0,3,165,73,71,164,0,3,196,26,28,195,0,3,185,39,37,184,0,2,53,52,50,0,2,14,12,11,0,2,53,50,48,0,2,16,14,11,0,2,46,53,48,0,2,16,11,13,0,2,46,51,53,0,2,18,16,13,0,2,46,44,51,0,2,18,13,15,0,2,44,49,51,0,2,20,18,15,0,2,44,42,49,0,2,20,15,17,0,2,42,47,49,0,2,22,20,17,0,2,42,40,47,0,2,22,17,19,0,2,40,45,47,0,2,24,22,19,0,2,40,38,45,0,2,24,19,21,0,2,38,43,45,0,2,26,24,21,0,2,38,36,43,0,2,26,21,23,0,2,36,41,43,0,2,28,26,23,0,2,36,34,41,0,2,28,23,25,0,2,34,39,41,0,2,30,28,25,0,2,34,32,39,0,2,30,25,27,0,2,32,37,39,0,2,32,30,27,0,2,27,29,31,0,2,31,33,35,0,2,32,35,37,0,2,32,27,31,0,2,32,31,35,0,3,212,68,70,211,0,3,43,150,151,45,0,3,168,5,3,167,0,3,199,20,22,198,0,3,181,31,29,180,0,3,215,62,64,214,0,3,190,38,40,189,0,3,176,21,19,175,0,3,187,44,46,223,0,3,183,35,33,182,0,3,200,18,20,199,0,3,198,22,24,197,0,3,0,209,210,72,0,3,184,37,35,183,0,3,162,67,65,161,0,3,216,60,62,215,0,3,195,28,30,194,0,3,161,65,63,160,0,3,182,33,31,181,0,3,207,4,6,206,0,3,150,43,41,186,0,3,204,10,12,203,0,3,208,2,4,207,0,3,171,11,9,170,0,3,194,30,32,193,0,3,223,46,48,222,0,3,211,70,72,210,0,3,158,59,57,157,0,2,103,99,101,0,2,95,97,99,0,2,91,93,95,0,2,87,89,91,0,2,83,85,87,0,2,79,81,83,0,2,75,77,79,0,2,76,74,75,0,2,119,120,118,0,2,78,76,75,0,2,119,118,116,0,2,80,78,75,0,2,119,116,114,0,2,80,75,79,0,2,119,114,112,0,2,82,80,79,0,2,117,119,112,0,2,84,82,79,0,2,117,112,110,0,2,84,79,83,0,2,115,117,110,0,2,86,84,83,0,2,115,110,108,0,2,88,86,83,0,2,113,115,108,0,2,88,83,87,0,2,113,108,106,0,2,90,88,87,0,2,111,113,106,0,2,92,90,87,0,2,111,106,104,0,2,92,87,91,0,2,109,111,104,0,2,94,92,91,0,2,109,104,102,0,2,96,94,91,0,2,107,109,102,0,2,96,91,95,0,2,107,102,100,0,2,98,96,95,0,2,105,107,100,0,2,100,98,95,0,2,103,95,99,0,2,103,105,100,0,2,103,100,95,0,3,175,19,17,174,0,3,220,52,54,219,0,3,205,8,10,204,0,3,209,0,2,208,0,3,189,40,42,188,0,3,203,12,14,202,0,3,153,49,47,152,0,3,219,54,56,218,0,3,206,6,8,205,0,3,193,32,34,192,0,3,178,25,23,177,0,3,163,69,67,162,0,3,159,61,59,158,0,3,157,57,55,156,0,3,217,58,60,216,0],
    "uvs": [],