{
    "metadata": {
        "uvs": 0,
        "version": 3,
        "materials": 1,
        "generator": "io_three",
        "type": "Geometry",
        "faces": 107,
        "vertices": 74
    },
    "name": "ROB-12257Geometry",
    "materials": [{
        "shading": "phong",
        "depthTest": true,
        "colorSpecular": [0.45098042488098145,0.45098042488098145,0.45098042488098145],
        "colorDiffuse": [0.800000011920929,0.800000011920929,0.800000011920929],
        "transparent": false,
        "colorEmissive": [0.0,0.0,0.0],
        "DbgIndex": 0,
        "opacity": 0.0,
        "DbgName": "Material",
        "wireframe": false,
        "blending": "NormalBlending",
        "colorAmbient": [0.800000011920929,0.800000011920929,0.800000011920929],
        "depthWrite": true,
        "specularCoef": 100,
        "DbgColor": 15658734,
        "visible": true
    }],
    "uvs": [],
    "vertices": [0.33657336235046387,50.79999923706055,3.954446315765381,-0.33657360076904297,-50.79999923706055,3.954458236694336,0.33657336235046387,-50.79999923706055,3.954458236694336,1.0000379085540771,-50.79999923706055,3.840696334838867,1.0000379085540771,50.79999923706055,3.840684413909912,1.6347324848175049,-50.79999923706055,3.6164441108703613,1.6347324848175049,50.79999923706055,3.6164321899414062,2.222399950027466,-50.79999923706055,3.288153648376465,2.222399950027466,50.79999923706055,3.2881417274475098,2.7461321353912354,-50.79999923706055,2.865269184112549,2.7461321353912354,50.79999923706055,2.8652572631835938,3.190863847732544,-50.79999923706055,2.3599562644958496,3.190863847732544,50.79999923706055,2.3599443435668945,3.543799638748169,-50.79999923706055,1.7867518663406372,3.543799638748169,50.79999923706055,1.786739706993103,3.794786214828491,-50.79999923706055,1.1621466875076294,3.794786214828491,50.79999923706055,1.1621345281600952,3.9366042613983154,-50.79999923706055,0.5041080713272095,3.9366042613983154,50.79999923706055,0.5040959119796753,3.9651739597320557,-50.79999923706055,-0.16843262314796448,3.9651739597320557,50.79999923706055,-0.16844472289085388,3.8796727657318115,-50.79999923706055,-0.8361276388168335,3.8796727657318115,50.79999923706055,-0.8361397981643677,3.6825592517852783,-50.79999923706055,-1.4797683954238892,3.6825592517852783,50.79999923706055,-1.4797805547714233,3.3795058727264404,-50.79999923706055,-2.080838680267334,3.3795058727264404,50.79999923706055,-2.080850601196289,2.9792306423187256,-50.79999923706055,-2.622046947479248,2.9792306423187256,50.79999923706055,-2.622058868408203,2.493248224258423,-50.79999923706055,-3.0878236293792725,2.493248224258423,50.79999923706055,-3.0878355503082275,1.9355390071868896,-50.79999923706055,-3.464768886566162,1.9355390071868896,50.79999923706055,-3.464780807495117,1.322148084640503,-50.79999923706055,-3.7420389652252197,1.322148084640503,50.79999923706055,-3.742050886154175,0.6707217693328857,-50.79999923706055,-3.9116575717926025,0.6707217693328857,50.79999923706055,-3.9116694927215576,0.0,-50.79999923706055,-3.9687442779541016,0.0,50.79999923706055,-3.9687561988830566,-0.6707220077514648,-50.79999923706055,-3.9116575717926025,-0.6707220077514648,50.79999923706055,-3.9116694927215576,-1.3221487998962402,-50.79999923706055,-3.7420389652252197,-1.3221487998962402,50.79999923706055,-3.742050886154175,-1.9355394840240479,-50.79999923706055,-3.464768886566162,-1.9355394840240479,50.79999923706055,-3.464780807495117,-2.493248224258423,-50.79999923706055,-3.0878236293792725,-2.493248224258423,50.79999923706055,-3.0878355503082275,-2.9792306423187256,-50.79999923706055,-2.622046947479248,-2.9792306423187256,50.79999923706055,-2.622058868408203,-3.3795063495635986,-50.79999923706055,-2.080838680267334,-3.3795063495635986,50.79999923706055,-2.080850601196289,-3.6825597286224365,-50.79999923706055,-1.4797683954238892,-3.6825597286224365,50.79999923706055,-1.4797805547714233,-3.8796725273132324,-50.79999923706055,-0.8361276388168335,-3.8796725273132324,50.79999923706055,-0.8361397981643677,-3.9651739597320557,-50.79999923706055,-0.16843262314796448,-3.9651739597320557,50.79999923706055,-0.16844472289085388,-3.936605215072632,-50.79999923706055,0.5041080713272095,-3.936605215072632,50.79999923706055,0.5040959119796753,-3.7947869300842285,-50.79999923706055,1.1621466875076294,-3.7947869300842285,50.79999923706055,1.1621345281600952,-3.543799638748169,-50.79999923706055,1.7867518663406372,-3.543799638748169,50.79999923706055,1.786739706993103,-3.190863609313965,-50.79999923706055,2.3599562644958496,-3.190863609313965,50.79999923706055,2.3599443435668945,-2.7461323738098145,-50.79999923706055,2.865269184112549,-2.7461323738098145,50.79999923706055,2.8652572631835938,-2.222400188446045,-50.79999923706055,3.288153648376465,-2.222400188446045,50.79999923706055,3.2881417274475098,-1.6347332000732422,-50.79999923706055,3.6164441108703613,-1.6347332000732422,50.79999923706055,3.6164321899414062,-1.0000379085540771,-50.79999923706055,3.840696334838867,-1.0000379085540771,50.79999923706055,3.840684413909912,-0.33657360076904297,50.79999923706055,3.954446315765381],
    "faces": [3,15,16,14,13,0,3,23,24,22,21,0,3,25,26,24,23,0,3,43,44,42,41,0,3,39,40,38,37,0,3,11,12,10,9,0,3,29,30,28,27,0,3,1,73,72,71,0,3,19,20,18,17,0,3,65,66,64,63,0,3,13,14,12,11,0,3,45,46,44,43,0,3,0,2,3,4,0,3,53,54,52,51,0,3,17,18,16,15,0,3,9,10,8,7,0,3,47,48,46,45,0,3,55,56,54,53,0,3,59,60,58,57,0,3,2,0,73,1,0,3,71,72,70,69,0,3,57,58,56,55,0,3,49,50,48,47,0,3,51,52,50,49,0,3,7,8,6,5,0,3,27,28,26,25,0,3,63,64,62,61,0,3,37,38,36,35,0,3,61,62,60,59,0,3,41,42,40,39,0,3,5,6,4,3,0,2,68,64,66,0,2,60,62,64,0,2,56,58,60,0,2,52,54,56,0,2,48,50,52,0,2,44,46,48,0,2,40,42,44,0,2,36,38,40,0,2,32,34,36,0,2,28,30,32,0,2,24,26,28,0,2,20,22,24,0,2,16,18,20,0,2,12,14,16,0,2,8,10,12,0,2,4,6,8,0,2,73,0,4,0,2,70,72,73,0,2,68,70,64,0,2,56,60,64,0,2,48,52,56,0,2,40,44,48,0,2,32,36,40,0,2,24,28,32,0,2,16,20,24,0,2,8,12,16,0,2,73,4,8,0,2,70,73,64,0,2,48,56,64,0,2,32,40,48,0,2,16,24,32,0,2,73,8,16,0,2,73,48,64,0,2,16,32,48,0,2,73,16,48,0,3,21,22,20,19,0,2,43,47,45,0,2,51,49,47,0,2,55,53,51,0,2,59,57,55,0,2,63,61,59,0,2,67,65,63,0,2,71,69,67,0,2,2,1,71,0,2,5,3,2,0,2,9,7,5,0,2,13,11,9,0,2,17,15,13,0,2,21,19,17,0,2,25,23,21,0,2,29,27,25,0,2,33,31,29,0,2,37,35,33,0,2,41,39,37,0,2,43,41,47,0,2,55,51,47,0,2,63,59,55,0,2,71,67,63,0,2,5,2,71,0,2,13,9,5,0,2,21,17,13,0,2,29,25,21,0,2,37,33,29,0,2,41,37,47,0,2,63,55,47,0,2,5,71,63,0,2,21,13,5,0,2,37,29,21,0,2,37,63,47,0,2,21,5,63,0,2,37,21,63,0,3,33,34,32,31,0,3,31,32,30,29,0,3,67,68,66,65,0,3,35,36,34,33,0,3,69,70,68,67,0]
}