{
    "name": "ROB-12242Geometry",
    "faces": [3,9,10,8,7,0,3,59,60,58,57,0,3,61,62,60,59,0,3,1,73,72,71,0,3,5,6,4,3,0,3,65,66,64,63,0,3,37,38,36,35,0,3,2,0,73,1,0,3,31,32,30,29,0,3,45,46,44,43,0,3,71,72,70,69,0,3,53,54,52,51,0,3,67,68,66,65,0,3,69,70,68,67,0,3,51,52,50,49,0,3,15,16,14,13,0,3,17,18,16,15,0,3,55,56,54,53,0,3,13,14,12,11,0,3,47,48,46,45,0,3,57,58,56,55,0,3,27,28,26,25,0,3,0,2,3,4,0,3,39,40,38,37,0,3,7,8,6,5,0,3,35,36,34,33,0,3,63,64,62,61,0,3,23,24,22,21,0,3,49,50,48,47,0,3,11,12,10,9,0,3,25,26,24,23,0,2,85,81,84,0,2,79,80,81,0,2,77,78,79,0,2,88,89,77,0,2,82,83,88,0,2,102,103,82,0,2,86,87,102,0,2,101,93,86,0,2,99,100,101,0,2,97,98,99,0,2,95,96,97,0,2,75,94,95,0,2,110,74,75,0,2,105,109,110,0,2,90,104,105,0,2,107,108,90,0,2,92,106,107,0,2,76,91,92,0,2,85,76,81,0,2,77,79,81,0,2,82,88,77,0,2,86,102,82,0,2,99,101,86,0,2,95,97,99,0,2,110,75,95,0,2,90,105,110,0,2,92,107,90,0,2,76,92,81,0,2,82,77,81,0,2,99,86,82,0,2,110,95,99,0,2,92,90,110,0,2,92,82,81,0,2,110,99,82,0,2,92,110,82,0,3,33,34,32,31,0,3,29,30,28,27,0,3,19,20,18,17,0,2,32,28,30,0,2,24,26,28,0,2,20,22,24,0,2,16,18,20,0,2,12,14,16,0,2,8,10,12,0,2,4,6,8,0,2,73,0,4,0,2,70,72,73,0,2,66,68,70,0,2,62,64,66,0,2,58,60,62,0,2,54,56,58,0,2,50,52,54,0,2,46,48,50,0,2,42,44,46,0,2,38,40,42,0,2,34,36,38,0,2,32,34,28,0,2,20,24,28,0,2,12,16,20,0,2,4,8,12,0,2,70,73,4,0,2,62,66,70,0,2,54,58,62,0,2,46,50,54,0,2,38,42,46,0,2,34,38,28,0,2,12,20,28,0,2,70,4,12,0,2,54,62,70,0,2,38,46,54,0,2,38,12,28,0,2,54,70,12,0,2,38,54,12,0,3,41,42,40,39,0,3,21,22,20,19,0,3,43,44,42,41,0],
    "uvs": [],
    "vertices": [0.4038872718811035,76.20000457763672,4.745333671569824,-0.4038887023925781,-76.20000457763672,4.745351791381836,0.4038872718811035,-76.20000457763672,4.745351791381836,1.2000446319580078,-76.20000457763672,4.608837127685547,1.2000446319580078,76.20000457763672,4.608819007873535,1.9616789817810059,-76.20000457763672,4.339734077453613,1.9616789817810059,76.20000457763672,4.339715957641602,2.666879177093506,-76.20000457763672,3.945786476135254,2.666879177093506,76.20000457763672,3.945768356323242,3.2953577041625977,-76.20000457763672,3.4383249282836914,3.2953577041625977,76.20000457763672,3.4383068084716797,3.829035758972168,-76.20000457763672,2.831949234008789,3.829035758972168,76.20000457763672,2.8319311141967773,4.252558708190918,-76.20000457763672,2.14410400390625,4.252558708190918,76.20000457763672,2.1440858840942383,4.553743362426758,-76.20000457763672,1.3945775032043457,4.553743362426758,76.20000457763672,1.394559383392334,4.72392463684082,-76.20000457763672,0.6049313545227051,4.72392463684082,76.20000457763672,0.6049132347106934,4.758209228515625,-76.20000457763672,-0.2021174132823944,4.758209228515625,76.20000457763672,-0.2021355926990509,4.655607223510742,-76.20000457763672,-1.0033509731292725,4.655607223510742,76.20000457763672,-1.0033690929412842,4.419071197509766,-76.20000457763672,-1.7757201194763184,4.419071197509766,76.20000457763672,-1.77573823928833,4.05540657043457,-76.20000457763672,-2.497004508972168,4.05540657043457,76.20000457763672,-2.4970226287841797,3.575076103210449,-76.20000457763672,-3.146454334259033,3.575076103210449,76.20000457763672,-3.146472454071045,2.991896629333496,-76.20000457763672,-3.7053866386413574,2.991896629333496,76.20000457763672,-3.705404758453369,2.3226466178894043,-76.20000457763672,-4.157721042633057,2.3226466178894043,76.20000457763672,-4.157739162445068,1.5865774154663086,-76.20000457763672,-4.490445137023926,1.5865774154663086,76.20000457763672,-4.4904632568359375,0.8048653602600098,-76.20000457763672,-4.693986892700195,0.8048653602600098,76.20000457763672,-4.694005012512207,-4.76837158203125e-07,-76.20000457763672,-4.762491226196289,-4.76837158203125e-07,76.20000457763672,-4.762509346008301,-0.8048667907714844,-76.20000457763672,-4.693986892700195,-0.8048667907714844,76.20000457763672,-4.694005012512207,-1.5865790843963623,-76.20000457763672,-4.490445137023926,-1.5865790843963623,76.20000457763672,-4.4904632568359375,-2.322648048400879,-76.20000457763672,-4.157721042633057,-2.322648048400879,76.20000457763672,-4.157739162445068,-2.991898536682129,-76.20000457763672,-3.7053866386413574,-2.991898536682129,76.20000457763672,-3.705404758453369,-3.575077533721924,-76.20000457763672,-3.146454334259033,-3.575077533721924,76.20000457763672,-3.146472454071045,-4.055408000946045,-76.20000457763672,-2.497004508972168,-4.055408000946045,76.20000457763672,-2.4970226287841797,-4.419072151184082,-76.20000457763672,-1.7757201194763184,-4.419072151184082,76.20000457763672,-1.77573823928833,-4.6556077003479,-76.20000457763672,-1.0033509731292725,-4.6556077003479,76.20000457763672,-1.0033690929412842,-4.758209705352783,-76.20000457763672,-0.2021174132823944,-4.758209705352783,76.20000457763672,-0.2021355926990509,-4.723926544189453,-76.20000457763672,0.6049313545227051,-4.723926544189453,76.20000457763672,0.6049132347106934,-4.553744792938232,-76.20000457763672,1.3945775032043457,-4.553744792938232,76.20000457763672,1.394559383392334,-4.252560138702393,-76.20000457763672,2.14410400390625,-4.252560138702393,76.20000457763672,2.1440858840942383,-3.8290371894836426,-76.20000457763672,2.831949234008789,-3.8290371894836426,76.20000457763672,2.8319311141967773,-3.2953596115112305,-76.20000457763672,3.4383249282836914,-3.2953596115112305,76.20000457763672,3.4383068084716797,-2.6668806076049805,-76.20000457763672,3.945786476135254,-2.6668806076049805,76.20000457763672,3.945768356323242,-1.9616804122924805,-76.20000457763672,4.339734077453613,-1.9616804122924805,76.20000457763672,4.339715957641602,-1.2000460624694824,-76.20000457763672,4.608837127685547,-1.2000460624694824,76.20000457763672,4.608819007873535,-0.4038887023925781,76.20000457763672,4.745333671569824,-0.8048667907714844,-76.20000457763672,-4.693986892700195,-4.76837158203125e-07,-76.20000457763672,-4.762491226196289,-4.252560138702393,-76.20000457763672,2.14410400390625,0.4038872718811035,-76.20000457763672,4.745351791381836,-0.4038887023925781,-76.20000457763672,4.745351791381836,-1.2000460624694824,-76.20000457763672,4.608837127685547,-1.9616804122924805,-76.20000457763672,4.339734077453613,-2.6668806076049805,-76.20000457763672,3.945786476135254,3.2953577041625977,-76.20000457763672,3.4383249282836914,2.666879177093506,-76.20000457763672,3.945786476135254,-3.2953596115112305,-76.20000457763672,3.4383249282836914,-3.8290371894836426,-76.20000457763672,2.831949234008789,4.72392463684082,-76.20000457763672,0.6049313545227051,4.553743362426758,-76.20000457763672,1.3945775032043457,1.9616789817810059,-76.20000457763672,4.339734077453613,1.2000446319580078,-76.20000457763672,4.608837127685547,-4.055408000946045,-76.20000457763672,-2.497004508972168,-4.553744792938232,-76.20000457763672,1.3945775032043457,-4.723926544189453,-76.20000457763672,0.6049313545227051,4.758209228515625,-76.20000457763672,-0.2021174132823944,0.8048653602600098,-76.20000457763672,-4.693986892700195,1.5865774154663086,-76.20000457763672,-4.490445137023926,2.3226466178894043,-76.20000457763672,-4.157721042633057,2.991896629333496,-76.20000457763672,-3.7053866386413574,3.575076103210449,-76.20000457763672,-3.146454334259033,4.05540657043457,-76.20000457763672,-2.497004508972168,4.419071197509766,-76.20000457763672,-1.7757201194763184,4.655607223510742,-76.20000457763672,-1.0033509731292725,4.252558708190918,-76.20000457763672,2.14410400390625,3.829035758972168,-76.20000457763672,2.831949234008789,-3.575077533721924,-76.20000457763672,-3.146454334259033,-2.991898536682129,-76.20000457763672,-3.7053866386413574,-4.758209705352783,-76.20000457763672,-0.2021174132823944,-4.6556077003479,-76.20000457763672,-1.0033509731292725,-4.419072151184082,-76.20000457763672,-1.7757201194763184,-2.322648048400879,-76.20000457763672,-4.157721042633057,-1.5865790843963623,-76.20000457763672,-4.490445137023926],
    "metadata": {
        "type": "Geometry",
        "faces": 107,
        "vertices": 111,
        "version": 3,
        "uvs": 0,