{
    "metadata": {
        "type": "Geometry",
        "uvs": 0,
        "materials": 1,
        "faces": 107,
        "vertices": 74,
        "version": 3,
        "generator": "io_three"
    },
    "name": "ROB-12189Geometry",
    "materials": [{
        "colorAmbient": [0.800000011920929,0.800000011920929,0.800000011920929],
        "blending": "NormalBlending",
        "colorEmissive": [0.0,0.0,0.0],
        "depthWrite": true,
        "shading": "phong",
        "specularCoef": 100,
        "DbgColor": 15658734,
        "transparent": false,
        "colorSpecular": [0.45098042488098145,0.45098042488098145,0.45098042488098145],
        "wireframe": false,
        "opacity": 0.0,
        "DbgIndex": 0,
        "visible": true,
        "DbgName": "Material",
        "colorDiffuse": [0.800000011920929,0.800000011920929,0.800000011920929],
        "depthTest": true
    }],
    "uvs": [],
    "faces": [3,5,6,4,3,0,3,11,12,10,9,0,3,61,62,60,59,0,3,31,32,30,29,0,3,41,42,40,39,0,3,49,50,48,47,0,3,39,40,38,37,0,3,71,72,70,69,0,3,67,68,66,65,0,3,43,44,42,41,0,3,37,38,36,35,0,3,59,60,58,57,0,3,27,28,26,25,0,3,13,14,12,11,0,3,17,18,16,15,0,3,57,58,56,55,0,3,47,48,46,45,0,3,45,46,44,43,0,3,21,22,20,19,0,3,25,26,24,23,0,3,23,24,22,21,0,3,9,10,8,7,0,3,7,8,6,5,0,3,51,52,50,49,0,3,63,64,62,61,0,3,2,0,73,1,0,3,29,30,28,27,0,3,19,20,18,17,0,3,69,70,68,67,0,3,0,2,3,4,0,2,27,31,29,0,2,35,33,31,0,2,39,37,35,0,2,43,41,39,0,2,47,45,43,0,2,51,49,47,0,2,55,53,51,0,2,59,57,55,0,2,63,61,59,0,2,67,65,63,0,2,71,69,67,0,2,2,1,71,0,2,5,3,2,0,2,9,7,5,0,2,13,11,9,0,2,17,15,13,0,2,21,19,17,0,2,25,23,21,0,2,27,25,31,0,2,39,35,31,0,2,47,43,39,0,2,55,51,47,0,2,63,59,55,0,2,71,67,63,0,2,5,2,71,0,2,13,9,5,0,2,21,17,13,0,2,25,21,31,0,2,47,39,31,0,2,63,55,47,0,2,5,71,63,0,2,21,13,5,0,2,21,47,31,0,2,5,63,47,0,2,21,5,47,0,3,65,66,64,63,0,3,53,54,52,51,0,3,55,56,54,53,0,3,35,36,34,33,0,3,33,34,32,31,0,3,1,73,72,71,0,2,16,12,14,0,2,8,10,12,0,2,4,6,8,0,2,73,0,4,0,2,70,72,73,0,2,66,68,70,0,2,62,64,66,0,2,58,60,62,0,2,54,56,58,0,2,50,52,54,0,2,46,48,50,0,2,42,44,46,0,2,38,40,42,0,2,34,36,38,0,2,30,32,34,0,2,26,28,30,0,2,22,24,26,0,2,18,20,22,0,2,16,18,12,0,2,4,8,12,0,2,70,73,4,0,2,62,66,70,0,2,54,58,62,0,2,46,50,54,0,2,38,42,46,0,2,30,34,38,0,2,22,26,30,0,2,18,22,12,0,2,70,4,12,0,2,54,62,70,0,2,38,46,54,0,2,22,30,38,0,2,22,70,12,0,2,38,54,70,0,2,22,38,70,0,3,15,16,14,13,0],
    "vertices": [0.2692587375640869,88.9000015258789,3.1635515689849854,-0.269258975982666,-88.9000015258789,3.1635725498199463,0.2692587375640869,-88.9000015258789,3.1635725498199463,0.8000302314758301,-88.9000015258789,3.0725624561309814,0.8000302314758301,88.9000015258789,3.0725414752960205,1.307785987854004,-88.9000015258789,2.8931610584259033,1.307785987854004,88.9000015258789,2.8931400775909424,1.7779192924499512,-88.9000015258789,2.630528688430786,1.7779192924499512,88.9000015258789,2.630507707595825,2.1969056129455566,-88.9000015258789,2.2922213077545166,2.1969056129455566,88.9000015258789,2.2922003269195557,2.5526905059814453,-88.9000015258789,1.8879708051681519,2.5526905059814453,88.9000015258789,1.8879495859146118,2.8350396156311035,-88.9000015258789,1.4294074773788452,2.8350396156311035,88.9000015258789,1.4293862581253052,3.0358290672302246,-88.9000015258789,0.9297226667404175,3.0358290672302246,88.9000015258789,0.9297014474868774,3.1492834091186523,-88.9000015258789,0.40329205989837646,3.1492834091186523,88.9000015258789,0.4032708406448364,3.1721391677856445,-88.9000015258789,-0.13474024832248688,3.1721391677856445,88.9000015258789,-0.13476143777370453,3.1037378311157227,-88.9000015258789,-0.6688960790634155,3.1037378311157227,88.9000015258789,-0.6689172983169556,2.946047782897949,-88.9000015258789,-1.18380868434906,2.946047782897949,88.9000015258789,-1.1838299036026,2.7036046981811523,-88.9000015258789,-1.6646649837493896,2.7036046981811523,88.9000015258789,-1.6646862030029297,2.3833842277526855,-88.9000015258789,-2.0976319313049316,2.3833842277526855,88.9000015258789,-2.0976529121398926,1.994598388671875,-88.9000015258789,-2.4702529907226562,1.994598388671875,88.9000015258789,-2.470273971557617,1.548431396484375,-88.9000015258789,-2.7718091011047363,1.548431396484375,88.9000015258789,-2.7718300819396973,1.057718276977539,-88.9000015258789,-2.9936254024505615,1.057718276977539,88.9000015258789,-2.9936463832855225,0.5365772247314453,-88.9000015258789,-3.129319906234741,0.5365772247314453,88.9000015258789,-3.129340887069702,-2.384185791015625e-07,-88.9000015258789,-3.1749894618988037,-2.384185791015625e-07,88.9000015258789,-3.1750104427337646,-0.5365777015686035,-88.9000015258789,-3.129319906234741,-0.5365777015686035,88.9000015258789,-3.129340887069702,-1.0577189922332764,-88.9000015258789,-2.9936254024505615,-1.0577189922332764,88.9000015258789,-2.9936463832855225,-1.548431634902954,-88.9000015258789,-2.7718091011047363,-1.548431634902954,88.9000015258789,-2.7718300819396973,-1.994598627090454,-88.9000015258789,-2.4702529907226562,-1.994598627090454,88.9000015258789,-2.470273971557617,-2.3833847045898438,-88.9000015258789,-2.0976319313049316,-2.3833847045898438,88.9000015258789,-2.0976529121398926,-2.7036051750183105,-88.9000015258789,-1.6646649837493896,-2.7036051750183105,88.9000015258789,-1.6646862030029297,-2.946047782897949,-88.9000015258789,-1.18380868434906,-2.946047782897949,88.9000015258789,-1.1838299036026,-3.1037380695343018,-88.9000015258789,-0.6688960790634155,-3.1037380695343018,88.9000015258789,-0.6689172983169556,-3.1721394062042236,-88.9000015258789,-0.13474024832248688,-3.1721394062042236,88.9000015258789,-0.13476143777370453,-3.1492841243743896,-88.9000015258789,0.40329205989837646,-3.1492841243743896,88.9000015258789,0.4032708406448364,-3.035829544067383,-88.9000015258789,0.9297226667404175,-3.035829544067383,88.9000015258789,0.9297014474868774,-2.8350396156311035,-88.9000015258789,1.4294074773788452,-2.8350396156311035,88.9000015258789,1.4293862581253052,-2.5526912212371826,-88.9000015258789,1.8879708051681519,-2.5526912212371826,88.9000015258789,1.8879495859146118,-2.196906089782715,-88.9000015258789,2.2922213077545166,-2.196906089782715,88.9000015258789,2.2922003269195557,-1.777920126914978,-88.9000015258789,2.630528688430786,-1.777920126914978,88.9000015258789,2.630507707595825,-1.3077867031097412,-88.9000015258789,2.8931610584259033,-1.3077867031097412,88.9000015258789,2.8931400775909424,-0.8000304698944092,-88.9000015258789,3.0725624561309814,-0.8000304698944092,88.9000015258789,3.0725414752960205,-0.269258975982666,88.9000015258789,3.1635515689849854]
}