{
    "uvs": [[1.000000238418579,0.4494380056858063,1.000000238418579,0.4719099998474121,0.08888912200927734,0.4719099998474121,0.08888912200927734,0.4494380056858063,-420.0,0.0,-400.0,0.0,-400.0,62.99209976196289,-420.0,62.99209976196289,0.08888889849185944,0.4719099998474121,0.08888889849185944,0.4494380056858063,1.0,0.4494380056858063,1.0,0.4719099998474121,80.0,0.0,900.0,0.0,900.0,62.99209976196289,80.0,62.99209976196289,420.0,62.99209976196289,400.0,62.99209976196289,400.0,0.0,420.0,0.0,-80.0,62.99209976196289,-900.0,62.99209976196289,-900.0,0.0,-80.0,0.0]],
    "faces": [11,0,1,2,3,2,0,1,2,3,11,1,0,4,5,0,4,5,6,7,11,5,4,6,7,1,8,9,10,11,11,0,3,6,4,0,12,13,14,15,11,7,6,3,2,0,16,17,18,19,11,5,7,2,1,0,20,21,22,23],
    "name": "Mesh1 pcbgroup ModelGeometry",
    "materials": [{
        "transparent": false,
        "colorDiffuse": [0.4768623899945972,0.01254879999978542,0.08784319889311787],
        "opacity": 0.0,
        "shading": "phong",
        "depthTest": true,
        "depthWrite": true,
        "wireframe": false,
        "specularCoef": 50,
        "visible": true,
        "colorSpecular": [0.16500000655651093,0.16500000655651093,0.16500000655651093],
        "DbgName": "mat_board",
        "colorEmissive": [0.0,0.0,0.0],
        "DbgIndex": 0,
        "DbgColor": 15658734,
        "colorAmbient": [0.4768623899945972,0.01254879999978542,0.08784319889311787],
        "blending": "NormalBlending"
    },{
        "transparent": false,
        "colorDiffuse": [0.5239215928900478,0.191372802725029,0.24470560915329465],
        "opacity": 0.0,
        "shading": "phong",
        "depthTest": true,
        "depthWrite": true,
        "wireframe": false,
        "specularCoef": 50,
        "mapDiffuseAnisotropy": 1.0,
        "visible": true,
        "colorSpecular": [0.16500000655651093,0.16500000655651093,0.16500000655651093],
        "mapDiffuseWrap": ["RepeatWrapping","RepeatWrapping"],
        "mapDiffuseRepeat": [1,1],
        "mapDiffuse": "SparkFun_SOIC8_DIP_Adapter_top_board.png",
        "DbgName": "SparkFun_SOIC8_DIP_Adapter_top_board",
        "colorEmissive": [0.0,0.0,0.0],
        "DbgIndex": 1,
        "DbgColor": 15597568,
        "colorAmbient": [0.5239215928900478,0.191372802725029,0.24470560915329465],
        "blending": "NormalBlending"
    },{
        "transparent": false,
        "colorDiffuse": [0.5364704212020399,0.14431359982957837,0.2070591957428931],
        "opacity": 0.0,
        "shading": "phong",
        "depthTest": true,
        "depthWrite": true,
        "wireframe": false,
        "specularCoef": 50,
        "mapDiffuseAnisotropy": 1.0,
        "visible": true,
        "colorSpecular": [0.16500000655651093,0.16500000655651093,0.16500000655651093],
        "mapDiffuseWrap": ["RepeatWrapping","RepeatWrapping"],
        "mapDiffuseRepeat": [1,1],
        "mapDiffuse": "SparkFun_SOIC8_DIP_Adapter_bottom_board.png",
        "DbgName": "SparkFun_SOIC8_DIP_Adapter_bottom_board",
        "colorEmissive": [0.0,0.0,0.0],
        "DbgIndex": 2,
        "DbgColor": 60928,
        "colorAmbient": [0.5364704212020399,0.14431359982957837,0.2070591957428931],
        "blending": "NormalBlending"
    }],
    "vertices": [0.0,-0.7999988198280334,-10.15999984741211,0.0,-0.7999987602233887,-10.668000221252441,20.827999114990234,-0.7999987602233887,-10.668000221252441,20.827999114990234,-0.7999988198280334,-10.15999984741211,0.0,0.8000012040138245,-10.15999984741211,0.0,0.8000012636184692,-10.668000221252441,20.827999114990234,0.8000012040138245,-10.15999984741211,20.827999114990234,0.8000012636184692,-10.668000221252441],
    "metadata": {
        "uvs": 1,
        "faces": 6,
        "type": "Geometry",
        "materials": 3,
        "vertices": 8,
        "version": 3,
        "generator": "io_three"
    }
}