{
    "uvs": [[0.08888889849185944,0.4719099998474121,0.08888889849185944,0.4494380056858063,1.0,0.4494380056858063,1.0,0.4719099998474121,-400.0,62.99209976196289,-420.0,62.99209976196289,-420.0,0.0,-400.0,0.0,-80.0,62.99209976196289,-900.0,62.99209976196289,-900.0,0.0,-80.0,0.0,420.0,62.99209976196289,400.0,62.99209976196289,400.0,0.0,420.0,0.0,900.0,62.99209976196289,80.0,62.99209976196289,80.0,0.0,900.0,0.0,1.000000238418579,0.4494380056858063,1.000000238418579,0.4719099998474121,0.08888912200927734,0.4719099998474121,0.08888912200927734,0.4494380056858063]],
    "name": "Mesh1 pcbgroup ModelGeometry",
    "metadata": {
        "uvs": 1,
        "generator": "io_three",
        "vertices": 8,
        "materials": 3,
        "faces": 6,
        "version": 3,
        "type": "Geometry"
    },
    "materials": [{
        "colorAmbient": [0.5364704212020399,0.14431359982957837,0.2070591957428931],
        "mapDiffuse": "SparkFun_SOIC8_DIP_Adapter_bottom_board.png",
        "colorSpecular": [0.16500000655651093,0.16500000655651093,0.16500000655651093],
        "blending": "NormalBlending",
        "mapDiffuseAnisotropy": 1.0,
        "mapDiffuseRepeat": [1,1],
        "colorDiffuse": [0.5364704212020399,0.14431359982957837,0.2070591957428931],
        "mapDiffuseWrap": ["RepeatWrapping","RepeatWrapping"],
        "DbgName": "SparkFun_SOIC8_DIP_Adapter_bottom_board",
        "transparent": false,
        "opacity": 0.0,
        "depthTest": true,
        "specularCoef": 50,
        "wireframe": false,
        "visible": true,
        "DbgIndex": 0,
        "colorEmissive": [0.0,0.0,0.0],
        "depthWrite": true,
        "shading": "phong",
        "DbgColor": 15658734
    },{
        "colorAmbient": [0.4768623899945972,0.01254879999978542,0.08784319889311787],
        "colorSpecular": [0.16500000655651093,0.16500000655651093,0.16500000655651093],
        "blending": "NormalBlending",
        "colorDiffuse": [0.4768623899945972,0.01254879999978542,0.08784319889311787],
        "DbgName": "mat_board",
        "transparent": false,
        "opacity": 0.0,
        "depthTest": true,
        "specularCoef": 50,
        "wireframe": false,
        "visible": true,
        "DbgIndex": 1,
        "colorEmissive": [0.0,0.0,0.0],
        "depthWrite": true,
        "shading": "phong",
        "DbgColor": 15597568
    },{
        "colorAmbient": [0.5270592291214946,0.1976472049600959,0.25097999946743244],
        "mapDiffuse": "SparkFun_SOIC8_DIP_Adapter_top_board.png",
        "colorSpecular": [0.16500000655651093,0.16500000655651093,0.16500000655651093],
        "blending": "NormalBlending",
        "mapDiffuseAnisotropy": 1.0,
        "mapDiffuseRepeat": [1,1],
        "colorDiffuse": [0.5270592291214946,0.1976472049600959,0.25097999946743244],
        "mapDiffuseWrap": ["RepeatWrapping","RepeatWrapping"],
        "DbgName": "SparkFun_SOIC8_DIP_Adapter_top_board",
        "transparent": false,
        "opacity": 0.0,
        "depthTest": true,
        "specularCoef": 50,
        "wireframe": false,
        "visible": true,
        "DbgIndex": 2,
        "colorEmissive": [0.0,0.0,0.0],
        "depthWrite": true,
        "shading": "phong",
        "DbgColor": 60928
    }],
    "faces": [11,0,1,2,3,2,0,1,2,3,11,1,0,4,5,1,4,5,6,7,11,0,3,6,4,1,8,9,10,11,11,3,2,7,6,1,12,13,14,15,11,2,1,5,7,1,16,17,18,19,11,5,4,6,7,0,20,21,22,23],
    "vertices": [0.0,0.8000012636184692,-10.668000221252441,0.0,0.8000012040138245,-10.15999984741211,20.827999114990234,0.8000012040138245,-10.15999984741211,20.827999114990234,0.8000012636184692,-10.668000221252441,0.0,-0.7999987602233887,-10.668000221252441,0.0,-0.7999988198280334,-10.15999984741211,20.827999114990234,-0.7999987602233887,-10.668000221252441,20.827999114990234,-0.7999988198280334,-10.15999984741211]
}